COGS ACCOUNT,,SALES ACCOUNT,,FULFILLMENT ACCOUNT,,COST OF SALES ACCOUNT,
311.2c,COGS - US - Wholesale,210.5b,Sales - US - Wholesale,303.24,Fulfilment - US - Wholesale,312.2a,Cost of Sales - US - Wholesale
311.2f,COGS - US - Walmart,202.3b,Sales - US - Walmart,311.11b,Fulfilment - US - Walmart,312.2b,Cost of Sales - US - Walmart
311.2a,COGS - US - Shopify,200b,Sales - US - Shopify,303.25,Fulfilment - US - Shopify,312.2c,Cost of Sales - US - Shopify
311.2d,COGS - US - Marketplace,202b,Sales - US - Marketplace,303.28,Fulfilment - US - Marketplace,312.2d,Cost of Sales - US - Marketplace
311.2e,COGS - US - Faire,212b,Sales - US - Faire,303.21,Fulfilment - US - Faire,312.2e,Cost of Sales - US - Faire
311.10b,COGS - US - Dropship,203b,Sales - US - Dropship,303.23,Fulfilment - US - Dropship,312.2f,Cost of Sales - US - Dropship
311.9b,COGS - US - Co-Brand/Custom,210.6b,Sales - US - Co-Brand/Custom,303.22,Fulfilment - US - Co-Brand/Custom,312.2g,Cost of Sales - US - Co-Brand/Custom
311.2b,COGS - US - Amazon,201b,Sales - US - Amazon,303.27,Fulfilment - US - Amazon,312.2h,Cost of Sales - US - Amazon
311.1c,COGS - UK - Wholesale,210.5a,Sales - UK - Wholesale,303.34,Fulfilment - UK - Wholesale,312.1a,Cost of Sales - UK - Wholesale
311.1a,COGS - UK - Shopify,200a,Sales - UK - Shopify,303.35,Fulfilment - UK - Shopify,312.1b,Cost of Sales - UK - Shopify
311.1d,COGS - UK - Marketplace,202a,Sales - UK - Marketplace,303.38,Fulfilment - UK - Marketplace,312.1c,Cost of Sales - UK - Marketplace
311.1e,COGS - UK - Faire,212a,Sales - UK - Faire,303.31,Fulfilment - UK - Faire,312.1d,Cost of Sales - UK - Faire
311.10a,COGS - UK - Dropship,203a,Sales - UK - Dropship,303.32,Fulfilment - UK - Dropship,312.1e,Cost of Sales - UK - Dropship
311.9a,COGS - UK - Co-Brand/Custom,210.6a,Sales - UK - Co-Brand/Custom,303.37,Fulfilment - UK - Co-Brand/Custom,312.1f,Cost of Sales - UK - Co-Brand/Custom
311.1b,COGS - UK - Amazon,201a,Sales - UK - Amazon,1000.80,Fulfilment - UK - Amazon,312.1g,Cost of Sales - UK - Amazon
311.10d,COGS - ROTW - Dropship,202e,Sales - ROTW - Dropship,303.44,Fulfilment - ROTW - Dropship,312.3a,Cost of Sales - ROTW - Dropship
311.9e,COGS - ROTW - Co-Brand/Custom,210.6e,Sales - ROTW - Co-Brand/Custom,1000.76c,Fulfilment - ROTW - Co-Brand/Custom,312.3b,Cost of Sales - ROTW - Co-Brand/Custom
311.3f,COGS - IT - Amazon,201g,Sales - IT - Amazon,1000.78,Fulfilment - IT - Amazon,312.4a,Cost of Sales - IT - Amazon
311.5c,COGS - International Distributors,210.7z,Sales - International Distributors,303.9,Fulfilment - International Distributors,312.3c,Cost of Sales - International Distributors
311.3b,COGS - FR - Wholesale,210.5f,Sales - FR - Wholesale,1000.73b,Fulfilment - FR - Wholesale,312.4b,Cost of Sales - FR - Wholesale
311.3g,COGS - FR - Amazon,201f,Sales - FR - Amazon,1000.81,Fulfilment - FR - Amazon,312.4c,Cost of Sales - FR - Amazon
311.5d,COGS - EU - Zalando,202.3c,Sales - EU - Zalando,311.11a,Fulfilment - EU - Zalando,312.4d,Cost of Sales - EU - Zalando
311.3c,"COGS - EU - Wholesale (excl. DE, FR, Dist)",210.5d,"Sales - EU - Wholesale (excl. DE, FR, Dist)",1000.76,"Fulfilment - EU - Wholesale (excl. DE, FR, Dist)",312.4e,"Cost of Sales - EU - Wholesale (excl. DE, FR, Dist)"
311.3a,COGS - EU - Shopify,200d,Sales - EU - Shopify,1000.71,Fulfilment - EU - Shopify,312.4f,Cost of Sales - EU - Shopify
311.10c,COGS - EU - Dropship,203d,Sales - EU - Dropship,1000.76a,Fulfilment - EU - Dropship,312.4g,Cost of Sales - EU - Dropship
311.9d,COGS - EU - Co-Brand/Custom,210.6d,Sales - EU - Co-Brand/Custom,1000.76b,Fulfilment - EU - Co-Brand/Custom,312.4h,Cost of Sales - EU - Co-Brand/Custom
311.3h,COGS - ES - Amazon,201h,Sales - ES - Amazon,1000.82,Fulfilment - ES - Amazon,312.4i,Cost of Sales - ES - Amazon
311.3d,COGS - DE - Wholesale,210.5e,Sales - DE - Wholesale,1000.73a,Fulfilment - DE - Wholesale,312.4j,Cost of Sales - DE - Wholesale
311.3e,COGS - DE - Amazon,201e,Sales - DE - Amazon,1000.79,Fulfilment - DE - Amazon,312.4k,Cost of Sales - DE - Amazon
311.4c,COGS - CA - Wholesale,210.5c,Sales - CA - Wholesale,303.46,Fulfilment - CA - Wholesale,312.5a,Cost of Sales - CA - Wholesale
311.4a,COGS - CA - Shopify,200c,Sales - CA - Shopify,303.42,Fulfilment - CA - Shopify,312.5b,Cost of Sales - CA - Shopify
311.9c,COGS - CA - Co-Brand/Custom,210.6c,Sales - CA - Co-Brand/Custom,,,312.5c,Cost of Sales - CA - Co-Brand/Custom
311.4b,COGS - CA - Amazon,201c,Sales - CA - Amazon,303.41,Fulfilment - CA - Amazon,312.5d,Cost of Sales - CA - Amazon
1000.44,SPEND - WHOLESALE (CONSULTING / OTHER),,,1000.44,SPEND - WHOLESALE (CONSULTING / OTHER),,
1000.47,SPEND - MARKETING (OTHER) (EXCL AD SPEND),,,1000.47,SPEND - MARKETING (OTHER) (EXCL AD SPEND),,
1000.61,"Spend - Photo, Video & Media Creation (Shoots)",,,1000.61,"Spend - Photo, Video & Media Creation (Shoots)",,
311.5g,COGS - International Distributors (Co Brand),210.7y,Sales - International Distributors (Co Brand),,,312.3d,Cost of Sales - International Distributors (Co Brand)
311.7c,COGS - Charitable or Giveaways,,,311.7c,COGS - Charitable or Giveaways,,
,,,,,,,
AU XERO,,,,,,,
401.3,COGS - AU - Shopify,200e,Sales - Shopify AU,427,Fulfilment - AU - Shopify,405.1,Shopify Fees - AU
401.4,COGS - AU - Amazon,201e,Sales - Amazon - AU,427.1,Fulfilment - AU - Amazon,311,Seller's Fees - Amazon (AU)
401.5,COGS - AU - Wholesale & Distributor,210e,Sales - Wholesale - AU,427.2,Fulfilment - AU - Wholesale,,
401.9,COGS - AU - Other,200z,Sales - Shopify - ROW,427.3,Fulfilment - AU - Other/ROW,,