PO,Supplier,Status,progress,ship_status,Start date,End date,prod_end_src,Ship date,ship_src,Delivery date,delivery_src,Completion date,delivery_master_po,end_override,ship_override,delivery_override,is_master,flexport_reference,flex_id,Value (est),value_from_lines,final_invoice,is_final,Value,start_pct,completion_pct,balance_pct,start_dep,completion,balance_owing,credit_amount,start_calc,start_assigned,Deposit paid date,completion_calc,completion_assigned,Completion payment date,balance_1_amount,balance_1_date,balance_2_amount,balance_2_date,catch_up,deposit_avail,deposit_fx,notes,start_due,completion_due,balance_due,final_payment_due,credit_days,credit_type,Deposit ref,shipment,ship_mode,ship_carrier,ship_carrier_ref,client,client_requirements,sales_order_ref,client_po_ref,client_deadline,asn_numbers,supplier_confirmed,supplier_confirmed_by,approved_lines,dispatch_order_ref,final_delivery_address,crossdock_skus,dtc_custom,dtc_key_account,forwarder_name,forwarder_email,forwarder_phone,pack_polybags,pack_polybags_notes,pack_dnb_barcodes,pack_dnb_barcodes_notes,pack_rfid_barcodes,pack_rfid_barcodes_notes,pack_dnb_carton,pack_dnb_carton_notes,pack_client_carton,pack_client_carton_notes,pack_pallet_notes,pack_other_notes,dtc_accepted_at,dtc_accepted_by,Ship to,country_src,country_override,Branch,erp,Production #,Batch,require_confirmation,starred,erp_pending,erp_in,erp_total,erp_final_delivery,erp_po_id,erp_present,erp_date_pending,production_status,prod_confirmed_age,is_late,unassigned_shipment,payment_overdue,is_production,Pallets,likely_start,likely_completion,likely_balance_1,likely_balance_2,sup_invoice_pending,sup_completion_pending,unread_notes,orderplan_unconfirmed,container_size,est_freight,freight_src,flex_quote,sea_tiers,est_duty,est_tax,tax_pct,landed_total
PO-1579063,XR Textile,PRODUCTION,in_progress,Planned,2025-12-08,2026-07-10,M,2026-07-17,calc,2026-11-06,S,2026-11-06,,2026-07-10,,2026-09-03,false,,,0.00,false,,false,0.00,0,0,100,44.00,,,0.00,0.00,44.00,2026-06-20,0,,,,,,,0.00,,,The Paper Store Sample,,,2026-07-17,,60,on_clearance,,PO-1579065,,,,,,,,,,,,,,,,false,false,,,,true,,false,,false,,false,,false,,,,,,AU,branch,,AU Coghlans,,54,53.0825,false,false,0,0,0,2026-12-01,FF-10001,true,1,,,false,false,false,true,,,,,,,,0,0,,,,,"[object Object],[object Object],[object Object]",0.00,0.00,10,0.00
PO-1631902,XR Textile,PRODUCTION,in_progress,Completed,2026-03-01,2026-04-25,M,2026-04-10,S,2026-04-10,S,2026-04-17,PO-1621139,2026-04-25,,2026-04-06,false,FOB,,7559.300,true,,false,7559.30,30.00,20.00,50.00,2267.79,1511.86,3779.65,0.00,2267.79,,,1511.86,,,,,,,0.00,,,Welcome baby  Sample Order,2026-03-01,2026-04-25,2026-07-01,,60,on_clearance,,PO-1621139,fob,,FOB,New account,"requiremenst solhgfsdlkn fsd
fsfgd vsdf
sd fgjhngfkdfjhgdfg",,,,,,,,,"to the address
london asecaersdf
+345345 sdigfo jodjg",,true,true,,,,false,polyags a no,false,db barcodes now,true,rfid yse,true,,true,wewer note cartons,pallet packing required,other packing labelling reioasief,,,DIRECT,branch,,Direct to Client,,54,54.1125,false,true,20,0,20,,,false,0,,,true,false,true,true,1.4,,,,,,,0,0,,,,,,0.00,0.00,,7559.30
PO-1672805,XR Textile,PRODUCTION,in_progress,,2026-04-17,2026-06-30,M,2026-07-07,calc,2026-07-07,calc,2026-07-14,,2026-06-30,,,false,,,1169.4200,true,,false,1169.42,30.00,20.00,50.00,350.83,233.88,584.71,0.00,350.83,,,233.88,,,,,,,0.00,15913.53,1.34240,Saudi Arabia,2026-04-17,2026-06-30,2026-09-05,,60,on_clearance,P55-UK-XR2,,,,,Anwan Al Afkar Trading,,AAL22467-3,AAL22467-3,,,,,,,,,false,false,,,,true,,true,,false,,true,,false,,,,,,UK,M,UK,Direct to Client,PO-1672805,55,55.0326,false,false,0,21,21,2026-07-08,1672805,true,1,,,true,true,true,true,0.2,,,,,,,0,0,,,,,"[object Object],[object Object],[object Object]",140.33,261.95,20,1571.70
PO-1678113,XR Textile,PRODUCTION,in_progress,,2026-04-24,2026-07-09,M,2026-07-04,S,2026-07-05,S,2026-07-12,,2026-07-09,,,false,,,4278.7000,true,,false,4278.70,30.00,20.00,50.00,1283.61,855.74,2139.35,0.00,1283.61,,,855.74,,,,,,,0.00,33506.23,,"BCDM1 Cartons - Max weight 15kg

Ship to UK ILG",2026-04-24,2026-07-09,2026-09-03,,60,on_clearance,P56-UK-XR1,,,,,NEXT,BCDM1 Cartons - Max weight 15kg. NO RFID LABELS,NEXT23106-11,NEXT23106-11,,,,,,,,,false,false,,,,true,,true,,false,,true,,false,,,,,,OT,M,OT,UK B2B NEXT,PO-1678113,56,56.0526,true,true,0,9,9,2026-07-08,1678113,true,1,,,true,false,true,true,0.6,,,,,,,0,0,,,,,,0.00,0.00,,4278.70
PO-1678119,Lixin,PRODUCTION,in_progress,,2026-04-24,2026-06-30,M,2026-07-07,calc,2026-08-22,S,2026-08-22,,2026-06-30,,,true,,,22771.2000,true,,false,22771.20,30.00,20.00,50.00,6831.36,4554.24,11385.60,0.00,6831.36,,,4554.24,,,,,,,0.00,73646.90,,"BCDM1 Cartons - Max weight 15kg

Ship to UK ILG",2026-04-24,2026-06-30,2026-11-20,,90,on_clearance,P56-UK-LX1,PO-1678119,sea,FLEXPORT,FLEX-4000713,NEXT,BCDM1 Cartons - Max weight 15kg. NO RFID LABELS,NEXT23106-11,NEXT23106-11,,,,,,,,,false,false,,,,true,,true,,false,,true,,false,,,,,,OT,M,OT,UK B2B NEXT,PO-1678119,56,56.0526,true,false,0,32,32,2026-08-28,1678119,true,1,,,false,false,true,true,3.9,,,,,,2026-07-25,0,0,,,,,,0.00,0.00,,22771.20
PO-1678120,Jinma (Merry),PRODUCTION,in_progress,,2026-04-24,2026-06-30,M,2026-07-07,calc,2026-09-05,calc,2026-09-12,,2026-06-30,,,false,,,1375.0000,true,,false,1375.00,0.00,0.00,100.00,0.00,0,1375.00,0.00,0.00,,,0,,,,,,,0.00,,,"BCDM1 Cartons - Max weight 15kg

Ship to UK ILG",,,2026-09-05,,60,on_shipment,,,,,,NEXT,BCDM1 Cartons - Max weight 15kg. NO RFID LABELS,NEXT23106-11,NEXT23106-11,,,,,,,,,false,false,,,,true,,true,,false,,true,,false,,,,,,OT,M,OT,UK B2B NEXT,PO-1678120,56,56.0526,true,false,0,3,3,2026-07-08,1678120,true,1,,,false,false,false,true,0.2,,,,,,,0,0,,,,,,0.00,0.00,,1375.00
PO-1678126,Weireken,PRODUCTION,in_progress,,2026-04-24,2026-06-30,M,2026-07-07,calc,2026-09-05,calc,2026-09-12,,2026-06-30,,,false,,,648.0000,true,,false,648.00,30.00,0,70.00,194.40,0,453.60,0.00,194.40,,,0,,,,,,,0.00,18425.14,1.33517,"Glow Getaway Stock to be sent to Lixin

ONLY XS DRY Bags need BCDM1 Cartons - Max weight 15kg

Ship to UK ILG",2026-04-24,,2026-08-06,,30,on_shipment,P55-UK-WK1,,,,,NEXT,BCDM1 Cartons - Max weight 15kg. NO RFID LABELS,NEXT23106-11,NEXT23106-11,,,,,,,,,false,false,,,,true,,true,,false,,true,,false,,,,,,OT,M,OT,UK B2B NEXT,PO-1678126,55,55.041,false,false,0,2,2,2026-07-08,1678126,true,1,,,false,false,false,true,0.0,,,,,,,0,0,,,,,,0.00,0.00,,648.00
PO-1683068,XR Textile,PRODUCTION,in_progress,,2026-04-28,2026-06-30,M,2026-07-07,calc,2026-07-07,calc,2026-07-14,,2026-06-30,,,false,,,2441.8800,true,,false,2441.88,30.00,20.00,50.00,732.56,488.38,1220.94,0.00,732.56,,,488.38,,,,,,,0.00,33506.23,,"PO-1683068A Crossdock PO for Geneva. 

Inner of 6 units. 7 inner cartons per master carton. 

Labels on inner & master cartons.",2026-04-28,2026-06-30,2026-09-05,,60,on_clearance,P56-UK-XR1,,,,,The Container Store,Inner of 6 units. 7 inner cartons per master carton. Labels on inner & master cartons.,CSTO28622-2,10029167102,,,,,,,,"CROSSDOCK-2, CROSSDOCK-5",false,false,,,,true,,true,,false,,true,,false,,,,,,UK,M,UK,Direct to Client,PO-1683068,56,56.0526,true,false,0,1,1,2026-07-09,1683068,true,1,,,true,true,true,true,0.4,,,,,,,0,0,,,,,"[object Object],[object Object],[object Object]",293.03,546.98,20,3281.89
PO-1683100,XR Textile,PRODUCTION,in_progress,,2026-04-28,2026-06-30,M,2026-07-07,calc,2026-07-07,calc,2026-07-14,,2026-06-30,,,false,,,1292.7600,true,,false,1292.76,30.00,20.00,50.00,387.83,258.55,646.38,0.00,387.83,,,258.55,,,,,,,0.00,33506.23,,"PO-1683100A Crossdock PO for Geneva. 

Inner of 6 units. 7 inner cartons per master carton. 

Labels on inner & master cartons.",2026-04-28,2026-06-30,2026-09-05,,60,on_clearance,P56-UK-XR1,,,,,The Container Store,Inner of 6 units. 7 inner cartons per master carton. Labels on inner & master cartons.,CSTO28622-1,10029167101,,,2026-06-30,preview (acting as XR Textile),,,,CROSSDOCK-1,false,false,,,,true,this and that,true,,false,,true,,false,,normal pallet label;s,,2026-06-30 10:09,D&B (preview),US,M,US,Direct to Client,PO-1683100,56,56.0526,true,false,0,1,1,2026-07-09,1683100,true,1,in_production,24,true,true,true,true,0.2,,,,,,,1,0,,,,,"[object Object],[object Object],[object Object]",116.35,0.00,0,1409.11
PO-1693118,Lixin,PRODUCTION,in_progress,,2026-05-07,2026-06-30,M,2026-07-07,calc,2026-07-07,calc,2026-07-14,,2026-06-30,,,true,,,19111.8000,true,19207.20,true,19207.20,30.00,20.00,50.00,3841.44,5762.16,9603.60,0.00,5762.16,3841.44,2026-06-24,5762.16,5762.16,2026-07-01,,,,,1920.72,20083.72,,Use old TOWLB-CAB-LG-LTPNK-R colour. Until - Ship mid June,2026-05-07,2026-06-30,2026-08-07,2026-08-07,90,on_clearance,P56-AU-LX1,PO-1693118,fob,,FOB,Until,"COO, Inner cartons of 6 units.",UDIS17187-31,PO1903,,,2026-07-11,preview (acting as Lixin),[object Object],,,"CROSSDOCK-6, CROSSDOCK-19",false,false,,,,true,,true,,false,,true,,false,,,,2026-07-11 19:13,D&B (preview),UK,M,UK,Direct to Client,PO-1693118,56,56.0526,true,false,2,5,7,2026-06-21,1693118,true,1,in_production,13,true,true,false,true,4.0,,,,,,2026-08-29,0,0,,,,,"[object Object],[object Object],[object Object]",2258.78,4293.20,20,25759.18
PO-1697839,XR Textile,PRODUCTION,in_progress,,2026-05-11,2026-06-30,M,2026-07-07,calc,2026-07-07,calc,2026-07-14,,2026-06-30,,,true,,,7904.0000,true,7904.00,true,7904.00,30.00,20.00,50.00,1580.80,2371.20,3952.00,0.00,2371.20,1580.80,2026-06-23,2371.20,2371.20,,,,,,790.40,8064.08,,Until - Ship mid June,2026-05-11,2026-06-30,2026-08-23,2026-08-23,60,on_clearance,P56-AU-XR1,PO-1697839,fob,,FOB,Until,"COO, Inner cartons of 6 units.",UDIS17187-31,PO1903,,,,,,,,,false,false,,,,true,,true,,false,,true,,false,,,,,,OT,M,OT,Direct to Client,PO-1697839,56,56.0526,true,false,0,2,2,2026-06-23,1697839,true,1,,,true,false,false,true,1.3,,,,,,,0,0,,,,,,0.00,0.00,,7904.00
PO-1700649,Lixin,PRODUCTION,in_progress,Planned,2026-05-13,2026-06-27,M,2026-07-07,S,2026-08-22,S,2026-08-22,PO-1678119,2026-06-27,,,false,,,21913.4800,true,,false,21913.48,30.00,20.00,50.00,6574.04,4382.70,10956.74,0.00,6574.04,,,4382.70,,,,,,,0.00,73646.90,,"BCDM1 Cartons - Max weight 15kg

Product labels required (RFID)

Ship to UK ILG",2026-05-13,2026-06-27,2026-11-20,,90,on_clearance,P56-UK-LX1,PO-1678119,sea,FLEXPORT,FLEX-4000713,NEXT,BCDM1 Cartons - Max weight 15kg. NO RFID LABELS,NEXT23106-14,NEXT23106-14,,,,,,,,,false,false,,,,true,,true,,false,,true,,false,,,,,,OT,M,OT,UK B2B NEXT,PO-1700649,56,56.0526,true,false,0,12,12,2026-08-28,1700649,true,1,,,false,false,true,true,2.9,,,,,,,0,0,,,,,,0.00,0.00,,21913.48
PO-1700657,XR Textile,PRODUCTION,in_progress,Completed,2026-05-13,2026-06-03,M,2026-07-04,S,2026-07-05,S,2026-07-12,PO-1678113,2026-06-03,,,false,,,2564.3000,true,4555.00,true,4555.00,30.00,20.00,50.00,1366.50,911.00,2277.50,0.00,1366.50,,,911.00,911.00,2026-07-24,,,,,0.00,8686.66,,"BCDM1 Cartons - Max weight 15kg

Product labels required (RFID)

Ship to UK ILG",2026-05-13,2026-06-03,2026-07-15,2026-07-15,60,on_clearance,P56-UK-XR2,PO-1678113,,,,NEXT,BCDM1 Cartons - Max weight 15kg. NO RFID LABELS,NEXT23106-14,NEXT23106-14,,,,,,,,,false,false,,,,true,,true,,false,,true,,false,,,,,,OT,M,OT,UK B2B NEXT,PO-1700657,56,56.0526,true,false,0,2,2,2026-07-08,1700657,true,1,,,true,false,true,true,0.5,,,,,,,0,0,,,,,,0.00,0.00,,4555.00
PO-1700673,Weireken,PRODUCTION,in_progress,Planned,2026-05-14,2026-06-27,M,2026-07-07,S,2026-09-05,S,2026-09-12,PO-1678126,2026-06-27,,,false,,,,false,,false,0.00,0,0,100,0.00,,,0.00,0.00,,,0,,,,,,,0.00,18425.14,1.33517,Glow Getaway Stock to be sent to Lixin,,,2026-07-04,,30,on_shipment,P55-UK-WK1,PO-1678126,,,,NEXT,BCDM1 Cartons - Max weight 15kg. NO RFID LABELS,NEXT23106-14,NEXT23106-14,,,,,,,,,false,false,,,,true,,true,,false,,true,,false,,,,,,OT,M,OT,UK B2B NEXT,PO-1700673,55,55.041,false,false,0,0,0,2026-07-08,1700673,true,1,,,false,false,false,true,,,,,,,,0,0,,,,,,0.00,0.00,,0.00
PO-1701758,XR Textile,PRODUCTION,in_progress,,2026-05-13,2026-06-27,M,2026-07-04,calc,2026-07-04,calc,2026-07-11,,2026-06-27,,,true,,,681.0000,true,,false,681.00,30.00,20.00,50.00,204.30,136.20,340.50,0.00,204.30,,,136.20,,,,,,,0.00,8686.66,,MMD,2026-05-13,2026-06-27,2026-09-02,,60,on_clearance,P56-UK-XR2,PO-1701758,fob,,FOB,Make My Day,COO,MMY11502-17,MMY11502-17,,,,,,,,,false,false,,,,true,,true,,false,,true,,false,,,,,,OT,M,OT,Direct to Client,PO-1701758,56,56.0526,true,false,0,4,4,2026-07-07,1701758,true,1,,,true,false,true,true,0.1,,,,,,,0,0,,,,,,0.00,0.00,,681.00
PO-1701759,Lixin,PRODUCTION,in_progress,,2026-05-13,2026-06-27,M,2026-07-04,calc,2026-07-04,calc,2026-07-11,,2026-06-27,,,true,,,2304.2000,true,,false,2304.20,30.00,20.00,50.00,691.26,460.84,1152.10,0.00,691.26,,,460.84,,,,,,,0.00,73646.90,,MMD,2026-05-13,2026-06-27,2026-10-02,,90,on_clearance,P56-UK-LX1,PO-1701759,fob,,FOB,Make My Day,COO,MMY11502-17,MMY11502-17,,,,,,,,,false,false,,,,true,,true,,false,,true,,false,,,,,,OT,M,OT,Direct to Client,PO-1701759,56,56.0526,true,false,0,10,10,2026-07-07,1701759,true,1,,,true,false,true,true,0.5,,,,,,,0,0,,,,,,0.00,0.00,,2304.20
PO-1712945,XR Textile,PRODUCTION,in_progress,Planned,2026-05-22,2026-07-01,M,2026-07-08,calc,2026-07-08,calc,2026-07-15,,2026-07-01,,,true,,,2208.8000,true,,false,2208.80,30.00,20.00,50.00,662.64,441.76,1104.40,0.00,662.64,,,441.76,,,,,,,0.00,8686.66,,Estibol,2026-05-22,2026-07-01,2026-09-06,,60,on_clearance,P56-UK-XR2,PO-1712945,fob,,,Estibol,,DB00536-12,DB00536-12,,,,,,,,,false,false,,,,true,,true,,false,,true,,false,,,,,,OT,M,OT,Direct to Client,PO-1712945,56,56.0526,true,false,1,7,8,2026-07-11,1712945,true,1,,,true,false,true,true,0.4,,,,,,,0,0,,,,,,0.00,0.00,,2208.80
PO-1712946,Lixin,PRODUCTION,in_progress,,2026-05-22,2026-07-01,M,2026-07-08,calc,2026-07-08,calc,2026-07-15,,2026-07-01,,,false,,,5501.2000,true,,false,5501.20,30.00,20.00,50.00,1650.36,1100.24,2750.60,0.00,1650.36,,,1100.24,,,,,,,0.00,73646.90,,Estibol,2026-05-22,2026-07-01,2026-10-06,,90,on_clearance,P56-UK-LX1,,,,,Estibol,,DB00536-12,DB00536-12,,,,,,,,,false,false,,,,true,,true,,false,,true,,false,,,,,,OT,M,OT,Direct to Client,PO-1712946,56,56.0526,true,false,0,14,14,2026-07-11,1712946,true,1,,,true,false,true,true,0.7,,,,,,,0,0,,,,,,0.00,0.00,,5501.20
PO-1712952,Weireken,PRODUCTION,in_progress,Planned,2026-05-22,2026-07-01,M,2026-07-08,S,2026-07-08,S,2026-07-15,PO-1712945,2026-07-01,,,false,,,1558.7200,true,,false,1558.72,30.00,0,70.00,467.62,0,1091.10,0.00,467.62,,,0,,,,,,,0.00,11709.76,,Estibol,2026-05-22,,2026-08-07,,30,on_shipment,P56-UK-WK1,PO-1712945,fob,,,Estibol,,DB00536-12,DB00536-12,,,,,,,,,false,false,,,,true,,true,,false,,true,,false,,,,,,OT,M,OT,Direct to Client,PO-1712952,56,56.0526,true,false,0,5,5,2026-07-11,1712952,true,1,,,true,false,false,true,0.2,,,,,,,0,0,,,,,,0.00,0.00,,1558.72
PO-1725132,Lixin,PRODUCTION,in_progress,,2026-06-01,2026-07-11,M,2026-07-18,calc,2026-09-16,calc,2026-09-23,,2026-07-11,,,false,,,14655.2000,true,,false,14655.20,30.00,20.00,50.00,4396.56,2931.04,7327.60,0.00,4396.56,,,2931.04,,,,,,,0.00,73646.90,,John Lewis preorder,2026-06-01,2026-07-11,2026-12-15,,90,on_clearance,P56-UK-LX1,,,,,John Lewis,RFID Tagging required,JLEW11511-79,JLEW11511-79,,,,,,,,,false,false,,,,true,,true,,false,,true,,false,,,,,,OT,M,OT,UK B2B JLEW,PO-1725132,56,56.0526,true,false,0,4,4,2026-07-21,1725132,true,1,,,false,false,true,true,1.0,,,,,,,0,0,,,,,,0.00,0.00,,14655.20
PO-1726606,XR Textile,PRODUCTION,in_progress,,2026-05-29,2026-06-30,M,2026-07-07,calc,2026-07-07,calc,2026-07-14,,2026-06-30,,,false,,,91.1200,true,,false,91.12,0,0,100,0.00,0,91.12,0.00,0.00,,,0,,,,,,,0.00,8686.66,,Estibol samples,,,2026-07-07,,60,on_clearance,P56-UK-XR2,,,,,Estibol,,DB00536-12A,DB00536-12A,,,,,,,,,false,false,,,,true,,true,,false,,true,,false,,,,,,OT,M,OT,Direct to Client,PO-1726606,56,56.0526,true,false,0,6,6,2026-07-14,1726606,true,0,,,true,false,true,true,0.0,,,,,,,0,0,,,,,,0.00,0.00,,91.12
PO-1726612,Lixin,PRODUCTION,in_progress,,2026-06-01,2026-07-16,M,2026-07-23,calc,2026-07-23,calc,2026-07-30,,2026-07-16,,,false,,,122.9600,true,,false,122.96,0,0,100,0.00,0,122.96,0.00,0.00,,,0,,,,,,,0.00,,,Estibol Samples,,,2026-07-23,,90,on_clearance,,,,,,Estibol,,DB00536-12A,DB00536-12A,,,,,,,,,false,false,,,,true,,true,,false,,true,,false,,,,,,OT,M,OT,Direct to Client,PO-1726612,56,56.0526,true,false,0,9,9,2026-07-26,1726612,true,1,,,true,false,true,true,0.0,,,,,,,0,0,,,,,,0.00,0.00,,122.96
PO-1731753,Lixin,PRODUCTION,in_progress,,2026-06-01,2026-07-16,M,2026-07-23,calc,2026-07-23,calc,2026-07-30,,2026-07-16,,,false,,,19878.9000,true,,false,19878.90,30.00,20.00,50.00,5963.67,3975.78,9939.45,0.00,5963.67,,,3975.78,,,,,,,0.00,20083.72,,Until. GIFT -BOX inners of 4,2026-06-01,2026-07-16,2026-10-21,,90,on_clearance,P56-AU-LX1,,,,,Until,"COO, Inner cartons of 6 units.",UDIS17187-32,PO1906,,,,,,,,,false,false,,,,true,,true,,false,,true,,false,,,,,,AU,M,AU,Direct to Client,PO-1731753,56,56.0526,true,false,0,30,30,2026-07-26,1731753,true,1,,,true,true,true,true,3.6,,,,,,,0,0,,,,,"[object Object],[object Object],[object Object]",993.95,2087.28,10,22960.13
PO-1731755,XR Textile,PRODUCTION,in_progress,Planned,2026-06-01,2026-07-16,M,2026-07-23,calc,2026-07-23,calc,2026-07-30,,2026-07-16,,,true,,,20024.3200,true,,false,20024.32,30.00,20.00,50.00,6007.30,4004.86,10012.16,0.00,6007.30,,,4004.86,,,,,,,0.00,,,Until,2026-06-01,2026-07-16,2026-09-21,,60,on_clearance,,PO-1731755,fob,,,Until,"COO, Inner cartons of 6 units.",UDIS17187-32,PO1906,,,,,,,,,false,false,,,,true,,true,,false,,true,,false,,,,,,OT,M,OT,Direct to Client,PO-1731755,56,56.0526,true,false,0,24,24,2026-07-26,1731755,true,1,,,true,false,true,true,3.3,,,,,,,0,0,,,,,,0.00,0.00,,20024.32
PO-1731758,Jinma (Merry),PRODUCTION,in_progress,Planned,2026-06-01,2026-07-16,M,2026-07-23,S,2026-07-23,S,2026-07-30,PO-1731755,2026-07-16,,,false,,,1270.0000,true,,false,1270.00,0.00,0.00,100.00,0.00,0,1270.00,0.00,0.00,,,0,,,,,,,0.00,,,Until,,,2026-09-21,,60,on_shipment,,PO-1731755,fob,,,Until,"COO, Inner cartons of 6 units.",UDIS17187-32,PO1906,,,,,,,,,false,false,,,,true,,true,,false,,true,,false,,,,,,OT,M,OT,Direct to Client,PO-1731758,56,56.0526,true,false,0,5,5,2026-07-26,1731758,true,1,,,true,false,false,true,0.2,,,,,,,0,0,,,,,,0.00,0.00,,1270.00
PO-1731760,Weireken,PRODUCTION,in_progress,Planned,2026-06-01,2026-07-16,M,2026-07-23,S,2026-07-23,S,2026-07-30,PO-1731755,2026-07-16,,,false,,,4300.2000,true,,false,4300.20,30.00,0,70.00,1290.06,0,3010.14,0.00,1290.06,,,0,,,,,,,0.00,11709.76,,1/6 - order under review as we don't meet the MOQ. Until,2026-06-01,,2026-08-22,,30,on_shipment,P56-UK-WK1,PO-1731755,fob,,,Until,"COO, Inner cartons of 6 units.",UDIS17187-32,PO1906,,,,,,,,,false,false,,,,true,,true,,false,,true,,false,,,,,,OT,M,OT,Direct to Client,PO-1731760,56,56.0526,true,false,0,10,10,2026-07-26,1731760,true,1,,,true,false,false,true,0.9,,,,,,,0,0,,,,,,0.00,0.00,,4300.20
PO-1744735,XR Textile,PRODUCTION,in_progress,,2026-06-09,2026-07-24,M,2026-07-31,calc,2026-07-31,calc,2026-08-07,,2026-07-24,,,false,,,12660.0000,true,,false,12660.00,30.00,20.00,50.00,3798.00,2532.00,6330.00,0.00,3798.00,,,2532.00,,,,,,,0.00,,,Carnival Cruise Line custom order,2026-06-09,2026-07-24,2026-09-29,,60,on_clearance,,,,,,Carnival Cruise Line,carton & pallet labels required. DDP Air freight,CCRU28768-1,1714938,,,,,,,,,false,false,,,,true,,true,,false,,true,,false,,,,,,OT,M,OT,Direct to Client,PO-1744735,56,56.0626,true,false,0,1,1,2026-08-03,1744735,true,1,,,false,false,true,true,2.5,,,,,,,0,0,,,,,,0.00,0.00,,12660.00
PO-1760789,XR Textile,PRODUCTION,in_progress,,2026-06-19,2026-08-03,M,2026-08-10,calc,2026-08-10,calc,2026-08-17,,2026-08-03,,,false,,,6752.0000,true,,false,6752.00,30.00,20.00,50.00,2025.60,1350.40,3376.00,0.00,2025.60,,,1350.40,,,,,,,0.00,,,"Goldstar San Diego, CA",2026-06-19,2026-08-03,2026-10-09,,60,on_clearance,,,,,,Goldstar,"Custom hangtags, care labels, carton markings with QR code",GOLD27702-8,P42940,,,,,,,,,false,false,,,,true,,true,,false,,true,,false,,,,,,OT,M,OT,Direct to Client,PO-1760789,57,57.0626,true,false,0,1,1,2026-08-13,1760789,true,1,,,false,false,true,true,1.3,,,,,,,0,0,,,,,,0.00,0.00,,6752.00
PO-1760796,XR Textile,PRODUCTION,in_progress,,2026-06-19,2026-08-03,M,2026-08-10,calc,2026-08-10,calc,2026-08-17,,2026-08-03,,,false,,,4220.0000,true,,false,4220.00,30.00,20.00,50.00,1266.00,844.00,2110.00,0.00,1266.00,,,844.00,,,,,,,0.00,,,Goldstar Czech Republic,2026-06-19,2026-08-03,2026-10-09,,60,on_clearance,,,,,,Goldstar,"Custom hangtags, care labels, carton markings with QR code",GOLD27702-9,C6684,,,,,,,,,false,false,,,,true,,true,,false,,true,,false,,,,,,OT,M,OT,Direct to Client,PO-1760796,57,57.0626,true,false,0,1,1,2026-08-13,1760796,true,1,,,false,false,true,true,0.8,,,,,,,0,0,,,,,,0.00,0.00,,4220.00
PO-1761191,XR Textile,PRODUCTION,in_progress,,2026-06-19,2026-07-31,M,2026-08-07,calc,2026-08-07,calc,2026-08-07,,2026-07-31,,,false,,,,false,,false,0.00,0,0,100,0.00,,,0.00,0.00,,,0,,,,,,,0.00,,,,,,2026-08-07,,60,on_clearance,,,,,,Goldstar,"Custom hangtags, care labels, carton markings with QR code",GOLD27702-7,GOLD27702-7,,,,,,,,,false,true,,,,true,,true,,false,,true,,false,,,,,,DIRECT,branch,,Direct to Client,PO-1761191,58,,true,false,0,0,0,2026-10-01,1761191,true,1,,,false,false,false,true,,,,,,,,0,0,,,,,,0.00,0.00,,0.00
PO-1802892,XR Textile,PRODUCTION,in_progress,,,,,,,,,,,,,2026-07-30,false,,,11310.000,true,,false,11310.00,0,0,100,0.00,0,11310.00,0.00,0.00,,,0,,,,,,,0.00,,,,,,,,,,,,,,,,,,,,,,,,,,,false,false,,,,true,,true,,false,,true,,false,,,,,,DIRECT,branch,,Direct to Client,,58,,true,false,0,2,2,,1802892,true,0,,,,false,,true,2.9,,,,,,,0,0,,,,,,0.00,0.00,,11310.00
PO-53UKJM4-JAN,Jinma (Merry),PRODUCTION,in_progress,Planned,2025-12-18,2026-04-25,M,2026-05-02,calc,2026-07-01,calc,2026-07-08,,2026-04-25,,2026-06-17,true,,,0.00,false,,false,0.00,0,0,100,0.00,,,0.00,0.00,,,0,,,,,,,0.00,,,2nd PO for split shipment for PO-53UKJM3-JAN,,,2026-05-02,,60,on_shipment,,PO-53UKJM4-JAN,,,,,,,,,,,,,,,,false,false,,,,true,,true,,false,,true,,false,,,,,,UK,branch,,UK ILG,,54,54.1125,false,false,0,0,0,,,false,0,,,true,false,false,true,,,,,,,,0,0,,,,,"[object Object],[object Object],[object Object]",0.00,0.00,20,0.00
PO-53UKLX3-JAN,Lixin,PRODUCTION,in_progress,Completed,2025-10-01,2026-04-25,M,2026-02-17,S,2026-04-22,S,2026-04-29,PO-54UKLX1-FEB,2026-04-25,,2026-04-22,false,FLEX-3695844,FLEX-3695844,0.00,false,,false,0.00,0,0,100,0.00,,,0.00,0.00,,,0,,,,,,,0.00,0.00,1.33550,Merging with P54. Hold back and ship with the first Feb shipment pre CNY,,,2026-02-17,,90,on_clearance,P53-UK-LX2,PO-54UKLX1-FEB,sea,FLEXPORT,FLEX-3695844,,,,,,,,,,,,,false,false,,,,true,,true,,false,,true,,false,,,,,,UK,branch,,UK ILG,,54,54.1125,false,false,0,0,0,,,false,0,in_production,17,true,false,false,true,,,,,,,,0,0,,4585.98,FLEX,4585.98,"[object Object],[object Object],[object Object]",0.00,917.20,20,5503.18
PO-54UKBE1-FEB,Bright Eagle (Rebecca),PRODUCTION,in_progress,Planned,2025-12-18,2026-06-30,M,2026-07-07,calc,2026-07-14,calc,2026-07-21,,2026-06-30,,2026-06-17,true,,,11760.0000,true,,false,11760.00,0.00,0.00,100.00,0.00,0,11760.00,0.00,0.00,,,0,,,,,,,0.00,,,Ship before CNY,,,2026-07-07,,0,on_shipment,,PO-54UKBE1-FEB,air,,,,,,,,,,,,,,,false,false,,,,true,,true,,false,,true,,false,,,,,,UK,M,UK,UK ILG,PO-54UKBE1-FEB,54,54.1125,false,false,0,5,5,2026-08-27,1613877,true,1,,,true,false,true,true,0.8,,,,,,,0,0,,,,,"[object Object],[object Object],[object Object]",1411.20,2634.24,20,15805.44
PO-54USBE1-FEB,Bright Eagle (Rebecca),PRODUCTION,in_progress,,2025-12-18,2026-06-30,M,2026-07-07,calc,2026-09-05,calc,2026-09-12,,2026-06-30,,2026-06-16,true,,,2508.8000,true,,false,2508.80,0.00,0.00,100.00,0.00,0,2508.80,0.00,0.00,,,0,,,,,,,0.00,,,,,,2026-07-07,,0,on_shipment,,PO-54USBE1-FEB,,,,,,,,,,,,,,,,false,false,,,,true,,true,,false,,true,,false,,,,,,US,M,US,UK ILG,PO-54USBE1-FEB,54,54.1125,false,false,0,4,4,2026-08-26,1613875,true,1,,,false,true,true,true,0.2,,,,,,,0,0,,,,,"[object Object],[object Object],[object Object]",225.79,0.00,0,2734.59
PO-55-OTHER,Weireken,PRODUCTION,in_progress,,2026-03-01,2026-06-30,M,2026-07-07,calc,2026-07-07,calc,2026-07-14,,2026-06-30,,2026-05-03,true,,,,false,,false,0.00,0,0,100,0.00,,,0.00,0.00,,,0,,,,,,,0.00,18425.14,1.33517,giftbox-home - send stock to Rebecca,,,2026-07-07,,30,on_shipment,P55-UK-WK1,PO-55-OTHER,fob,,FOB,,,,,,,,,,,,,false,false,,,,true,,true,,false,,true,,false,,,,,,OT,M,OT,Direct to Client,PO-55-OTHER,55,55.0326,false,false,0,0,0,,,false,0,,,true,false,false,true,,,,,,,,0,0,,,,,,0.00,0.00,,0.00
PO-55AULX1,Lixin,PRODUCTION,in_progress,Completed,2026-03-01,2026-04-30,M,2026-09-06,S,2026-10-04,S,2026-10-11,PO-57AUBL1,2026-04-30,,2026-06-05,false,,FLEX-3865428,20391.4600,true,20156.26,true,20156.26,30.00,20.00,50.00,4246.29,6046.88,9863.09,0.00,6046.88,4246.29,2026-05-22,5831.84,6046.88,2026-06-15,,,,,1800.59,0.00,1.32010,"FLEX-3869302 - Flexport buyers consolidation

Pallet Labels Required

Max Pallet Height 1.5m",2026-03-01,2026-04-30,2026-08-17,2026-08-17,90,on_clearance,P55-AU-LX1,PO-57AUBL1,,,,,,,,,,,,,,,,false,false,,,,true,,true,,false,,true,,false,,,,,,AU,M,AU,AU Coghlans,PO-55AULX1,55,55.0326,false,false,0,38,38,2026-06-25,1637027,true,1,,,false,false,false,true,4.0,,,,,,,0,0,,0.00,FLEX,0.00,"[object Object],[object Object],[object Object]",1019.57,2117.58,10,23293.42
PO-55AUMQ1,MQ Print (Sherry),PRODUCTION,in_progress,Shipping,2026-03-01,2026-06-30,M,2026-07-08,S,2026-08-05,calc,2026-08-12,,2026-06-30,,2026-06-05,true,,,,false,,false,0.00,0,0,100,0.00,,,0.00,0.00,,,0,,,,,,,0.00,,,cancelled as never sent to supplier,,,2026-07-08,,0,on_shipment,,PO-55AUMQ1,,,,,,,,,,,,,,,,false,false,,,,true,,true,,false,,true,,false,,,,,,AU,M,AU,AU Coghlans,PO-55AUMQ1,55,55.0326,false,false,0,0,0,,,false,0,,,false,false,false,true,,,,,,,,0,0,,,,,"[object Object],[object Object],[object Object]",0.00,0.00,10,0.00
PO-55AUWK3,Weireken,PRODUCTION,in_progress,,2026-04-10,2026-06-30,M,2026-07-07,calc,2026-08-27,S,2026-08-27,,2026-06-30,,,true,,,1784.0000,true,,false,1784.00,30.00,0,70.00,535.20,0,1248.80,0.00,535.20,,,0,,,,,,,0.00,11503.80,1.35250,,2026-04-10,,2026-08-06,,30,on_shipment,P55-UK-WK3,PO-55AUWK3,fob,,FOB,,,,,,"ABC1243,ACBT34",,,,,,,false,false,,,,true,,true,,false,,true,,false,,,,,,AU,M,AU,AU Coghlans,PO-55AUWK3,55,55.041,false,false,0,1,1,2026-08-10,1685450,true,1,,,false,true,false,true,0.3,,,,,,,0,0,,,,,"[object Object],[object Object],[object Object]",89.20,187.32,10,2060.52
PO-55EULX-AW26-1,Lixin,PRODUCTION,in_progress,,2026-03-01,2026-06-30,M,2026-07-07,calc,2026-07-14,calc,2026-07-21,,2026-06-30,,,true,,,574.6500,true,,false,574.65,30.00,20.00,50.00,0.00,287.33,287.32,0.00,172.40,,,287.33,,,,,,,172.40,0.00,1.32010,EU samples ship to ILG,2026-03-01,2026-06-30,2026-10-12,,90,on_clearance,P55-UK-LX1,PO-55EULX-AW26-1,air,DHL,AIR,SAMPLES,,,,,,,,,,,,false,false,,,,true,,true,,false,,true,,false,,,,,,EU,M,EU,EU iFulfillment,PO-55EULX-AW26-1,55,55.0326,false,false,0,21,21,2026-07-22,1679069,true,0,,,true,true,true,true,0.1,,,,,,,0,0,,,,,"[object Object],[object Object],[object Object]",68.96,128.72,20,772.33
PO-55EUWK-AW26-1,Weireken,PRODUCTION,in_progress,,2026-03-01,2026-06-30,M,2026-07-07,calc,2026-09-15,calc,2026-09-22,,2026-06-30,,,false,,,38.2000,true,,false,38.20,0,0,100,0.00,0,38.20,0.00,0.00,,,0,,,,,,,0.00,18425.14,1.33517,,,,2026-07-07,,30,on_shipment,P55-UK-WK1,,,,,,,,,,,,,,,,,false,false,,,,true,,true,,false,,true,,false,,,,,,EU,M,EU,EU iFulfillment,PO-55EUWK-AW26-1,55,55.0326,false,false,2,0,2,,,false,0,,,false,true,true,true,0.0,,,,,,,0,0,,,,,"[object Object],[object Object],[object Object]",4.58,8.56,20,51.34
PO-55EUWK3,Weireken,PRODUCTION,in_progress,,2026-04-10,2026-06-30,M,2026-07-07,calc,2026-09-15,calc,2026-09-22,,2026-06-30,,,false,,,1784.0000,true,,false,1784.00,30.00,0,70.00,535.20,0,1248.80,0.00,535.20,,,0,,,,,,,0.00,11503.80,1.35250,Glow Getaway Stock to be sent to Lixin,2026-04-10,,2026-08-06,,30,on_shipment,P55-UK-WK3,,,,,,,,,,,,,,,,,false,false,,,,true,,true,,false,,true,,false,,,,,,EU,M,EU,EU iFulfillment,PO-55EUWK3,55,55.041,false,false,0,5,5,2026-09-13,1685451,true,1,,,false,true,false,true,0.3,,,,,,,0,0,,,,,"[object Object],[object Object],[object Object]",214.08,399.62,20,2397.70
PO-55UKLX-AW26-1,Lixin,PRODUCTION,in_progress,Planned,2026-03-01,2026-06-30,M,2026-07-07,calc,2026-07-14,calc,2026-07-21,,2026-06-30,,,true,,,924.6400,true,,false,924.64,30.00,20.00,50.00,0.00,462.32,462.32,0.00,277.39,,,462.32,,,,,,,277.39,0.00,1.32010,UK samples ship to ILG,2026-03-01,2026-06-30,2026-10-12,,90,on_clearance,P55-UK-LX1,PO-55UKLX-AW26-1,air,DHL,AIR,SAMPLES,,,,,,,,,,,,false,false,,,,true,,true,,false,,true,,false,,,,,,UK,M,UK,UK ILG,PO-55UKLX-AW26-1,55,55.0326,false,false,1,21,22,2026-07-22,1679071,true,0,,,true,false,true,true,0.1,,,,,,,0,0,,,,,"[object Object],[object Object],[object Object]",110.33,206.99,20,1241.97
PO-55UKWK-AW26-1,Weireken,PRODUCTION,in_progress,,2026-03-01,2026-06-30,M,2026-07-07,calc,2026-07-14,calc,2026-07-21,,2026-06-30,,,true,,,61.1200,true,,false,61.12,0,0,100,0.00,0,61.12,0.00,0.00,,,0,,,,,,,0.00,11503.80,1.35250,,,,2026-07-07,,30,on_shipment,P55-UK-WK3,PO-55UKWK-AW26-1,air,DHL,AIR,,,,,,,,,,,,,false,false,,,,true,,true,,false,,true,,false,,,,,,UK,M,UK,UK ILG,PO-55UKWK-AW26-1,55,55.0326,false,false,2,0,2,,,false,0,,,true,true,true,true,0.0,,,,,,,0,0,,,,,"[object Object],[object Object],[object Object]",7.33,13.69,20,82.15
PO-55UKWK-AW26-3,Weireken,PRODUCTION,in_progress,,2026-03-01,2026-06-30,M,2026-07-07,calc,2026-07-14,calc,2026-07-21,,2026-06-30,,,true,,,7.6400,true,,false,7.64,0,0,100,0.00,0,7.64,0.00,0.00,,,0,,,,,,,0.00,18425.14,1.33517,Marketing samples - air freight,,,2026-07-07,,30,on_shipment,P55-UK-WK1,PO-55UKWK-AW26-3,air,DHL,AIR,,,,,,,,,,,,,false,false,,,,true,,true,,false,,true,,false,,,,,,UK,M,UK,UK ILG,PO-55UKWK-AW26-3,55,55.0326,false,false,2,0,2,,,false,0,,,true,true,true,true,0.0,,,,,,,0,0,,,,,"[object Object],[object Object],[object Object]",0.92,1.71,20,10.27
PO-55UKWK1-AIR,Weireken,PRODUCTION,in_progress,,2026-03-01,2026-06-30,M,2026-07-07,calc,2026-09-05,calc,2026-09-12,,2026-06-30,,,false,,,1620.0000,true,,false,1620.00,30.00,0,70.00,486.00,0,1134.00,0.00,486.00,,,0,,,,,,,0.00,,,P55 air freight stock,2026-03-01,,2026-08-06,,30,on_shipment,,,,,,,,,,,,,,,,,,false,false,,,,true,,true,,false,,true,,false,,,,,,UK,M,UK,UK ILG,PO-55UKWK1-AIR,55,55.0326,false,false,0,1,1,2026-08-28,1754225,true,1,,,false,true,true,true,0.1,,,,,,,0,0,,,,,"[object Object],[object Object],[object Object]",194.40,362.88,20,2177.28
PO-55UKWK2,Weireken,PRODUCTION,in_progress,,2026-03-12,2026-06-30,M,2026-07-07,calc,2026-09-05,calc,2026-09-12,,2026-06-30,,2026-06-22,true,,,4617.0000,true,,false,4617.00,30.00,0,70.00,1385.10,0,3231.90,0.00,1385.10,,,0,,,,,,,0.00,2381.37,1.34260,includes XS Navy & WYWH defect stock,2026-03-12,,2026-08-06,,30,on_shipment,P55-UK-WK2,PO-55UKWK2,sea,FLEXPORT,FLEX-3994935,,,,,,,,,,,,,false,false,,,,true,,true,,false,,true,,false,,,,,,UK,M,UK,UK ILG,PO-55UKWK2,55,55.0326,false,false,0,5,5,2026-08-28,1642679,true,1,,,false,true,false,true,0.2,,,,,,,0,0,,,,,"[object Object],[object Object],[object Object]",554.04,1034.21,20,6205.25
PO-55UKWK2-AIR,Weireken,PRODUCTION,in_progress,,2026-03-01,2026-06-30,M,2026-07-07,calc,2026-09-05,calc,2026-09-12,,2026-06-30,,,false,,,2160.0000,true,,false,2160.00,30.00,0,70.00,648.00,0,1512.00,0.00,648.00,,,0,,,,,,,0.00,,,P55 air freight stock,2026-03-01,,2026-08-06,,30,on_shipment,,,,,,,,,,,,,,,,,,false,false,,,,true,,true,,false,,true,,false,,,,,,UK,M,UK,UK ILG,PO-55UKWK2-AIR,55,55.0326,false,false,0,1,1,2026-08-28,1754226,true,1,,,false,true,true,true,0.1,,,,,,,0,0,,,,,"[object Object],[object Object],[object Object]",259.20,483.84,20,2903.04
PO-55UKWK3,Weireken,PRODUCTION,in_progress,,2026-04-10,2026-06-30,M,2026-07-07,calc,2026-09-05,calc,2026-09-12,,2026-06-30,,,true,,,8028.0000,true,,false,8028.00,30.00,0,70.00,2408.40,0,5619.60,0.00,2408.40,,,0,,,,,,,0.00,2493.99,,Glow Getaway Stock to be sent to Lixin,2026-04-10,,2026-08-06,,30,on_shipment,P55-UK-WK4,PO-55UKWK3,fob,,FOB,,,,,,,,,,,,,false,false,,,,true,,true,,false,,true,,false,,,,,,UK,M,UK,UK ILG,PO-55UKWK3,55,55.041,false,false,0,5,5,2026-08-27,1685452,true,1,,,false,true,false,true,1.3,,,,,,,0,0,,,,,"[object Object],[object Object],[object Object]",963.36,1798.27,20,10789.63
PO-55UKWK4,Weireken,PRODUCTION,in_progress,,2026-04-24,2026-06-30,M,2026-07-07,calc,2026-07-07,calc,2026-07-14,,2026-06-30,,,false,,,,false,,false,0.00,0,0,100,0.00,,,0.00,0.00,,,0,,,,,,,0.00,2493.99,,"Glow Getaway Stock to be sent to Lixin

JL and NEXT",,,2026-07-07,,30,on_shipment,P55-UK-WK4,,,,,,,,,,,,,,,,,false,false,,,,true,,true,,false,,true,,false,,,,,,OT,M,OT,Direct to Client,PO-55UKWK4,55,55.041,false,false,0,0,0,,,false,0,,,true,false,false,true,,,,,,,,0,0,,,,,,0.00,0.00,,0.00
PO-55UKXR1-FBA,XR Textile,PRODUCTION,in_progress,,2026-03-01,2026-06-30,M,2026-06-06,FLEX,2026-07-27,FLEX,2026-08-03,,2026-06-30,,2026-06-22,true,,FLEX-3854784,51141.2800,true,51119.08,true,51119.08,30.00,20.00,50.00,29026.79,15335.72,6756.57,0.00,15335.72,29026.79,2026-06-15,-3467.25,15335.72,,,,,,-13691.07,0.02,1.33820,"DELAYED> Flexport. FBA15LNNKTYK - labels sent. Pallet labels still required

Direct to Amazon

Carton Labels Required

Max Pallet Height 1.8m",2026-03-01,,2026-09-18,2026-09-18,60,on_clearance,P54-UK-XR2,PO-55UKXR1-FBA,sea,FLEXPORT,FLEX-3854784,,,,,,,,,,,,,false,false,,,,true,,true,,false,,true,,false,,,,,,UK,M,UK,UK FBA,PO-55UKXR1-FBA,55,55.0326,false,false,0,64,64,2026-08-03,1632985,true,0,,,false,true,false,true,8.9,,,,,,,0,0,,4994.92,FLEX,4994.92,"[object Object],[object Object],[object Object]",6136.95,12450.19,20,74701.14
PO-55USBE1,Bright Eagle (Rebecca),PRODUCTION,in_progress,,2026-03-01,2026-06-30,M,2026-07-07,calc,2026-08-04,calc,2026-08-11,,2026-06-30,,2026-06-21,true,,,1568.0000,true,,false,1568.00,0.00,0.00,100.00,0.00,0,1568.00,0.00,0.00,,,0,,,,,,,0.00,,,,,,2026-07-07,,0,on_shipment,,PO-55USBE1,,,,,,,,,,,,,,,,false,false,,,,true,,true,,false,,true,,false,,,,,,US,M,US,US Geneva,PO-55USBE1,55,55.0326,false,false,0,4,4,2026-08-26,1633010,true,1,,,false,true,true,true,0.1,,,,,,,0,0,,,,,"[object Object],[object Object],[object Object]",141.12,0.00,0,1709.12
PO-55USLX-AW26-1,Lixin,PRODUCTION,in_progress,,2026-03-01,2026-06-30,M,2026-07-07,calc,2026-07-14,calc,2026-07-21,,2026-06-30,,,true,,,1379.1600,true,,false,1379.16,30.00,20.00,50.00,0.00,689.58,689.58,0.00,413.75,,,689.58,,,,,,,413.75,0.00,1.32010,US samples ship to ILG,2026-03-01,2026-06-30,2026-10-12,,90,on_clearance,P55-UK-LX1,PO-55USLX-AW26-1,air,DHL,AIR,SAMPLES,,,,,,,,,,,,false,false,,,,true,,true,,false,,true,,false,,,,,,US,M,US,US Geneva,PO-55USLX-AW26-1,55,55.0326,false,false,0,21,21,2026-07-22,1679073,true,0,,,true,true,true,true,0.2,,,,,,,0,0,,,,,"[object Object],[object Object],[object Object]",124.12,0.00,0,1503.28
PO-55USLX1,Lixin,PRODUCTION,in_progress,,2026-03-01,2026-06-30,M,2026-06-03,FLEX,2026-07-14,FLEX,2026-07-21,,2026-06-30,,2026-06-21,true,,FLEX-3854243,100120.4200,true,100120.42,true,100120.42,30.00,20.00,50.00,0.01,50060.20,50060.21,0.00,30036.13,0.01,2026-06-29,50060.20,50060.20,2026-06-29,,,,,30036.12,0.00,1.32010,booked 7th May. additonal 1 week to glow gift set. AW26,2026-03-01,2026-06-30,2026-10-12,,90,on_clearance,P55-UK-LX1,PO-55USLX1,sea,FLEXPORT,FLEX-3854243,,,,,,,,,,,,,false,false,,,,true,,true,,false,,true,,false,,,,,,US,M,US,US Geneva,PO-55USLX1,55,55.0326,false,false,26,97,97,2026-07-21,1633012,true,0,,,true,true,false,true,18.9,,,,,,,0,0,,7575.76,FLEX,7575.76,"[object Object],[object Object],[object Object]",9010.84,0.00,0,116707.02
PO-55USWK-AW26-1,Weireken,PRODUCTION,in_progress,,2026-03-01,2026-06-30,M,2026-07-07,calc,2026-08-04,calc,2026-08-11,,2026-06-30,,,false,,,91.6800,true,,false,91.68,0,0,100,0.00,0,91.68,0.00,0.00,,,0,,,,,,,0.00,18425.14,1.33517,,,,2026-07-07,,30,on_shipment,P55-UK-WK1,,,,,,,,,,,,,,,,,false,false,,,,true,,true,,false,,true,,false,,,,,,US,M,US,US Geneva,PO-55USWK-AW26-1,55,55.0326,false,false,2,0,2,,,false,0,,,false,true,true,true,0.0,,,,,,,0,0,,,,,"[object Object],[object Object],[object Object]",8.25,0.00,0,99.93
PO-55USWK1-AIR,Weireken,PRODUCTION,in_progress,,2026-03-01,2026-06-30,M,2026-07-07,calc,2026-08-04,calc,2026-08-11,,2026-06-30,,,false,,,540.0000,true,,false,540.00,30.00,0,70.00,162.00,0,378.00,0.00,162.00,,,0,,,,,,,0.00,,,P55 air freight stock,2026-03-01,,2026-08-06,,30,on_shipment,,,,,,,,,,,,,,,,,,false,false,,,,true,,true,,false,,true,,false,,,,,,US,M,US,US Geneva,PO-55USWK1-AIR,55,55.0326,false,false,0,1,1,2026-07-07,1754227,true,1,,,false,true,true,true,0.0,,,,,,,0,0,,,,,"[object Object],[object Object],[object Object]",48.60,0.00,0,588.60
PO-55USWK1-DD,Weireken,PRODUCTION,in_progress,,2026-03-01,2026-06-30,M,2026-07-07,calc,2026-08-04,calc,2026-08-11,,2026-06-30,,2026-06-21,true,,,8549.4800,true,,false,8549.48,30.00,0,70.00,2564.84,0,5984.64,0.00,2564.84,,,0,,,,,,,0.00,18425.14,1.33517,Mid May completion. Send to XR,2026-03-01,,2026-08-06,,30,on_shipment,P55-UK-WK1,PO-55USWK1-DD,sea,FLEXPORT,FLEX-3947345,,,,,,,,,,,,,false,false,,,,true,,true,,false,,true,,false,,,,,,US,M,US,US Geneva,PO-55USWK1,55,55.0326,false,false,0,12,12,2026-08-11,1802434,true,0,,,false,true,false,true,1.3,,,,,,,0,0,,,,,"[object Object],[object Object],[object Object]",769.45,0.00,0,9318.93
PO-55USWK2,Weireken,PRODUCTION,in_progress,Planned,2026-03-12,2026-07-08,M,2026-07-07,S,2026-08-04,S,2026-08-11,PO-55USWK1-DD,2026-07-08,,2026-07-02,false,,,2159.8800,true,,false,2159.88,30.00,0,70.00,647.96,0,1511.92,0.00,647.96,647.96,2026-07-23,0,,,,,,,0.00,2381.37,1.34260,Mid May completion.,2026-03-12,,2026-08-14,,30,on_shipment,P55-UK-WK2,PO-55USWK1-DD,sea,FLEXPORT,FLEX-3947345,,,,,,,,,,,,,false,false,,,,true,,true,,false,,true,,false,,,,,,US,M,US,US Geneva,PO-55USWK2,55,55.0326,false,false,1,3,4,2026-07-15,1642680,true,1,,,false,false,false,true,0.1,,,,,,,0,0,,,,,"[object Object],[object Object],[object Object]",194.39,0.00,0,2354.27
PO-55USWK2-AIR,Weireken,PRODUCTION,in_progress,,2026-03-01,2026-06-30,M,2026-07-07,calc,2026-08-04,calc,2026-08-11,,2026-06-30,,,false,,,540.0000,true,,false,540.00,30.00,0,70.00,162.00,0,378.00,0.00,162.00,,,0,,,,,,,0.00,,,P55 air freight stock,2026-03-01,,2026-08-06,,30,on_shipment,,,,,,,,,,,,,,,,,,false,false,,,,true,,true,,false,,true,,false,,,,,,US,M,US,US Geneva,PO-55USWK2-AIR,55,55.0326,false,false,0,1,1,2026-08-27,1754228,true,1,,,false,true,true,true,0.0,,,,,,,0,0,,,,,"[object Object],[object Object],[object Object]",48.60,0.00,0,588.60
PO-55USWK3,Weireken,PRODUCTION,in_progress,,2026-04-10,2026-06-30,M,2026-07-07,calc,2026-08-04,calc,2026-08-11,,2026-06-30,,,false,,,2676.0000,true,,false,2676.00,30.00,0,70.00,802.80,0,1873.20,0.00,802.80,,,0,,,,,,,0.00,11503.80,1.35250,Glow Getaway Stock to be sent to Lixin,2026-04-10,,2026-08-06,,30,on_shipment,P55-UK-WK3,,,,,,,,,,,,,,,,,false,false,,,,true,,true,,false,,true,,false,,,,,,US,M,US,US Geneva,PO-55USWK3,55,55.041,false,false,0,5,5,2026-08-26,1685454,true,1,,,false,true,false,true,0.4,,,,,,,0,0,,,,,"[object Object],[object Object],[object Object]",240.84,0.00,0,2916.84
PO-55USWK4,Weireken,PRODUCTION,in_progress,Planned,2026-04-24,2026-06-30,M,2026-07-07,calc,2026-07-07,calc,2026-07-14,,2026-06-30,,,true,,,,false,,false,0.00,0,0,100,0.00,,,0.00,0.00,,,0,,,,,,,0.00,2493.99,,Dillards forecast - Glow Getaway Stock to be sent to Lixin,,,2026-07-07,,30,on_shipment,P55-UK-WK4,PO-55USWK4,,,,,,,,,,,,,,,,false,false,,,,true,,true,,false,,true,,false,,,,,,OT,M,OT,Direct to Client,PO-55USWK4,55,55.041,false,false,0,0,0,,,false,0,,,true,false,false,true,,,,,,,,0,0,,,,,,0.00,0.00,,0.00
PO-55USXR2,XR Textile,PRODUCTION,in_progress,,2026-03-12,2026-06-30,M,2026-07-07,calc,2026-08-04,calc,2026-08-11,,2026-06-30,,2026-07-02,true,,,8084.3000,true,,false,8084.30,30.00,20.00,50.00,2425.29,1616.86,4042.15,0.00,2425.29,,,1616.86,,,,,,,0.00,15913.53,1.34240,,2026-03-12,2026-06-30,2026-10-03,,60,on_clearance,P55-UK-XR2,PO-55USXR2,,,,,,,,,,,,,,,,false,false,,,,true,,true,,false,,true,,false,,,,,,US,M,US,US Geneva,PO-55USXR2,55,55.0326,false,false,0,29,29,2026-08-26,1642657,true,1,,,false,true,true,true,1.5,,,,,,,0,0,,,,,"[object Object],[object Object],[object Object]",727.59,0.00,0,8811.89
PO-56AUJM1,Jinma (Merry),PRODUCTION,in_progress,,2026-04-24,2026-06-30,M,2026-07-07,calc,2026-08-04,calc,2026-08-11,,2026-06-30,,,false,,,6640.0000,true,,false,6640.00,0.00,0.00,100.00,0.00,0,6640.00,0.00,0.00,,,0,,,,,,,0.00,,,,,,2026-09-05,,60,on_shipment,,,,,,,,,,,,,,,,,,false,false,,,,true,,true,,false,,true,,false,,,,,,AU,M,AU,AU Coghlans,PO-56AUJM1,56,56.0526,true,false,0,9,9,2026-08-11,1690839,true,0,,,false,true,false,true,0.9,,,,,,,0,0,,,,,"[object Object],[object Object],[object Object]",332.00,697.20,10,7669.20
PO-56AULX1,Lixin,PRODUCTION,in_progress,,2026-04-24,2026-06-30,M,2026-07-07,calc,2026-08-04,calc,2026-08-11,,2026-06-30,,,false,,,77035.5800,true,,false,77035.58,30.00,20.00,50.00,20083.72,18434.07,38517.79,0.00,23110.67,,,18434.07,,,,,,,3026.95,20083.72,,,2026-04-24,2026-06-30,2026-11-02,,90,on_clearance,P56-AU-LX1,,,,,,,,,,,,,,,,,false,false,,,,true,,true,,false,,true,,false,,,,,,AU,M,AU,AU Coghlans,PO-56AULX1,56,56.0526,true,false,0,101,101,2026-08-10,1690840,true,0,,,false,true,true,true,14.9,,,,,,,0,0,,,,,"[object Object],[object Object],[object Object]",3851.78,8088.74,10,88976.09
PO-56AULX2-BUNDLE,Lixin,PRODUCTION,in_progress,,2026-06-02,2026-08-01,M,2026-08-08,calc,2026-09-05,calc,2026-09-12,,2026-08-01,,,false,,,16628.5000,true,,false,16628.50,30.00,20.00,50.00,4988.55,3325.70,8314.25,0.00,4988.55,,,3325.70,,,,,,,0.00,20083.72,,Glow Getaway Stock,2026-06-02,2026-08-01,2026-12-04,,90,on_clearance,P56-AU-LX1,,,,,,,,,,,,,,,,,false,false,,,,true,,true,,false,,true,,false,,,,,,AU,M,AU,AU Coghlans,PO-56AULX2-BUNDLE,56,56.0526,true,false,4,0,4,,,false,0,,,false,true,false,true,1.0,,,,,,,0,0,,,,,"[object Object],[object Object],[object Object]",831.43,1745.99,10,19205.92
PO-56AUMQ1,MQ Print (Sherry),PRODUCTION,in_progress,,2026-04-24,2026-06-30,M,2026-07-07,calc,2026-08-04,calc,2026-08-11,,2026-06-30,,,false,,,1957.0600,true,,false,1957.06,50.00,0,50.00,978.53,0,978.53,0.00,978.53,,,0,,,,,,,0.00,,,,2026-04-24,,2026-07-07,,0,on_shipment,,,,,,,,,,,,,,,,,,false,false,,,,true,,true,,false,,true,,false,,,,,,AU,M,AU,AU Coghlans,PO-56AUMQ1,56,56.0526,true,false,0,5,5,2026-08-11,1690841,true,0,,,false,true,true,true,1.6,,,,,,,0,0,,,,,"[object Object],[object Object],[object Object]",0.00,195.71,10,2152.77
PO-56AUWK1,Weireken,PRODUCTION,in_progress,,2026-04-24,2026-06-30,M,2026-07-07,calc,2026-08-04,calc,2026-08-11,,2026-06-30,,,false,,,7915.6000,true,,false,7915.60,30.00,0,70.00,2374.68,0,5540.92,0.00,2374.68,,,0,,,,,,,0.00,11709.76,,,2026-04-24,,2026-08-06,,30,on_shipment,P56-UK-WK1,,,,,,,,,,,,,,,,,false,false,,,,true,,true,,false,,true,,false,,,,,,AU,M,AU,AU Coghlans,PO-56AUWK1,56,56.0526,true,false,0,9,9,2026-08-11,1690842,true,0,,,false,true,false,true,1.5,,,,,,,0,0,,,,,"[object Object],[object Object],[object Object]",395.78,831.14,10,9142.52
PO-56AUWK4-BUNDLE,Weireken,PRODUCTION,in_progress,,2026-05-27,2026-07-26,M,2026-08-02,calc,2026-08-02,calc,2026-08-09,,2026-07-26,,,false,,,,false,,false,0.00,0,0,100,0.00,,,0.00,0.00,,,0,,,,,,,0.00,11709.76,,Glow Getaway Stock to be sent to Lixin,,,2026-08-02,,30,on_shipment,P56-UK-WK1,,,,,,,,,,,,,,,,,false,false,,,,true,,true,,false,,true,,false,,,,,,OT,M,OT,Direct to Client,PO-56AUWK4-BUNDLE,56,56.0526,true,false,0,0,0,,,false,0,,,false,false,false,true,,,,,,,,0,0,,,,,,0.00,0.00,,0.00
PO-56AUXR1,XR Textile,PRODUCTION,in_progress,,2026-04-24,2026-06-30,M,2026-06-16,FLEX,2026-07-13,FLEX,2026-07-20,,2026-06-30,,,true,,FLEX-3952944,48201.6000,true,,false,48201.60,30.00,20.00,50.00,8064.08,16036.72,24100.80,0.00,14460.48,,,16036.72,,,,,,,6396.40,8064.08,,,2026-04-24,2026-06-30,2026-09-11,,60,on_clearance,P56-AU-XR1,PO-56AUXR1,sea,FLEXPORT,FLEX-3952944,,,,,,,,,,,,,false,false,,,,true,,true,,false,,true,,false,,,,,,AU,M,AU,AU Coghlans,PO-56AUXR1,56,56.0526,true,false,0,46,47,2026-07-21,1690843,true,0,,,true,true,true,true,9.0,,,,,,,0,0,,0.00,FLEX,0.00,"[object Object],[object Object],[object Object]",2410.08,5061.17,10,55672.85
PO-56EULX1,Lixin,PRODUCTION,in_progress,Planned,2026-04-24,2026-06-30,M,2026-07-07,calc,2026-09-15,calc,2026-09-22,,2026-06-30,,,true,,,24387.3200,true,,false,24387.32,30.00,20.00,50.00,7316.20,4877.46,12193.66,0.00,7316.20,,,4877.46,,,,,,,0.00,73646.90,,"Pallet Labels Required

Max Pallet Height 1.5m",2026-04-24,2026-06-30,2026-12-14,,90,on_clearance,P56-UK-LX1,PO-56EULX1,sea,FLEXPORT,FLEX-4000641,,,,,,,,,,,,,false,false,,,,true,,true,,false,,true,,false,,,,,,EU,M,EU,EU iFulfillment,PO-56EULX1,56,56.0526,true,false,0,74,74,2026-09-13,1690836,true,1,,,false,false,true,true,4.7,,,,,,,0,0,,,,,"[object Object],[object Object],[object Object]",2926.48,5462.76,20,32776.56
PO-56EULX2-BUNDLE,Lixin,PRODUCTION,in_progress,,2026-06-02,2026-08-01,M,2026-08-08,calc,,,,,2026-08-01,,,false,,,13782.6200,true,,false,13782.62,30.00,20.00,50.00,4134.79,2756.52,6891.31,0.00,4134.79,,,2756.52,,,,,,,0.00,73646.90,,Glow Getaway Stock,2026-06-02,2026-08-01,,,90,on_clearance,P56-UK-LX1,,,,,,,,,,,,,,,,,false,false,,,,true,,true,,false,,true,,false,,,,,,EU,M,EU,Manufacturing,PO-56EULX2-BUNDLE,56,56.0526,true,false,0,0,4,,,false,0,,,,false,,true,0.8,,,,,,,0,0,,,,,"[object Object],[object Object],[object Object]",1653.91,3087.31,20,18523.84
PO-56EUMQ1,MQ Print (Sherry),PRODUCTION,in_progress,,2026-04-24,2026-06-30,M,2026-07-07,calc,2026-09-15,calc,2026-09-22,,2026-06-30,,,false,,,,false,,false,0.00,0,0,100,0.00,,,0.00,0.00,,,0,,,,,,,0.00,,,"Pallet Labels Required

Max Pallet Height 1.5m",,,2026-07-07,,0,on_shipment,,,,,,,,,,,,,,,,,,false,false,,,,true,,true,,false,,true,,false,,,,,,EU,M,EU,EU iFulfillment,PO-56EUMQ1,56,56.0526,true,false,0,0,0,,,false,0,,,false,true,false,true,,,,,,,,0,0,,,,,"[object Object],[object Object],[object Object]",0.00,0.00,20,0.00
PO-56EUWK1,Weireken,PRODUCTION,in_progress,,2026-04-24,2026-06-30,M,2026-07-07,calc,2026-09-15,calc,2026-09-22,,2026-06-30,,,false,,,810.0000,true,,false,810.00,30.00,0,70.00,243.00,0,567.00,0.00,243.00,,,0,,,,,,,0.00,11709.76,,"Pallet Labels Required

Max Pallet Height 1.5m",2026-04-24,,2026-08-06,,30,on_shipment,P56-UK-WK1,,,,,,,,,,,,,,,,,false,false,,,,true,,true,,false,,true,,false,,,,,,EU,M,EU,EU iFulfillment,PO-56EUWK1,56,56.0526,true,false,0,2,2,2026-09-14,1690837,true,1,,,false,true,false,true,0.0,,,,,,,0,0,,,,,"[object Object],[object Object],[object Object]",97.20,181.44,20,1088.64
PO-56EUWK4-BUNDLE,Weireken,PRODUCTION,in_progress,,2026-05-27,2026-07-26,M,2026-08-02,calc,2026-08-02,calc,2026-08-09,,2026-07-26,,,false,,,,false,,false,0.00,0,0,100,0.00,,,0.00,0.00,,,0,,,,,,,0.00,11709.76,,Glow Getaway Stock to be sent to Lixin,,,2026-08-02,,30,on_shipment,P56-UK-WK1,,,,,,,,,,,,,,,,,false,false,,,,true,,true,,false,,true,,false,,,,,,OT,M,OT,Direct to Client,PO-56EUWK4-BUNDLE,56,56.0526,true,false,0,0,0,,,false,0,,,false,false,false,true,,,,,,,,0,0,,,,,,0.00,0.00,,0.00
PO-56EUXR1,XR Textile,PRODUCTION,in_progress,,2026-04-24,2026-06-30,M,2026-06-24,FLEX,2026-08-18,FLEX,2026-08-25,,2026-06-30,,,true,,FLEX-3964528,26821.7000,true,26821.70,true,26821.70,30.00,20.00,50.00,8046.51,5364.34,13410.85,0.00,8046.51,,,5364.34,,,,,,,0.00,33506.23,,"Pallet Labels Required

Max Pallet Height 1.5m",2026-04-24,2026-06-30,2026-10-17,,60,on_clearance,P56-UK-XR1,PO-56EUXR1,sea,FLEXPORT,FLEX-3964528,,,,,,,,,,,,,false,false,,,,true,,true,,false,,true,,false,,,,,,EU,M,EU,EU iFulfillment,PO-56EUXR1,56,56.0526,true,false,0,63,63,2026-08-25,1690838,true,0,,,false,true,true,true,5.0,,,,,,,0,0,,5343.50,FLEX,5343.50,"[object Object],[object Object],[object Object]",3218.60,7076.76,20,42460.56
PO-56UKLX1,Lixin,PRODUCTION,in_progress,,2026-04-24,2026-06-30,M,2026-07-07,calc,2026-09-05,calc,2026-09-12,,2026-06-30,,,true,,FLEX-3986585,113039.9000,true,,false,113039.90,30.00,20.00,50.00,33911.97,22607.98,56519.95,0.00,33911.97,,,22607.98,,,,,,,0.00,73646.90,,SS26 top up,2026-04-24,2026-06-30,2026-12-04,,90,on_clearance,P56-UK-LX1,PO-56UKLX1,sea,FLEXPORT,FLEX-3986585,,,,,,,,,,,,,false,false,,,,true,,true,,false,,true,,false,,,,,,UK,M,UK,UK ILG,PO-56UKLX1,56,56.0526,true,false,0,37,37,2026-09-09,1690829,true,1,,,false,true,true,true,21.2,,,,,,,0,0,,5733.10,FLEX,5733.10,"[object Object],[object Object],[object Object]",13564.79,26467.56,20,158805.35
PO-56UKLX2,Lixin,PRODUCTION,in_progress,,2026-04-24,2026-06-30,M,2026-07-07,calc,2026-09-05,calc,2026-09-12,,2026-06-30,,,true,,,114244.3800,true,,false,114244.38,30.00,20.00,50.00,34273.31,22848.88,57122.19,0.00,34273.31,,,22848.88,,,,,,,0.00,73646.90,,AW26 bulk,2026-04-24,2026-06-30,2026-12-04,,90,on_clearance,P56-UK-LX1,PO-56UKLX2,sea,FLEXPORT,FLEX-4000637,,,,,,,,,,,,,false,false,,,,true,,true,,false,,true,,false,,,,,,UK,M,UK,UK ILG,PO-56UKLX2,56,56.0526,true,false,0,49,49,2026-09-11,1690830,true,0,,,false,true,true,true,21.4,,,,,,,0,0,,,,,"[object Object],[object Object],[object Object]",13709.33,25590.74,20,153544.45
PO-56UKLX3-AIR,Lixin,PRODUCTION,in_progress,,2026-04-24,2026-06-30,M,2026-07-07,calc,2026-09-05,calc,2026-09-12,,2026-06-30,,,false,,,1054.0800,true,,false,1054.08,30.00,20.00,50.00,316.22,210.82,527.04,0.00,316.22,,,210.82,,,,,,,0.00,73646.90,,brightside picnic blankets replacement stock from the US shipment,2026-04-24,2026-06-30,2026-12-04,,90,on_clearance,P56-UK-LX1,,,,,,,,,,,,,,,,,false,false,,,,true,,true,,false,,true,,false,,,,,,OT,M,OT,UK ILG,PO-56UKLX3-AIR,56,56.0526,true,false,1,0,1,,,false,0,,,false,false,true,true,0.2,,,,,,,0,0,,,,,,0.00,0.00,,1054.08
PO-56UKLX3-BUNDLE,Lixin,PRODUCTION,in_progress,,2026-06-01,2026-07-31,M,2026-08-07,calc,2026-10-06,calc,2026-10-13,,2026-07-31,,,false,,,21785.2400,true,,false,21785.24,30.00,20.00,50.00,6535.57,4357.05,10892.62,0.00,6535.57,,,4357.05,,,,,,,0.00,73646.90,,NEXT,2026-06-01,2026-07-31,2027-01-04,,90,on_clearance,P56-UK-LX1,,,,,,,,,,,,,,,,,false,false,,,,true,,true,,false,,true,,false,,,,,,UK,M,UK,UK B2B NEXT,PO-56UKLX3-BUNDLE,56,56.0526,true,false,4,0,4,,,false,0,,,false,true,false,true,1.8,,,,,,,0,0,,,,,"[object Object],[object Object],[object Object]",2614.23,4879.89,20,29279.36
PO-56UKLX4-BUNDLE,Lixin,PRODUCTION,in_progress,,2026-06-01,2026-07-31,M,2026-08-07,calc,2026-10-06,calc,2026-10-13,,2026-07-31,,,false,,,30496.0000,true,,false,30496.00,30.00,20.00,50.00,9148.80,6099.20,15248.00,0.00,9148.80,,,6099.20,,,,,,,0.00,73646.90,,Glow Getaway Stock - extra stock,2026-06-01,2026-07-31,2027-01-04,,90,on_clearance,P56-UK-LX1,,,,,,,,,,,,,,,,,false,false,,,,true,,true,,false,,true,,false,,,,,,UK,M,UK,UK ILG,PO-56UKLX4-BUNDLE,56,56.0526,true,false,2,0,2,,,false,0,,,false,true,false,true,0.8,,,,,,,0,0,,,,,"[object Object],[object Object],[object Object]",3659.52,6831.10,20,40986.62
PO-56UKMQ1,MQ Print (Sherry),PRODUCTION,in_progress,,2026-04-24,2026-06-30,M,2026-07-07,calc,2026-09-05,calc,2026-09-12,,2026-06-30,,,false,,,6764.7800,true,,false,6764.78,50.00,0,50.00,0.00,0,6764.78,0.00,3382.39,,,0,,,,,,,0.00,0.00,,,2026-04-24,,2026-07-07,,0,on_shipment,NO DEPOSIT,,,,,,,,,,,,,,,,,false,false,,,,true,,true,,false,,true,,false,,,,,,UK,M,UK,UK ILG,PO-56UKMQ1,56,56.0526,true,false,5,0,5,,,false,0,,,false,true,true,true,6.0,,,,,,,0,0,,,,,"[object Object],[object Object],[object Object]",0.00,1352.96,20,8117.74
PO-56UKWK1,Weireken,PRODUCTION,in_progress,,2026-04-24,2026-06-30,M,2026-07-07,calc,2026-09-05,calc,2026-09-12,,2026-06-30,,,false,,,21376.4800,true,,false,21376.48,30.00,0,70.00,6412.94,0,14963.54,0.00,6412.94,,,0,,,,,,,0.00,11709.76,,,2026-04-24,,2026-08-06,,30,on_shipment,P56-UK-WK1,,,,,,,,,,,,,,,,,false,false,,,,true,,true,,false,,true,,false,,,,,,UK,M,UK,UK ILG,PO-56UKWK1,56,56.0526,true,false,0,8,8,2026-08-28,1690831,true,1,,,false,true,false,true,3.6,,,,,,,0,0,,,,,"[object Object],[object Object],[object Object]",2565.18,4788.33,20,28729.99
PO-56UKWK4-BUNDLE,Weireken,PRODUCTION,in_progress,,2026-05-27,2026-07-26,M,2026-08-02,calc,,,,,2026-07-26,,,false,,,,false,,false,0.00,0,0,100,0.00,,,0.00,0.00,,,0,,,,,,,0.00,11709.76,,Glow Getaway Stock to be sent to Lixin,,,2026-08-02,,30,on_shipment,P56-UK-WK1,,,,,,,,,,,,,,,,,false,false,,,,true,,true,,false,,true,,false,,,,,,OT,M,OT,Manufacturing,PO-56UKWK4-BUNDLE,56,56.0526,true,false,0,0,0,,,false,0,,,,false,false,true,,,,,,,,0,0,,,,,,0.00,0.00,,0.00
PO-56UKXR1,XR Textile,PRODUCTION,in_progress,,2026-04-24,2026-06-30,M,2026-06-18,FLEX,2026-08-03,FLEX,2026-08-10,,2026-06-30,,,true,,FLEX-3952919,119268.1800,true,119268.18,true,119268.18,30.00,20.00,50.00,23853.64,35780.45,59634.09,0.00,35780.45,23853.64,2026-06-19,35780.45,35780.45,,,,,,11926.81,33506.23,,SS26 top up,2026-04-24,2026-06-30,2026-09-27,2026-09-27,60,on_clearance,P56-UK-XR1,PO-56UKXR1,sea,FLEXPORT,FLEX-3952919,,,,,,,,,,,,,false,false,,,,true,,true,,false,,true,,false,,,,,,UK,M,UK,UK ILG,PO-56UKXR1,56,56.0526,true,false,0,63,63,2026-08-14,1690832,true,1,,,false,true,false,true,22.0,,,,,,,0,0,,7705.78,FLEX,7705.78,"[object Object],[object Object],[object Object]",14312.18,28257.23,20,169543.37
PO-56UKXR3-BUNDLE,XR Textile,PRODUCTION,in_progress,,2026-05-18,2026-06-27,M,2026-07-04,calc,2026-07-04,calc,2026-07-11,,2026-06-27,,,false,,,,false,,false,0.00,0,0,100,0.00,,,0.00,0.00,,,0,,,,,,,0.00,8686.66,,Glow Getaway Stock PO,,,2026-07-04,,60,on_clearance,P56-UK-XR2,,,,,,,,,,,,,,,,,false,false,,,,true,,true,,false,,true,,false,,,,,,UK,M,UK,Direct to Client,PO-56UKXR3-BUNDLE,56,56.0526,true,false,0,0,0,,,false,0,,,true,true,false,true,,,,,,,,0,0,,,,,"[object Object],[object Object],[object Object]",0.00,0.00,20,0.00
PO-56USLX1,Lixin,PRODUCTION,in_progress,,2026-04-24,2026-06-30,M,2026-07-07,calc,2026-08-04,calc,2026-08-11,,2026-06-30,,,false,,,16987.1000,true,,false,16987.10,30.00,20.00,50.00,5096.13,3397.42,8493.55,0.00,5096.13,,,3397.42,,,,,,,0.00,73646.90,,SS26 top up,2026-04-24,2026-06-30,2026-11-02,,90,on_clearance,P56-UK-LX1,,,,,,,,,,,,,,,,,false,false,,,,true,,true,,false,,true,,false,,,,,,US,M,US,US Geneva,PO-56USLX1,56,56.0526,true,false,0,13,13,2026-08-26,1690822,true,1,,,false,true,true,true,3.1,,,,,,,0,0,,,,,"[object Object],[object Object],[object Object]",1528.84,0.00,0,18515.94
PO-56USLX2,Lixin,PRODUCTION,in_progress,,2026-04-24,2026-06-30,M,2026-07-07,calc,2026-08-04,calc,2026-08-11,,2026-06-30,,,true,,,21172.0000,true,,false,21172.00,30.00,20.00,50.00,6351.60,4234.40,10586.00,0.00,6351.60,,,4234.40,,,,,,,0.00,73646.90,,AW26 bulk. Includes Dillards qtys,2026-04-24,2026-06-30,2026-11-02,,90,on_clearance,P56-UK-LX1,PO-56USLX2,sea,FLEXPORT,FLEX-4000625,,,,,,,,,,,,,false,false,,,,true,,true,,false,,true,,false,,,,,,US,M,US,US Geneva,PO-56USLX2,56,56.0526,true,false,0,39,39,2026-08-18,1690823,true,1,,,false,true,true,true,3.7,,,,,,,0,0,,,,,"[object Object],[object Object],[object Object]",1905.48,0.00,0,23077.48
PO-56USLX3-BUNDLE,Lixin,PRODUCTION,in_progress,,2026-06-01,2026-07-31,M,2026-08-07,calc,2026-09-04,calc,2026-09-11,,2026-07-31,,,false,,,36537.0800,true,,false,36537.08,30.00,20.00,50.00,10961.12,7307.42,18268.54,0.00,10961.12,,,7307.42,,,,,,,0.00,73646.90,,Glow Getaway Stock,2026-06-01,2026-07-31,2026-12-03,,90,on_clearance,P56-UK-LX1,,,,,,,,,,,,,,,,,false,false,,,,true,,true,,false,,true,,false,,,,,,US,M,US,US Geneva,PO-56USLX3-BUNDLE,56,56.0526,true,false,4,0,4,,,false,0,,,false,true,false,true,1.6,,,,,,,0,0,,,,,"[object Object],[object Object],[object Object]",3288.34,0.00,0,39825.42
PO-56USWK1,Weireken,PRODUCTION,in_progress,,2026-04-24,2026-06-30,M,2026-07-07,calc,2026-08-04,calc,2026-08-11,,2026-06-30,,,false,,,6033.2000,true,,false,6033.20,30.00,0,70.00,1809.96,0,4223.24,0.00,1809.96,,,0,,,,,,,0.00,11709.76,,,2026-04-24,,2026-08-06,,30,on_shipment,P56-UK-WK1,,,,,,,,,,,,,,,,,false,false,,,,true,,true,,false,,true,,false,,,,,,US,M,US,US Geneva,PO-56USWK1,56,56.0526,true,false,0,5,5,2026-08-26,1690825,true,1,,,false,true,false,true,1.6,,,,,,,0,0,,,,,"[object Object],[object Object],[object Object]",542.99,0.00,0,6576.19
PO-56USWK4-BUNDLE,Weireken,PRODUCTION,in_progress,,2026-05-27,2026-07-26,M,2026-08-02,calc,,,,,2026-07-26,,,false,,,,false,,false,0.00,0,0,100,0.00,,,0.00,0.00,,,0,,,,,,,0.00,11709.76,,Glow Getaway Stock to be sent to Lixin,,,2026-08-02,,30,on_shipment,P56-UK-WK1,,,,,,,,,,,,,,,,,false,false,,,,true,,true,,false,,true,,false,,,,,,OT,M,OT,Manufacturing,PO-56USWK4-BUNDLE,56,56.0526,true,false,0,0,0,,,false,0,,,,false,false,true,,,,,,,,0,0,,,,,,0.00,0.00,,0.00
PO-56USXR3-BUNDLE,XR Textile,PRODUCTION,in_progress,,2026-05-18,2026-06-27,M,2026-07-04,calc,,,,,2026-06-27,,,false,,,,false,,false,0.00,0,0,100,0.00,,,0.00,0.00,,,0,,,,,,,0.00,8686.66,,Glow Getaway Stock PO,,,2026-07-04,,60,on_clearance,P56-UK-XR2,,,,,,,,,,,,,,,,,false,false,,,,true,,true,,false,,true,,false,,,,,,US,M,US,Manufacturing,PO-56USXR3-BUNDLE,56,56.0526,true,false,0,0,0,,,false,0,,,,false,false,true,,,,,,,,0,0,,,,,"[object Object],[object Object],[object Object]",0.00,0.00,0,0.00
PO-56XR-BUNDLE,XR Textile,PRODUCTION,in_progress,,2026-06-01,2026-07-31,M,2026-08-07,calc,,,,,2026-07-31,,,false,,,,false,,false,0.00,0,0,100,0.00,,,0.00,0.00,,,0,,,,,,,0.00,8686.66,,Glow Getaway Stock to be sent to Rebecca,,,2026-08-07,,60,on_clearance,P56-UK-XR2,,,,,,,,,,,,,,,,,false,false,,,,true,,true,,false,,true,,false,,,,,,OT,M,OT,Manufacturing,PO-56XR-BUNDLE,56,56.0526,true,false,0,0,0,,,false,0,,,,false,false,true,,,,,,,,0,0,,,,,,0.00,0.00,,0.00
PO-57AUBL1,Ballast,PRODUCTION,in_progress,Planned,2026-07-01,2026-08-30,M,2026-09-06,calc,2026-10-04,calc,2026-10-11,,2026-08-30,,,true,,,12780.0000,true,,false,12780.00,30.00,35.00,35.00,3834.00,4473.00,4473.00,0.00,3834.00,,,4473.00,,,,,,,0.00,,,SS27,2026-07-01,2026-08-30,2026-11-05,,60,on_shipment,,PO-57AUBL1,,,,,,,,,,,,,,,,false,false,,,,true,,true,,false,,true,,false,,,,,,AU,M,AU,AU Coghlans,PO-57AUBL1,57,57.0626,true,false,4,0,4,,,false,0,ready_to_ship,16,false,false,true,true,0.6,,,,,,2026-07-15,0,0,,,,,"[object Object],[object Object],[object Object]",414.00,1319.40,10,14513.40
PO-57AULX1,Lixin,PRODUCTION,in_progress,,2026-07-01,2026-08-30,M,2026-09-06,calc,2026-10-04,calc,2026-10-11,,2026-08-30,,,false,,,137163.5600,true,,false,137163.56,30.00,20.00,50.00,41149.07,27432.71,68581.78,0.00,41149.07,,,27432.71,,,,,,,0.00,,,"Ship early Sept

SS27 mini bulk",2026-07-01,2026-08-30,2027-01-02,,90,on_clearance,,,,,,,,,,,,,,,,,,false,false,,,,true,,true,,false,,true,,false,,,,,,AU,M,AU,AU Coghlans,PO-57AULX1,57,57.0626,true,false,110,0,110,,,false,0,,,false,true,true,true,12.6,,,,,,,0,0,,,,,"[object Object],[object Object],[object Object]",567.88,13773.14,10,151504.58
PO-57AULX4,Lixin,PRODUCTION,in_progress,,2026-06-18,2026-07-28,M,2026-08-04,calc,2026-09-01,calc,2026-09-08,,2026-07-28,,,false,,,14376.2600,true,,false,14376.26,30.00,20.00,50.00,4312.88,2875.25,7188.13,0.00,4312.88,,,2875.25,,,,,,,0.00,,,,2026-06-18,2026-07-28,2026-11-30,,90,on_clearance,,,,,,,,,,,,,,,,,,false,false,,,,true,,true,,false,,true,,false,,,,,,AU,M,AU,AU Coghlans,PO-57AULX4,57,57.0626,true,false,26,0,26,,,false,0,,,false,true,true,true,2.8,,,,,,,0,0,,,,,"[object Object],[object Object],[object Object]",718.81,1509.51,10,16604.58
PO-57AUWK1,Weireken,PRODUCTION,in_progress,,2026-07-01,2026-08-30,M,2026-09-06,calc,2026-10-04,calc,2026-10-11,,2026-08-30,,,false,,,,false,,false,0.00,0,0,100,0.00,,,0.00,0.00,,,0,,,,,,,0.00,0.00,,SS27 mini bulk,,,2026-09-06,,30,on_shipment,P57-UK-WK1,,,,,,,,,,,,,,,,,false,false,,,,true,,true,,false,,true,,false,,,,,,AU,M,AU,AU Coghlans,PO-57AUWK1,57,57.0626,true,false,0,0,0,,,false,0,,,false,true,false,true,,,,,,,,0,0,,,,,"[object Object],[object Object],[object Object]",0.00,0.00,10,0.00
PO-57AUXR1,XR Textile,PRODUCTION,in_progress,Planned,2026-06-12,2026-07-27,M,2026-08-03,calc,2026-08-31,calc,2026-09-07,,2026-07-27,,,true,,,34659.1000,true,,false,34659.10,30.00,20.00,50.00,10397.73,6931.82,17329.55,0.00,10397.73,,,6931.82,,,,,,,0.00,,,,2026-06-12,2026-07-27,2026-10-30,,60,on_clearance,,PO-57AUXR1,,,,,,,,,,,,,,,,false,false,,,,true,,true,,false,,true,,false,,,,,,AU,M,AU,AU Coghlans,PO-57AUXR1,57,57.0626,true,false,50,0,50,,,false,0,,,false,false,true,true,5.3,,,,,,,0,0,,,,,"[object Object],[object Object],[object Object]",1472.38,3613.15,10,39744.62
PO-57BALLAST,Ballast,PRODUCTION,in_progress,,2026-07-01,2026-07-23,M,2026-07-30,calc,2026-07-30,calc,2026-08-06,,2026-07-23,,,false,,,20280.0000,true,,false,20280.00,30.00,35.00,35.00,6084.00,7098.00,7098.00,0.00,6084.00,,,7098.00,,,,,,,0.00,,,SS27 Spare stock,2026-07-01,2026-07-23,2026-09-28,,60,on_shipment,,,,,,,,,,,,2026-07-08,preview (acting as Ballast),,,,,false,false,,,,true,,true,,false,,true,,false,,,,,,OT,M,OT,Direct to Client,PO-57BALLAST,57,57.0626,true,false,4,0,4,,,false,0,in_production,16,false,false,true,true,1.0,,,,,,,0,0,,,,,,0.00,0.00,,20280.00
PO-57EUBL1,Ballast,PRODUCTION,in_progress,Planned,2026-07-01,2026-08-30,M,2026-09-06,calc,2026-11-15,calc,2026-11-22,,2026-08-30,,,true,,,12780.0000,true,,false,12780.00,30.00,35.00,35.00,3834.00,4473.00,4473.00,0.00,3834.00,,,4473.00,,,,,,,0.00,,,"Pallet Labels Required

Max Pallet Height 1.5m",2026-07-01,2026-08-30,2026-11-05,,60,on_shipment,,PO-57EUBL1,,DHL,DHLtest1235,,,,,,,,,,,,,false,false,,,,true,,true,,false,,true,,false,,,,,,EU,M,EU,EU iFulfillment,PO-57EUBL1,57,57.0626,true,false,4,0,4,,,false,0,,,false,false,true,true,0.6,,,,,,,0,0,,,,,"[object Object],[object Object],[object Object]",993.60,2754.72,20,16528.32
PO-57EULX1,Lixin,PRODUCTION,in_progress,,2026-07-01,2026-08-30,M,2026-09-06,calc,2026-11-15,calc,2026-11-22,,2026-08-30,,,false,,,120154.9600,true,,false,120154.96,30.00,20.00,50.00,36046.49,24030.99,60077.48,0.00,36046.49,,,24030.99,,,,,,,0.00,,,"Pallet Labels Required

Max Pallet Height 1.5m",2026-07-01,2026-08-30,2027-02-13,,90,on_clearance,,,,,,,,,,,,,,,,,,false,false,,,,true,,true,,false,,true,,false,,,,,,EU,M,EU,EU iFulfillment,PO-57EULX1,57,57.0626,true,false,110,0,110,,,false,0,,,false,true,true,true,20.3,,,,,,,0,0,,,,,"[object Object],[object Object],[object Object]",2697.48,24570.49,20,147422.93
PO-57EULX4,Lixin,PRODUCTION,in_progress,,2026-06-18,2026-07-28,M,2026-08-04,calc,2026-10-13,calc,2026-10-20,,2026-07-28,,,false,,,725.3000,true,,false,725.30,30.00,20.00,50.00,217.59,145.06,362.65,0.00,217.59,,,145.06,,,,,,,0.00,,,"Pallet Labels Required

Max Pallet Height 1.5m",2026-06-18,2026-07-28,2027-01-11,,90,on_clearance,,,,,,,,,,,,,,,,,,false,false,,,,true,,true,,false,,true,,false,,,,,,EU,M,EU,EU iFulfillment,PO-57EULX4,57,57.0626,true,false,0,7,7,2026-10-13,1760708,true,1,,,false,true,true,true,0.2,,,,,,,0,0,,,,,"[object Object],[object Object],[object Object]",87.04,162.47,20,974.80
PO-57EUWK1,Weireken,PRODUCTION,in_progress,,2026-07-01,2026-08-30,M,2026-09-06,calc,2026-11-15,calc,2026-11-22,,2026-08-30,,,false,,,5140.000,true,,false,5140.00,30.00,0,70.00,0.00,0,5140.00,0.00,1542.00,,,0,,,,,,,0.00,0.00,,"Pallet Labels Required

Max Pallet Height 1.5m",2026-07-01,,2026-10-06,,30,on_shipment,P57-UK-WK1,,,,,,,,,,,,,,,,,false,false,,,,true,,true,,false,,true,,false,,,,,,EU,M,EU,EU iFulfillment,PO-57EUWK1,57,57.0626,true,false,11,0,11,,,false,0,,,false,true,false,true,1.1,,,,,,,0,0,,,,,"[object Object],[object Object],[object Object]",0.00,1028.00,20,6168.00
PO-57EUXR1,XR Textile,PRODUCTION,in_progress,,2026-06-12,2026-07-27,M,2026-08-03,calc,2026-10-12,calc,2026-10-19,,2026-07-27,,,false,,,15680.4800,true,,false,15680.48,30.00,20.00,50.00,4704.14,3136.10,7840.24,0.00,4704.14,,,3136.10,,,,,,,0.00,,,"Pallet Labels Required

Max Pallet Height 1.5m",2026-06-12,2026-07-27,2026-12-11,,60,on_clearance,,,,,,,,,,,,,,,,,,false,false,,,,true,,true,,false,,true,,false,,,,,,EU,M,EU,EU iFulfillment,PO-57EUXR1,57,57.0626,true,false,0,48,48,2026-10-12,1760700,true,1,,,false,true,true,true,3.0,,,,,,,0,0,,,,,"[object Object],[object Object],[object Object]",1881.66,3512.43,20,21074.57
PO-57UKBL1,Ballast,PRODUCTION,in_progress,Planned,2026-07-01,2026-08-30,M,2026-09-06,calc,2026-11-05,calc,2026-11-12,,2026-08-30,,,true,,,89460.0000,true,,false,89460.00,30.00,35.00,35.00,26838.00,31311.00,31311.00,0.00,26838.00,,,31311.00,,,,,,,0.00,,,SS27,2026-07-01,2026-08-30,2026-11-05,,60,on_shipment,,PO-57UKBL1,,,,,,,,,,,,,,,,false,false,,,,true,,true,,false,,true,,false,,,,,,UK,M,UK,UK ILG,PO-57UKBL1,57,57.0626,true,false,4,0,4,,,false,0,,,false,false,true,true,3.9,,,,,,,0,0,,,,,"[object Object],[object Object],[object Object]",6955.20,19283.04,20,115698.24
PO-57UKLX1,Lixin,PRODUCTION,in_progress,,2026-07-01,2026-08-30,M,2026-09-06,calc,2026-11-05,calc,2026-11-12,,2026-08-30,,,false,,,130204.400,true,,false,130204.40,30.00,20.00,50.00,39061.32,26040.88,65102.20,0.00,39061.32,,,26040.88,,,,,,,0.00,,,"Ship early Sept

SS27 mini bulk",2026-07-01,2026-08-30,2027-02-03,,90,on_clearance,,,,,,,,,,,,,,,,,,false,false,,,,true,,true,,false,,true,,false,,,,,,UK,M,UK,UK ILG,PO-57UKLX1,57,57.0626,true,false,67,0,67,,,false,0,,,false,true,true,true,20.8,,,,,,,0,0,,,,,"[object Object],[object Object],[object Object]",0.00,26040.88,20,156245.28
PO-57UKLX2,Lixin,PRODUCTION,in_progress,,2026-07-01,2026-08-30,M,2026-09-06,calc,2026-11-05,calc,2026-11-12,,2026-08-30,,,false,,,121237.860,true,,false,121237.86,30.00,20.00,50.00,36371.36,24247.57,60618.93,0.00,36371.36,,,24247.57,,,,,,,0.00,,,"Ship early Sept

SS27 mini bulk",2026-07-01,2026-08-30,2027-02-03,,90,on_clearance,,,,,,,,,,,,,,[object Object],,,,false,false,,,,true,,true,,false,,true,,false,,,,,,UK,M,UK,UK ILG,PO-57UKLX2,57,57.0626,true,false,45,0,45,,,false,0,in_production,13,false,true,true,true,23.6,,,,,,2026-08-08,0,0,,,,,"[object Object],[object Object],[object Object]",0.00,24247.57,20,145485.43
PO-57UKLX3,Lixin,PRODUCTION,in_progress,,2026-07-01,2026-08-30,M,2026-09-06,calc,2026-11-05,calc,2026-11-12,,2026-08-30,,,false,,,61482.0000,true,,false,61482.00,30.00,20.00,50.00,18444.60,12296.40,30741.00,0.00,18444.60,,,12296.40,,,,,,,0.00,,,"Ship early Sept

SS27 mini bulk

New SS27 cabana. Ship as a crossdock",2026-07-01,2026-08-30,2027-02-03,,90,on_clearance,,,,,,,,,,,,,,,,,,false,false,,,,true,,true,,false,,true,,false,,,,,,UK,M,UK,UK ILG,PO-57UKLX3,57,57.0626,true,false,10,0,10,,,false,0,,,false,true,true,true,11.5,,,,,,,0,0,,,,,"[object Object],[object Object],[object Object]",7377.84,13771.97,20,82631.81
PO-57UKLX4,Lixin,PRODUCTION,in_progress,,2026-06-18,2026-07-28,M,2026-08-04,calc,2026-10-03,calc,2026-10-10,,2026-07-28,,,false,,,44033.6200,true,,false,44033.62,30.00,20.00,50.00,13210.09,8806.72,22016.81,0.00,13210.09,,,8806.72,,,,,,,0.00,,,,2026-06-18,2026-07-28,2027-01-01,,90,on_clearance,,,,,,,,,,,,,,,,,,false,false,,,,true,,true,,false,,true,,false,,,,,,UK,M,UK,UK ILG,PO-57UKLX4,57,57.0626,true,false,0,45,45,2026-09-26,1760709,true,1,,,false,true,true,true,7.9,,,,,,,0,0,,,,,"[object Object],[object Object],[object Object]",5284.03,9863.53,20,59181.19
PO-57UKMQ1,MQ Print (Sherry),PRODUCTION,in_progress,,2026-06-12,2026-07-12,M,2026-07-19,calc,2026-09-17,calc,2026-09-24,,2026-07-12,,,false,,,17762.7200,true,,false,17762.72,50.00,0,50.00,8881.36,0,8881.36,0.00,8881.36,,,0,,,,,,,0.00,,,,2026-06-12,,2026-07-19,,0,on_shipment,,,,,,,,,,,,,,,,,,false,false,,,,true,,true,,false,,true,,false,,,,,,UK,M,UK,UK ILG,PO-57UKMQ1,57,57.0626,true,false,0,6,6,2026-09-10,1760701,true,1,,,false,true,true,true,7.4,,,,,,,0,0,,,,,"[object Object],[object Object],[object Object]",0.00,3552.54,20,21315.26
PO-57UKWK1,Weireken,PRODUCTION,in_progress,,2026-07-01,2026-08-30,M,2026-09-06,calc,2026-11-05,calc,2026-11-12,,2026-08-30,,,false,,,51685.000,true,,false,51685.00,30.00,0,70.00,0.00,0,51685.00,0.00,15505.50,,,0,,,,,,,0.00,0.00,,"Ship early Sept

SS27 mini bulk",2026-07-01,,2026-10-06,,30,on_shipment,P57-UK-WK1,,,,,,,,,,,,,,,,,false,false,,,,true,,true,,false,,true,,false,,,,,,UK,M,UK,UK ILG,PO-57UKWK1,57,57.0626,true,false,11,0,11,,,false,0,,,false,true,false,true,11.2,,,,,,,0,0,,,,,"[object Object],[object Object],[object Object]",0.00,10337.00,20,62022.00
PO-57UKXR1,XR Textile,PRODUCTION,in_progress,,2026-06-12,2026-07-27,M,2026-08-03,calc,2026-10-02,calc,2026-10-09,,2026-07-27,,,false,,,102235.5800,true,,false,102235.58,30.00,20.00,50.00,30670.67,20447.12,51117.79,0.00,30670.67,,,20447.12,,,,,,,0.00,,,,2026-06-12,2026-07-27,2026-12-01,,60,on_clearance,,,,,,,,,,,,,,,,,,false,false,,,,true,,true,,false,,true,,false,,,,,,UK,M,UK,UK ILG,PO-57UKXR1,57,57.0626,true,false,0,74,74,2026-09-25,1760702,true,1,,,false,true,true,true,17.3,,,,,,,0,0,,,,,"[object Object],[object Object],[object Object]",12268.27,22900.77,20,137404.62
PO-57USLX1,Lixin,PRODUCTION,in_progress,,2026-07-01,2026-08-30,M,2026-09-06,calc,2026-10-04,calc,2026-10-11,,2026-08-30,,,false,,,125535.400,true,,false,125535.40,30.00,20.00,50.00,37660.62,25107.08,62767.70,0.00,37660.62,,,25107.08,,,,,,,0.00,,,"Ship early Sept

SS27 mini bulk",2026-07-01,2026-08-30,2027-01-02,,90,on_clearance,,,,,,,,,,,,,,,,,,false,false,,,,true,,true,,false,,true,,false,,,,,,US,M,US,US Geneva,PO-57USLX1,57,57.0626,true,false,66,0,66,,,false,0,,,false,true,true,true,19.9,,,,,,,0,0,,,,,"[object Object],[object Object],[object Object]",0.00,0.00,0,125535.40
PO-57USLX2,Lixin,PRODUCTION,in_progress,,2026-07-01,2026-08-30,M,2026-09-06,calc,2026-10-04,calc,2026-10-11,,2026-08-30,,,false,,,67192.160,true,,false,67192.16,30.00,20.00,50.00,20157.65,13438.43,33596.08,0.00,20157.65,,,13438.43,,,,,,,0.00,,,"Ship early Sept

SS27 mini bulk",2026-07-01,2026-08-30,2027-01-02,,90,on_clearance,,,,,,,,,,,,,,,,,,false,false,,,,true,,true,,false,,true,,false,,,,,,US,M,US,US Geneva,PO-57USLX2,57,57.0626,true,false,44,0,44,,,false,0,,,false,true,true,true,13.1,,,,,,,0,0,,,,,"[object Object],[object Object],[object Object]",0.00,0.00,0,67192.16
PO-57USLX3,Lixin,PRODUCTION,in_progress,,2026-07-01,2026-08-30,M,2026-09-06,calc,2026-10-04,calc,2026-10-11,,2026-08-30,,,false,,,61482.0000,true,,false,61482.00,30.00,20.00,50.00,18444.60,12296.40,30741.00,0.00,18444.60,,,12296.40,,,,,,,0.00,,,"Ship early Sept

SS27 mini bulk

New SS27 cabana. Ship as a crossdock",2026-07-01,2026-08-30,2027-01-02,,90,on_clearance,,,,,,,,,,,,,,,,,,false,false,,,,true,,true,,false,,true,,false,,,,,,US,M,US,US Geneva,PO-57USLX3,57,57.0626,true,false,10,0,10,,,false,0,,,false,true,true,true,11.5,,,,,,,0,0,,,,,"[object Object],[object Object],[object Object]",5533.38,0.00,0,67015.38
PO-57USLX4,Lixin,PRODUCTION,in_progress,,2026-06-18,2026-07-28,M,2026-08-04,calc,2026-09-01,calc,2026-09-08,,2026-07-28,,,false,,,1399.2800,true,,false,1399.28,30.00,20.00,50.00,419.78,279.86,699.64,0.00,419.78,,,279.86,,,,,,,0.00,,,,2026-06-18,2026-07-28,2026-11-30,,90,on_clearance,,,,,,,,,,,,,,,,,,false,false,,,,true,,true,,false,,true,,false,,,,,,US,M,US,US Geneva,PO-57USLX4,57,57.0626,true,false,0,6,6,2026-09-25,1760710,true,1,,,false,true,true,true,0.3,,,,,,,0,0,,,,,"[object Object],[object Object],[object Object]",125.94,0.00,0,1525.22
PO-57USMQ1,MQ Print (Sherry),PRODUCTION,in_progress,,2026-06-12,2026-07-12,M,2026-07-19,calc,2026-08-16,calc,2026-08-23,,2026-07-12,,,false,,,4078.0256,true,,false,4078.03,50.00,0,50.00,2039.01,0,2039.02,0.00,2039.01,,,0,,,,,,,0.00,,,,2026-06-12,,2026-07-19,,0,on_shipment,,,,,,,,,,,,,,,,,,false,false,,,,true,,true,,false,,true,,false,,,,,,US,M,US,US Geneva,PO-57USMQ1,57,57.0626,true,false,0,3,3,2026-09-09,1760703,true,1,,,false,true,true,true,1.4,,,,,,,0,0,,,,,"[object Object],[object Object],[object Object]",0.00,0.00,0,4078.03
PO-57USWK1,Weireken,PRODUCTION,in_progress,,2026-07-01,2026-08-30,M,2026-09-06,calc,2026-10-04,calc,2026-10-11,,2026-08-30,,,false,,,36995.000,true,,false,36995.00,30.00,0,70.00,0.00,0,36995.00,0.00,11098.50,,,0,,,,,,,0.00,0.00,,"Ship early Sept

SS27 mini bulk",2026-07-01,,2026-10-06,,30,on_shipment,P57-UK-WK1,,,,,,,,,,,,,,,,,false,false,,,,true,,true,,false,,true,,false,,,,,,US,M,US,US Geneva,PO-57USWK1,57,57.0626,true,false,11,0,11,,,false,0,,,false,true,false,true,6.8,,,,,,,0,0,,,,,"[object Object],[object Object],[object Object]",0.00,0.00,0,36995.00
PO-57USXR1,XR Textile,PRODUCTION,in_progress,,2026-06-12,2026-07-27,M,2026-08-03,calc,2026-08-31,calc,2026-09-07,,2026-07-27,,,false,,,10515.8000,true,,false,10515.80,30.00,20.00,50.00,3154.74,2103.16,5257.90,0.00,3154.74,,,2103.16,,,,,,,0.00,,,,2026-06-12,2026-07-27,2026-10-30,,60,on_clearance,,,,,,,,,,,,,,,,,,false,false,,,,true,,true,,false,,true,,false,,,,,,US,M,US,US Geneva,PO-57USXR1,57,57.0626,true,false,0,25,25,2026-09-24,1760704,true,1,,,false,true,true,true,2.2,,,,,,,0,0,,,,,"[object Object],[object Object],[object Object]",946.42,0.00,0,11462.22
PO-60UKBE1,Bright Eagle (Rebecca),PRODUCTION,in_progress,,2026-06-25,2026-07-10,M,2026-07-17,calc,2026-09-15,calc,2026-09-22,,2026-07-10,,,false,,,1146.000,true,,false,1146.00,0.00,0.00,100.00,0.00,0,1146.00,0.00,0.00,,,0,,,,,,,0.00,,,,,,2026-07-17,,0,on_shipment,,,,,,,,,,,,,,,,,,false,false,,,,true,,true,,false,,true,,false,,,,,,UK,M,UK,UK ILG,,60,55.0326,true,false,1,1,1,,,false,0,,,false,true,true,true,0.1,,,,,,,0,0,,,,,"[object Object],[object Object],[object Object]",0.00,229.20,20,1375.20
PO-DILLARDS-3222503001,Lixin,PRODUCTION,in_progress,,2026-04-24,2026-06-30,M,2026-07-07,calc,2026-07-07,calc,2026-07-14,,2026-06-30,,,false,,,1073.5200,true,,false,1073.52,30.00,20.00,50.00,322.06,214.70,536.76,0.00,322.06,,,214.70,,,,,,,0.00,,,PREORDER-027,2026-04-24,2026-06-30,2026-10-05,,90,on_clearance,,,,,,Dillards,RFID Tagging required + Pack by Store,DILLARDS-3222503001,3222503001,,,,,,,,PREORDER-027,false,false,,,,true,,true,,false,,true,,false,,,,,,US,M,US,Direct to Client,PO-DILLARDS-3222503001,56,56.0626,true,false,0,6,6,2026-07-09,1736515,true,1,,,true,true,true,true,0.2,,,,,,,1,0,,,,,"[object Object],[object Object],[object Object]",96.62,0.00,0,1170.14
PO-DILLARDS-3222503004,Lixin,PRODUCTION,in_progress,,2026-04-24,2026-06-30,M,2026-07-07,calc,2026-07-07,calc,2026-07-14,,2026-06-30,,,false,,,1968.1200,true,,false,1968.12,30.00,20.00,50.00,590.44,393.62,984.06,0.00,590.44,,,393.62,,,,,,,0.00,,,PREORDER-024,2026-04-24,2026-06-30,2026-10-05,,90,on_clearance,,,,,,Dillards,RFID Tagging required + Pack by Store,DILLARDS-3222503004,3222503004,,,,,,,,PREORDER-024,false,false,,,,true,,true,,false,,true,,false,,,,,,OT,M,OT,Direct to Client,PO-DILLARDS-3222503004,56,56.0626,true,false,0,6,6,2026-07-09,1736504,true,1,,,true,false,true,true,0.4,,,,,,,0,0,,,,,,0.00,0.00,,1968.12
PO-DILLARDS-3222503005,Lixin,PRODUCTION,in_progress,,2026-04-24,2026-06-30,M,2026-07-07,calc,2026-07-07,calc,2026-07-14,,2026-06-30,,,false,,,4294.0800,true,,false,4294.08,30.00,20.00,50.00,1288.22,858.82,2147.04,0.00,1288.22,,,858.82,,,,,,,0.00,,,PREORDER-025,2026-04-24,2026-06-30,2026-10-05,,90,on_clearance,,,,,,Dillards,RFID Tagging required + Pack by Store,DILLARDS-3222503005,3222503005,,,,,,,,PREORDER-025,false,false,,,,true,,true,,false,,true,,false,,,,,,OT,M,OT,Direct to Client,PO-DILLARDS-3222503005,56,56.0626,true,false,0,6,6,,1736513,true,0,,,true,false,true,true,0.9,,,,,,,0,0,,,,,,0.00,0.00,,4294.08
PO-DILLARDS-3222503006,Lixin,PRODUCTION,in_progress,,2026-04-24,2026-06-30,M,2026-07-07,calc,2026-07-07,calc,2026-07-14,,2026-06-30,,,false,,,715.6800,true,,false,715.68,30.00,20.00,50.00,214.70,143.14,357.84,0.00,214.70,,,143.14,,,,,,,0.00,,,PREORDER-022,2026-04-24,2026-06-30,2026-10-05,,90,on_clearance,,,,,,Dillards,RFID Tagging required + Pack by Store,DILLARDS-3222503006,3222503006,,,,,,,,PREORDER-022,false,false,,,,true,,true,,false,,true,,false,,,,,,OT,M,OT,Direct to Client,PO-DILLARDS-3222503006,56,56.0626,true,false,0,6,6,2026-07-09,1736502,true,1,,,true,false,true,true,0.1,,,,,,,0,0,,,,,,0.00,0.00,,715.68
PO-DILLARDS-3223429501,Lixin,PRODUCTION,in_progress,,2026-04-24,2026-06-30,M,2026-07-07,calc,2026-07-07,calc,2026-07-14,,2026-06-30,,,false,,,2692.8000,true,,false,2692.80,30.00,20.00,50.00,807.84,538.56,1346.40,0.00,807.84,,,538.56,,,,,,,0.00,,,PREORDER-023,2026-04-24,2026-06-30,2026-10-05,,90,on_clearance,,,,,,Dillards,RFID Tagging required + Pack by Store,DILLARDS-3223429501,3223429501,,,,,,,,PREORDER-023,false,false,,,,true,,true,,false,,true,,false,,,,,,OT,M,OT,Direct to Client,PO-DILLARDS-3223429501,56,56.0626,true,false,0,11,11,2026-07-09,1736503,true,1,,,true,false,true,true,0.3,,,,,,,0,0,,,,,,0.00,0.00,,2692.80
PO-DILLARDS-3223429502,Lixin,PRODUCTION,in_progress,,2026-04-24,2026-06-30,M,2026-07-07,calc,2026-07-07,calc,2026-07-14,,2026-06-30,,,false,,,5834.4000,true,,false,5834.40,30.00,20.00,50.00,1750.32,1166.88,2917.20,0.00,1750.32,,,1166.88,,,,,,,0.00,,,PREORDER-020,2026-04-24,2026-06-30,2026-10-05,,90,on_clearance,,,,,,Dillards,RFID Tagging required + Pack by Store,DILLARDS-3223429502,3223429502,,,,,,,,PREORDER-020,false,false,,,,true,,true,,false,,true,,false,,,,,,OT,M,OT,Direct to Client,PO-DILLARDS-3223429502,56,56.0626,true,false,0,11,11,2026-07-09,1736488,true,1,,,true,false,true,true,0.6,,,,,,,0,0,,,,,,0.00,0.00,,5834.40
PO-DILLARDS-3223429503,Lixin,PRODUCTION,in_progress,,2026-04-24,2026-06-30,M,2026-07-07,calc,2026-07-07,calc,2026-07-14,,2026-06-30,,,false,,,897.6000,true,,false,897.60,30.00,20.00,50.00,269.28,179.52,448.80,0.00,269.28,,,179.52,,,,,,,0.00,,,PREORDER-019,2026-04-24,2026-06-30,2026-10-05,,90,on_clearance,,,,,,Dillards,RFID Tagging required + Pack by Store,DILLARDS-3223429503,3223429503,,,,,,,,PREORDER-019,false,false,,,,false,,true,,true,,true,,true,,,,,,OT,M,OT,Direct to Client,PO-DILLARDS-3223429503,56,56.0626,true,false,0,11,11,2026-07-09,1736487,true,1,,,true,false,true,true,0.1,,,,,,,0,0,,,,,,0.00,0.00,,897.60
PO-DILLARDS-3223429504,Lixin,PRODUCTION,in_progress,,2026-04-24,2026-06-30,M,2026-07-07,calc,2026-07-07,calc,2026-07-14,,2026-06-30,,,false,,,4936.8000,true,,false,4936.80,30.00,20.00,50.00,1481.04,987.36,2468.40,0.00,1481.04,,,987.36,,,,,,,0.00,,,PREORDER-021,2026-04-24,2026-06-30,2026-10-05,,90,on_clearance,,,,,,Dillards,RFID Tagging required + Pack by Store,DILLARDS-3223429504,3223429504,,,,,,,,PREORDER-021,false,false,,,,true,,true,,false,,true,,false,,,,,,OT,M,OT,Direct to Client,PO-DILLARDS-3223429504,56,56.0626,true,false,0,11,11,2026-07-09,1736500,true,1,,,true,false,true,true,0.5,,,,,,,0,0,,,,,,0.00,0.00,,4936.80
PO-DILLARDS-3223429505,Lixin,PRODUCTION,in_progress,,2026-04-24,2026-06-30,M,2026-07-07,calc,2026-07-07,calc,2026-07-14,,2026-06-30,,,false,,,10923.6000,true,,false,10923.60,30.00,20.00,50.00,3277.08,2184.72,5461.80,0.00,3277.08,,,2184.72,,,,,,,0.00,,,PREORDER-018,2026-04-24,2026-06-30,2026-10-05,,90,on_clearance,,,,,,Dillards,RFID Tagging required + Pack by Store,DILLARDS-3223429505,3223429505,,,,,,,,PREORDER-018,false,false,,,,true,,true,,false,,true,,false,,,,,,OT,M,OT,Direct to Client,PO-DILLARDS-3223429505,56,56.0626,true,false,0,11,11,2026-07-09,1736483,true,1,,,true,false,true,true,1.0,,,,,,,0,0,,,,,,0.00,0.00,,10923.60
PO-DILLARDS-3223429506,Lixin,PRODUCTION,in_progress,,2026-04-24,2026-06-30,M,2026-07-07,calc,2026-07-07,calc,2026-07-14,,2026-06-30,,,false,,,1795.2000,true,,false,1795.20,30.00,20.00,50.00,538.56,359.04,897.60,0.00,538.56,,,359.04,,,,,,,0.00,,,PREORDER-017,2026-04-24,2026-06-30,2026-10-05,,90,on_clearance,,,,,,Dillards,RFID Tagging required + Pack by Store,DILLARDS-3223429506,3223429506,,,,,,,,PREORDER-017,false,false,,,,true,,true,,false,,true,,false,,,,,,OT,M,OT,Direct to Client,PO-DILLARDS-3223429506,56,56.0626,true,false,0,11,11,2026-07-09,1736481,true,1,,,true,false,true,true,0.2,,,,,,,0,0,,,,,,0.00,0.00,,1795.20
PO-MFG-DEMO2,Lixin,PRODUCTION,in_progress,,,,,,,,,,,,,,false,,,52280.540,true,,false,52280.54,30.00,20.00,50.00,15684.16,10456.11,26140.27,0.00,15684.16,,,10456.11,,,,,,,0.00,,,,,,,,90,on_clearance,,,,,,,,,,,,,,,,,,false,false,,,,true,,true,,false,,true,,false,,,,,,CN,branch,,China Stock,,58,,true,false,0,12,12,,1801851,true,0,,,,false,,true,9.9,,,,,,,0,0,,,,,,0.00,0.00,,52280.54
TRF-1631831A,Transfer,PRODUCTION,in_progress,Planned,2026-02-24,2026-04-25,M,2026-05-02,calc,2026-07-31,S,2026-07-31,,2026-04-25,,2026-06-16,true,FLEX-3760823,,61624.2200,true,,false,61624.22,0,0,100,0.00,0,61624.22,0.00,0.00,,,0,,,,,,,0.00,,,Uk to US MD Dry Bags Air Freight,,,2026-07-31,,,,,TRF-1631831A,sea,FLEXPORT,FLEX-3760823,,,,,,,,,,,,,false,false,,,,true,,true,,false,,true,,false,,,,,,US,branch,,US Geneva,,54,54.1125,false,false,125,0,125,,,false,0,,,false,false,false,true,10.8,,,,,,,0,0,,,,,"[object Object],[object Object],[object Object]",171.33,0.00,0,61795.55