SKU,cost,cost_lx,cost_xr,size_long
ACTIVE-LAR-BLUE,4.040,4.040,4.040,Extra Large (200x90cm)
ACTIVE-LAR-GREEN,4.040,4.040,4.040,Large (160x80cm)
ACTIVE-LAR-GREY,4.040,4.040,4.040,Large (160x80cm)
ACTIVE-LAR-ORANGE,4.040,4.040,4.040,Large (160x80cm)
ACTIVE-LAR-PINK,4.040,4.040,4.040,Large (160x80cm)
ACTIVE-LAR-RED,4.040,4.040,4.040,Large (160x80cm)
ACTIVE-SML-BLUE,2.410,2.410,2.410,"Small (100x50"") "
ACTIVE-SML-GREEN,2.410,2.410,2.410,"Small (100x50"") "
ACTIVE-SML-GREY,2.410,2.410,2.410,"Small (100x50"") "
ACTIVE-SML-ORANGE,2.410,2.410,2.410,"Small (100x50"") "
ACTIVE-SML-PINK,2.410,2.410,2.410,"Small (100x50"") "
ACTIVE-SML-RED,2.410,2.410,2.410,"Small (100x50"") "
ACTIVE-XLG-BLUE,4.830,4.830,4.830,Extra Large (200x90cm)
ACTIVE-XLG-GREEN,4.830,4.830,4.830,Extra Large (200x90cm)
ACTIVE-XLG-GREY,4.830,4.830,4.830,Extra Large (200x90cm)
ACTIVE-XLG-ORANGE,4.830,4.830,4.830,Extra Large (200x90cm)
ACTIVE-XLG-PINK,4.830,4.830,4.830,Extra Large (200x90cm)
ACTIVE-XLG-RED,4.830,4.830,4.830,Extra Large (200x90cm)
BABIATOR-MD-LTPCH,13.980,13.980,13.980,3 to 5y
BABIATOR-MD-LTPNK,13.980,13.980,13.980,3 to 5y
BABIATOR-MD-NAVY,13.980,13.980,13.980,3 to 5y
BABIATOR-MD-SQUIG,13.980,13.980,13.980,3 to 5y
BABIATOR-SM-LTPCH,13.980,13.980,13.980,0 to 2y
BABIATOR-SM-LTPNK,13.980,13.980,13.980,0 to 2y
BABIATOR-SM-NAVY,13.980,13.980,13.980,0 to 2y
BABIATOR-SM-SQUIG,13.980,13.980,13.980,0 to 2y
BAGBCH-MD-MNTID,9.100,9.100,9.100,One Size
BAGBCH-MD-NAVY,9.100,9.100,9.100,One Size
BAGBCH-MD-OLIVE,9.100,9.100,9.100,One Size
BAGBCH-MD-PSTPIER,9.100,9.100,9.100,One Size
BAGBCH-MD-RSPROAD,9.100,9.100,9.100,One Size
BAGBCH-MD-SUNKISS,9.100,9.100,9.100,One Size
BAGCOOL-MD-APPLTRT,11.550,11.550,11.550,Medium
BAGCOOL-MD-COLCLUB,11.550,11.550,11.550,Medium
BAGCOOL-MD-DKDIS,11.550,11.550,11.550,Medium
BAGCOOL-MD-MOJSPZ,11.550,11.550,11.550,Medium
BAGCOOL-MD-NAVY,11.550,11.550,11.550,Medium
BAGDRY-MD-BLUSKY,9.550,9.550,9.550,Medium
BAGDRY-MD-IBZAGLW,9.550,9.550,9.550,Medium
BAGDRY-MD-MIAMI,9.550,9.550,9.550,Medium
BAGDRY-MD-NAVY,9.550,9.550,9.550,Medium
BAGDRY-MD-PSTPIER,9.550,9.550,9.550,Medium
BAGDRY-MD-WAVYBBY,9.550,9.550,9.550,Medium
BAGDRY-XS-BLKPAR,2.120,2.120,2.120,Small
BAGDRY-XS-BLUSKY,2.120,2.120,2.120,Small
BAGDRY-XS-HOTTROP,2.120,2.120,2.120,Small
BAGDRY-XS-MELLOW,2.120,2.120,2.120,Small
BAGDRY-XS-MIAMI,2.120,2.120,2.120,Small
BAGDRY-XS-NAVY,2.120,2.120,2.120,Small
BAGDRY-XS-PSTPIER,2.120,2.120,2.120,Small
BAGDRY-XS-RSPROAD,2.120,2.120,2.120,Small
BAGDRY-XS-WAVYBBY,2.120,2.120,2.120,Small
BAGDRY-XS-WYWH,2.120,2.120,2.120,Small
BAGF-CAB-MD-LTPNK,2.600,2.600,2.600,Medium (39x19cm)
BAGF-CAB-MD-NAVY,2.600,2.600,2.600,Medium (39x19cm)
BAGF-CAB-MD-POSPIN,2.600,2.600,2.600,Medium (39x19cm)
BAGF-DES-MD-ALF,2.600,2.600,2.600,Medium (39x19cm)
BAGF-DES-MD-BANARAM,2.600,2.600,2.600,Medium (39x19cm)
BAGF-DES-MD-CHECKMT,2.600,2.600,2.600,Medium (39x19cm)
BAGF-DES-MD-GROOVCH,2.600,2.600,2.600,Medium (39x19cm)
BAGF-DES-MD-GYOW,2.600,2.600,2.600,Medium (39x19cm)
BAGF-DES-MD-IBZAGLW,2.600,2.600,2.600,Medium (39x19cm)
BAGF-DES-MD-JNGLBLM,2.600,2.600,2.600,Medium (39x19cm)
BAGF-DES-MD-PALAG,2.600,2.600,2.600,Medium (39x19cm)
BAGF-DES-MD-PKTSUN,2.600,2.600,2.600,Medium (39x19cm)
BAGF-DES-MD-SPRCLUB,2.600,2.600,2.600,Medium (39x19cm)
BAGF-DES-MD-STRIPLIFE,2.600,2.600,2.600,Medium (39x19cm)
BAGF-DES-MD-TOTE,2.600,2.600,2.600,Medium (39x19cm)
BAGF-DES-MD-WAVYBBY,2.600,2.600,2.600,Medium (39x19cm)
BAGF-DES-MD-WTRSUG,2.600,2.600,2.600,Medium (39x19cm)
BAGF-DES-MD-WYWH,2.600,2.600,2.600,Medium (39x19cm)
BAGF-KID-MD-SQUIG,2.600,2.600,2.600,Medium (39x19cm)
BAGF-MD-MARINDRM,2.600,2.600,2.600,Medium (39x19cm)
BAGF-MD-TERATROP,2.600,2.600,2.600,Medium (39x19cm)
BAGF-SGW-MD-GETWAV,2.600,2.600,2.600,Medium (39x19cm)
BAGF-SUM-MD-COLAGN,2.600,2.600,2.600,Medium (39x19cm)
BAGF-SUM-MD-CSTCANDY,2.600,2.600,2.600,Medium (39x19cm)
BAGF-SUM-MD-MIAMI,2.600,2.600,2.600,Medium (39x19cm)
BAGF-SUM-MD-OCEAN,2.600,2.600,2.600,Medium (39x19cm)
BAGF-SUM-MD-TUTFRU,2.600,2.600,2.600,Medium (39x19cm)
BAGF-SUM-MD-UNICN,2.600,2.600,2.600,Medium (39x19cm)
BAGTOI-MD-BOHMDRM,3.820,3.820,3.820,One Size
BAGTOI-MD-CACTMNTN,3.820,3.820,3.820,One Size
BAGTOI-MD-CHRYBMB,3.820,3.820,3.820,One Size
BAGTOI-MD-NAVY,3.820,3.820,3.820,One Size
BAGTOI-MD-PEPPNCH,3.820,3.820,3.820,One Size
BAGTOI-MD-PINK,3.820,3.820,3.820,One Size
BAGTOI-MD-SEASOIR,3.820,3.820,3.820,One Size
BALLAST-CAB-NAVY,7.500,7.500,7.500,One Size
BALLAST-DES-GRECSH,7.500,7.500,7.500,One Size
BALLAST-SUM-BLUSKY,7.500,7.500,7.500,One Size
BALLAST-SUM-CSTCANDY,7.500,7.500,7.500,One Size
BALLAST-SUM-MELLOW,7.500,7.500,7.500,One Size
BALLAST-SUM-MIAMI,7.500,7.500,7.500,One Size
BALLAST-SUM-PSTPIER,7.500,7.500,7.500,One Size
BALLAST-SUM-RSPROAD,7.500,7.500,7.500,One Size
BOTTL-CAB-LTBLU,5.080,5.080,5.080,Bottle (500ml)
BOTTL-CAB-LTGRE,5.080,5.080,5.080,Bottle (500ml)
BOTTL-CAB-LTPNK,5.080,5.080,5.080,Bottle (500ml)
BOTTL-CAB-NAVY,5.080,5.080,5.080,Bottle (500ml)
BOTTL-SUM-UNICN,5.080,5.080,5.080,Bottle (500ml)
BUNDLE-BEAUTY-GIFT-MAKUP-HAIRW-CLA-LTBLU,0.000,0.000,0.000,Gift Set
BUNDLE-BEAUTY-GIFT-MAKUP-HAIRW-CLA-LTGRN,0.000,0.000,0.000,Gift Set
BUNDLE-BEAUTY-GIFT-MAKUP-HAIRW-CLA-LTPNK,0.000,0.000,0.000,Gift Set
CABANA-LAR-BLACK,4.220,4.220,4.220,Large (160x80cm)
CABANA-LAR-BLUE,4.220,4.220,4.220,Large (160x80cm)
CABANA-LAR-BLUENAVY,4.220,4.220,4.220,Large (160x80cm)
CABANA-LAR-GREEN,4.220,4.220,4.220,Large (160x80cm)
CABANA-LAR-LIGHT-BEIGE,4.220,4.220,4.220,Large (160x80cm)
CABANA-LAR-LIGHT-BLUE,4.220,4.220,4.220,Large (160x80cm)
CABANA-LAR-LIGHT-GREEN,4.220,4.220,4.220,Large (160x80cm)
CABANA-LAR-LIGHT-GREY,4.220,4.220,4.220,Large (160x80cm)
CABANA-LAR-LIGHT-RED,4.220,4.220,4.220,Large (160x80cm)
CABANA-LAR-ORANGE,4.220,4.220,4.220,Large (160x80cm)
CABANA-LAR-PINK,4.220,4.220,4.220,Large (160x80cm)
CABANA-LAR-PURPLE,4.220,4.220,4.220,Large (160x80cm)
CABANA-LAR-RED,4.220,4.220,4.220,Large (160x80cm)
CABANA-LAR-YELLOW,4.220,4.220,4.220,Large (160x80cm)
CABANA-XLG-BLACK,4.850,4.850,4.850,Extra Large (200x90cm)
CABANA-XLG-BLUE,4.850,4.850,4.850,Extra Large (200x90cm)
CABANA-XLG-BLUENAVY,4.850,4.850,4.850,Extra Large (200x90cm)
CABANA-XLG-GREEN,4.850,4.850,4.850,Extra Large (200x90cm)
CABANA-XLG-LIGHT-BEIGE,4.850,4.850,4.850,Extra Large (200x90cm) 
CABANA-XLG-LIGHT-BLUE,4.850,4.850,4.850,Extra Large (200x90cm)
CABANA-XLG-LIGHT-GREEN,4.850,4.850,4.850,Extra Large (200x90cm) 
CABANA-XLG-LIGHT-GREY,4.850,4.850,4.850,Extra Large (200x90cm)
CABANA-XLG-LIGHT-RED,4.850,4.850,4.850,Extra Large (200x90cm)
CABANA-XLG-ORANGE,4.850,4.850,4.850,Extra Large (200x90cm) 
CABANA-XLG-PINK,4.850,4.850,4.850,Extra Large (200x90cm)
CABANA-XLG-PURPLE,4.850,4.850,4.850,Extra Large (200x90cm) 
CABANA-XLG-RED,4.850,4.850,4.850,Extra Large (200x90cm) 
CABANA-XLG-YELLOW,4.850,4.850,4.850,Extra Large (200x90cm) 
CLASSIC-LAR-BLUE,4.720,4.720,4.720,Large (160x80cm)
CLASSIC-LAR-GREEN,4.720,4.720,4.720,Large (160x80cm)
CLASSIC-LAR-ORANGE,4.720,4.720,4.720,Large (160x80cm)
CLASSIC-LAR-PINK,4.720,4.720,4.720,Large (160x80cm)
CLASSIC-LAR-PURPLE,4.720,4.720,4.720,Large (160x80cm)
CLASSIC-LAR-RED,4.720,4.720,4.720,Large (160x80cm)
CLASSIC-SML-BLUE,2.410,2.410,2.410,"Small (100x50"") "
CLASSIC-SML-GREEN,2.410,2.410,2.410,"Small (100x50"") "
CLASSIC-SML-ORANGE,2.930,2.930,2.930,Small (100x50cm)
CLASSIC-SML-PINK,2.410,2.410,2.410,"Small (100x50"") "
CLASSIC-SML-PURPLE,2.410,2.410,2.410,"Small (100x50"") "
CLASSIC-SML-RED,2.410,2.410,2.410,"Small (100x50"") "
CLASSIC-XLG-BLUE,4.830,4.830,4.830,Extra Large (200x90cm) 
CLASSIC-XLG-GREEN,4.830,4.830,4.830,Extra Large (200x90cm) 
CLASSIC-XLG-ORANGE,4.830,4.830,4.830,Extra Large (200x90cm)
CLASSIC-XLG-PINK,4.830,4.830,4.830,Extra Large (200x90cm) 
CLASSIC-XLG-PURPLE,4.830,4.830,4.830,Extra Large (200x90cm) 
CLASSIC-XLG-RED,4.830,4.830,4.830,Extra Large (200x90cm) 
COOL-CAB-BLACK-R,3.820,3.820,3.820,One Size (69x33cm)
COOL-CAB-BLUE-R,3.820,3.820,3.820,One Size (69x33cm)
COOL-CAB-GREEN-R,3.820,3.820,3.820,One Size (69x33cm)
COOL-CAB-LTBLU-R,3.820,3.820,3.820,One Size (69x33cm)
COOL-CAB-LTGRY-R,3.820,3.820,3.820,One Size (69x33cm)
COOL-CAB-LTPCH-R,3.820,3.820,3.820,One Size (69x33cm)
COOL-CAB-LTPNK-R,3.820,3.820,3.820,One Size (69x33cm)
COOL-CAB-LTPPL-R,3.820,3.820,3.820,One Size (69x33cm)
COOL-CAB-NAVY-R,3.820,3.820,3.820,One Size (69x33cm)
COOL-CAB-PINK-R,3.820,3.820,3.820,One Size (69x33cm)
COOL-CAB-PURPL-R,3.820,3.820,3.820,One Size (69x33cm)
COOL-CAB-RED-R,3.820,3.820,3.820,One Size (69x33cm)
COOL-DES-GLDGRN,3.820,3.820,3.820,One Size (69x33cm)
COOL-DES-HYDBLU,3.820,3.820,3.820,One Size (69x33cm)
COOL-DES-MIDNMOV,3.820,3.820,3.820,One Size (69x33cm)
COOL-DES-PLSPNK,3.820,3.820,3.820,One Size (69x33cm)
COOL-DES-SUNSRUN,3.820,3.820,3.820,One Size (69x33cm)
COOL-FST-BLU-R,3.820,3.820,3.820,One Size (69x33cm)
COOL-FST-BRT-R,3.820,3.820,3.820,One Size (69x33cm)
COOL-FST-GRN-R,3.820,3.820,3.820,One Size (69x33cm)
COOL-FST-GRY-R,3.820,3.820,3.820,One Size (69x33cm)
COOL-FST-PNK-R,3.820,3.820,3.820,One Size (69x33cm)
COOL-MAR-BLACK,3.820,3.820,3.820,One Size (69x33cm)
COOL-MAR-BLUE,3.820,3.820,3.820,One Size (69x33cm)
COOL-MAR-NAVY,3.820,3.820,3.820,One Size (69x33cm)
COOL-MAR-PINK,3.820,3.820,3.820,One Size (69x33cm)
COOLING-STRIPE-BLACK,3.820,3.820,3.820,One Size (69x33cm)
COOLING-STRIPE-BLUE,3.820,3.820,3.820,One Size (69x33cm)
COOLING-STRIPE-GREEN,3.820,3.820,3.820,One Size (69x33cm)
COOLING-STRIPE-LIGHT-GREY,3.820,3.820,3.820,One Size (69x33cm)
COOLING-STRIPE-PINK,3.820,3.820,3.820,One Size (69x33cm)
COOLING-STRIPE-PURPLE,3.820,3.820,3.820,One Size (69x33cm)
COOLING-STRIPE-RED,3.820,3.820,3.820,One Size (69x33cm)
COOLING-STRIPE-YELLOW,3.820,3.820,3.820,One Size (69x33cm)
CROSSDOCK-1,0.000,0.000,0.000,Extra Large (40x30cm)
CROSSDOCK-2,0.000,0.000,0.000,Extra Large (40x30cm)
CROSSDOCK-3,0.000,0.000,0.000,Extra Large (40x30cm)
CROSSDOCK-4,0.000,0.000,0.000,Extra Large (40x30cm)
CROSSDOCK-5,0.000,0.000,0.000,Extra Large (40x30cm)
CROSSDOCK-6,0.000,0.000,0.000,Extra Large (40x30cm)
CROSSDOCK-7,0.000,0.000,0.000,Extra Large (40x30cm)
CROSSDOCK-8,0.000,0.000,0.000,Extra Large (40x30cm)
CROSSDOCK-9,0.000,0.000,0.000,Extra Large (40x30cm)
CROSSDOCK-10,0.000,0.000,0.000,Extra Large (40x30cm)
CROSSDOCK-11,0.000,0.000,0.000,Extra Large (40x30cm)
CROSSDOCK-12,0.000,0.000,0.000,Extra Large (40x30cm)
CROSSDOCK-13,0.000,0.000,0.000,Extra Large (40x30cm)
CROSSDOCK-14,0.000,0.000,0.000,Extra Large (40x30cm)
CROSSDOCK-15,0.000,0.000,0.000,Extra Large (40x30cm)
CROSSDOCK-16,0.000,0.000,0.000,Extra Large (40x30cm)
CROSSDOCK-17,0.000,0.000,0.000,Extra Large (40x30cm)
CROSSDOCK-18,0.000,0.000,0.000,Extra Large (40x30cm)
CROSSDOCK-19,0.000,0.000,0.000,Extra Large (40x30cm)
CROSSDOCK-20,0.000,0.000,0.000,Extra Large (40x30cm)
CUSTOM-ORDER,0.000,0.000,0.000, (xcm)
DB-OT-TOWLB-CAB-LG-LTBLU,0.000,0.000,0.000,Large (160x90cm)
DB-RICK-TOWLB-CAB-LG-BLUE,5.200,5.200,5.200,Large (160x90cm)
DB-WL-BAGBCH,9.100,9.100,9.100,One Size
DB-WL-BAGCOOL,11.550,11.550,11.550,Medium
DB-WL-BAGDRY-MD,9.550,9.550,9.550,Medium
DB-WL-BAGDRY-XS,2.120,2.120,2.120,Small
DB-WL-BAGF,2.600,2.600,2.600,Medium (39x19cm)
DB-WL-BAGTOI,3.820,3.820,3.820,One Size
DB-WL-COOL,3.820,3.820,3.820,One Size (69x33cm)
DB-WL-DOGTWL-LG,5.000,5.000,5.000,Large (120x70cm)
DB-WL-DOGTWL-MD,4.440,4.440,4.440,Medium (90x50cm)
DB-WL-HAIRW-HOM,2.030,2.030,2.030,One Size
DB-WL-HAIRW-SUE,1.710,1.710,1.710,One Size
DB-WL-HEADW,1.550,1.550,1.550,One Size
DB-WL-MAKUP,3.000,3.000,3.000,3 Pack (12x10cm)
DB-WL-PICNIC-LG,11.030,11.030,11.030,Large (170x170cm)
DB-WL-PICNIC-XL,14.620,14.620,14.620,Extra Large (240x170cm)
DB-WL-PONCHA-LG,6.180,6.180,6.180,Large (105x85cm)
DB-WL-PONCHA-MD,6.020,6.020,6.020,Medium (99x70cm)
DB-WL-PONCHK-MD,4.210,4.210,4.210,Medium (Age 6 to 10) (75x55cm)
DB-WL-PONCHK-SM,3.870,3.870,3.870,Small (Age 3 to 5) (66x49cm)
DB-WL-ROBE,14.290,14.290,14.290,Medium / Large
DB-WL-TEATWL,1.950,1.950,1.950,Medium (75x45cm)
DB-WL-TOWLB-LG,5.200,5.200,5.200,Large (160x90cm)
DB-WL-TOWLB-MD,3.510,3.510,3.510,Medium (130x70cm)
DB-WL-TOWLB-X2,8.930,8.930,8.930,Extra Extra Large (180x200cm)
DB-WL-TOWLB-XL,6.150,6.150,6.150,Extra Large (200x90cm)
DB-WL-TOWLH-LG,5.500,5.500,5.500,Large (160x70cm)
DB-WL-TOWLH-SM,2.750,2.750,2.750,Small Hand Towel (85x40cm)
DB-WL-TOWLH-XL,6.660,6.660,6.660,Extra Large (180x90cm)
DILLARDS-STAND-POSTER,0.000,0.000,0.000,
DILLARDS-STAND-SINGLE,0.000,0.000,0.000,
DILLARDS-STAND-TIER1,0.000,0.000,0.000,
DILLARDS-STAND-TIER2,0.000,0.000,0.000,
DILLARDS-STAND-TIER3,0.000,0.000,0.000,
DILLARDS-STAND-TIER4,0.000,0.000,0.000,
DOBIT-LAR-TREE,5.450,5.450,5.450,Large (160x80cm)
DOBIT-LAR-WHALE,5.450,5.450,5.450,Large (160x80cm)
DOBIT-XLG-TREE,6.400,6.400,6.400,Extra Large (200x90cm)
DOBIT-XLG-WHALE,6.400,6.400,6.400,Extra Large (200x90cm)
DOGTWL-CAB-LG-CORAL,5.000,5.000,5.000,Large (120x70cm)
DOGTWL-CAB-LG-RAINB,5.000,5.000,5.000,Large (120x70cm)
DOGTWL-CAB-MD-CORAL,4.440,4.440,4.440,Medium (90x50cm)
DOGTWL-CAB-MD-RAINB,4.440,4.440,4.440,Medium (90x50cm)
DOGTWL-DES-LG-BONES,5.000,5.000,5.000,Large (120x70cm)
DOGTWL-DES-LG-CHKMTT,5.000,5.000,5.000,Large (120x70cm)
DOGTWL-DES-LG-DNBCLUB,5.000,5.000,5.000,Large (120x70cm)
DOGTWL-DES-LG-DOGDIN,5.000,5.000,5.000,Large (120x70cm)
DOGTWL-DES-LG-FACES,5.000,5.000,5.000,Large (120x70cm)
DOGTWL-DES-LG-GOLONG,5.000,5.000,5.000,Large (120x70cm)
DOGTWL-DES-LG-PAWS,5.000,5.000,5.000,Large (120x70cm)
DOGTWL-DES-LG-PNKPAWS,5.000,5.000,5.000,Large (120x70cm)
DOGTWL-DES-LG-UNDWLK,5.000,5.000,5.000,Large (120x70cm)
DOGTWL-DES-MD-BONES,4.440,4.440,4.440,Medium (90x50cm)
DOGTWL-DES-MD-CHKMTT,4.440,4.440,4.440,Medium (90x50cm)
DOGTWL-DES-MD-DNBCLUB,4.440,4.440,4.440,Medium (90x50cm)
DOGTWL-DES-MD-DOGDIN,4.440,4.440,4.440,Medium (90x50cm)
DOGTWL-DES-MD-FACES,4.440,4.440,4.440,Medium (90x50cm)
DOGTWL-DES-MD-GOLONG,4.440,4.440,4.440,Medium (90x50cm)
DOGTWL-DES-MD-PAWS,4.440,4.440,4.440,Medium (90x50cm)
DOGTWL-DES-MD-PNKPAWS,4.440,4.440,4.440,Medium (90x50cm)
DOGTWL-DES-MD-UNDWLK,4.440,4.440,4.440,Medium (90x50cm)
DOGTWL-LG-BARKBLU,5.000,5.000,5.000,Large (120x70cm)
DOGTWL-LG-K9CAMO,5.000,5.000,5.000,Large (120x70cm)
DOGTWL-LG-PAWPPL,5.000,5.000,5.000,Large (120x70cm)
DOGTWL-LG-PUPLAID,5.000,5.000,5.000,Large (120x70cm)
DOGTWL-LG-RHUBARK,5.000,5.000,5.000,Large (120x70cm)
DOGTWL-LG-SUNSPL,5.000,5.000,5.000,Large (120x70cm)
DOGTWL-LG-WALK,5.000,5.000,5.000,Large (120x70cm)
DOGTWL-LG-WHERWOOF,5.000,5.000,5.000,Large (120x70cm)
DOGTWL-LG-WOOFWILD,5.000,5.000,5.000,Large (120x70cm)
DOGTWL-MD-BARKBLU,4.440,4.440,4.440,Medium (90x50cm)
DOGTWL-MD-K9CAMO,4.440,4.440,4.440,Medium (90x50cm)
DOGTWL-MD-PAWPPL,4.440,4.440,4.440,Medium (90x50cm)
DOGTWL-MD-PUPLAID,4.440,4.440,4.440,Medium (90x50cm)
DOGTWL-MD-RHUBARK,4.440,4.440,4.440,Medium (90x50cm)
DOGTWL-MD-SUNSPL,4.440,4.440,4.440,Medium (90x50cm)
DOGTWL-MD-WALK,4.440,4.440,4.440,Medium (90x50cm)
DOGTWL-MD-WHERWOOF,4.440,4.440,4.440,Medium (90x50cm)
DOGTWL-MD-WOOFWILD,4.440,4.440,4.440,Medium (90x50cm)
EYEMASK-DES-BOHMDRM,2.070,2.070,2.070,One Size (22x9.5cm)
EYEMASK-DES-CACTMNTN,2.070,2.070,2.070,One Size (22x9.5cm)
EYEMASK-DES-CHKOUT,2.070,2.070,2.070,One Size (22x9.5cm)
EYEMASK-DES-CHRYBMB,2.070,2.070,2.070,One Size (22x9.5cm)
EYEMASK-DES-FLIGHTS,2.070,2.070,2.070,One Size (22x9.5cm)
EYEMASK-DES-NOTTDY,2.070,2.070,2.070,One Size (22x9.5cm)
EYEMASK-DES-OOO,2.070,2.070,2.070,One Size (22x9.5cm)
EYEMASK-DES-SEASOIR,2.070,2.070,2.070,One Size (22x9.5cm)
EYEMASK-DES-WTRSPRZ,2.070,2.070,2.070,One Size (22x9.5cm)
FESTIVAL-LAR-CARNIVAL,5.200,5.200,5.200,Large (160x80cm)
FESTIVAL-LAR-SOLSTICE,5.200,5.200,5.200,Large (160x80cm)
FESTIVAL-LAR-SONGKRAN,5.200,5.200,5.200,Large (160x80cm)
FESTIVAL-LAR-TOMATINA,5.200,5.200,5.200,Large (160x80cm)
FESTIVAL-XLG-CARNIVAL,6.150,6.150,6.150,Extra Large (200x90cm)
FESTIVAL-XLG-SOLSTICE,6.150,6.150,6.150,Extra Large (200x90cm) 
FESTIVAL-XLG-SONGKRAN,6.150,6.150,6.150,Extra Large (200x90cm)
FESTIVAL-XLG-TOMATINA,6.150,6.150,6.150,Extra Large (200x90cm)
FM-FB-RW1,0.000,0.000,0.000,
FM-SBAV2,0.000,0.000,0.000,
FM-SBHK2,0.000,0.000,0.000,
FM-SBSC2,0.000,0.000,0.000,
FOAMIE-FACEB-MAKUP-PINK,0.000,0.000,0.000,Makeup Remover + Face Bar
FOAMIE-GIFT-BOX-PINK,0.000,0.000,0.000,Hair Wrap + Shampoo Bar
FOAMIE-SOAP-HAIRW-BLUE,0.000,0.000,0.000,Hair Wrap + Shampoo Bar
FOAMIE-SOAP-HAIRW-GREEN,0.000,0.000,0.000,Hair Wrap + Shampoo Bar
FOAMIE-SOAP-HAIRW-PINK,0.000,0.000,0.000,Hair Wrap + Shampoo Bar
FORECAST-BAGF,2.600,2.600,2.600,Medium (39x19cm)
FORECAST-DOGTWL,5.000,5.000,5.000,Large (120x70cm)
FORECAST-HAIRW,1.710,1.710,1.710,One Size
FORECAST-HEADW,1.550,1.550,1.550,One Size
FORECAST-MAKUP,3.000,3.000,3.000,3 Pack (12x10cm)
FORECAST-PICNIC,11.030,11.030,11.030,Large (170x170cm)
FORECAST-PONCHA,6.180,6.180,6.180,Large (105x80cm)
FORECAST-PONCHK,3.870,3.870,3.870,Age 4 to 7
FORECAST-ROBE,13.160,13.160,13.160,Medium / Large
FORECAST-TEATWL,1.950,1.950,1.950,Medium (75x45cm)
FORECAST-TOWLB,4.220,4.220,4.220,Large (160x90cm)
FORECAST-TOWLB-KIDS,3.510,3.510,3.510,Medium (130x70cm)
FORECAST-TOWLH,5.500,5.500,5.500,Large (160x70cm)
FRUITY-LAR-COCO,5.200,5.200,5.200,Large (160x80cm)
FRUITY-LAR-MELON,5.200,5.200,5.200,Large (160x80cm)
FRUITY-LAR-PINE,5.200,5.200,5.200,Large (160x80cm)
FRUITY-XLG-COCO,6.150,6.150,6.150,Extra Large (200x90cm)
FRUITY-XLG-MELON,6.150,6.150,6.150,Extra Large (200x90cm)
FRUITY-XLG-PINE,6.150,6.150,6.150,Extra Large (200x90cm)
GIFT-BOX-BEAUTY-BOHMDRM,0.000,0.000,0.000,Gift Set
GIFT-BOX-BEAUTY-CAB-LTPNK,3.000,3.000,3.000,Gift Set
GIFT-BOX-BEAUTY-CHRYBMB,0.000,0.000,0.000,Gift Set
GIFT-BOX-BEAUTY-LTBLU,0.000,0.000,0.000,Gift Set
GIFT-BOX-BEAUTY-LTGRN,0.000,0.000,0.000,Gift Set
GIFT-BOX-BEAUTY-LTPNK,0.000,0.000,0.000,Gift Set
GIFT-BOX-BEAUTY-SEASOIR,0.000,0.000,0.000,Gift Set
GIFT-BOX-BEAUTY-SERENE,0.000,0.000,0.000,Gift Set
GIFT-BOX-BEAUTY-SUM-UNICN,3.000,3.000,3.000,Gift Set
GIFT-BOX-BEAUTY-TIGPALM,0.000,0.000,0.000,Gift Set
GIFT-BOX-BEAUTY-WTRSPRZ,0.000,0.000,0.000,Gift Set
GIFT-BOX-HAIR-FRUU,3.000,3.000,3.000,Gift Set
GIFT-BOX-HOME-BOHMDRM,0.000,0.000,0.000,Gift Set
GIFT-BOX-HOME-CACTMNTN,0.000,0.000,0.000,Gift Set
GIFT-BOX-HOME-CHRYBMB,0.000,0.000,0.000,Gift Set
GIFT-BOX-HOME-SEASOIR,0.000,0.000,0.000,Gift Set
GIFTWRAP-BOX,0.000,0.000,0.000,Gift Wrapped Box
GIFTWRAP-BOX-LG,6.884,6.884,6.884,Gift Wrapped Box
GIFTWRAP-BOX-LG-MELLOW,0.000,0.000,0.000,Gift Wrapped Box
GIFTWRAP-BOX-MD,1.791,1.791,1.791,Gift Wrapped Box
GIFTWRAP-BOX-MD-RSPROAD,0.000,0.000,0.000,Gift Wrapped Box
GIFTWRAP-BOX-SM,1.654,1.654,1.654,Gift Wrapped Box
GIFTWRAP-BOX-SM-BLUSKY,0.000,0.000,0.000,Gift Wrapped Box
GIFTWRAP-BOX-SM-MELLOW,0.000,0.000,0.000,Gift Wrapped Box
GIFTWRAP-BOX-SM-RSPROAD,0.000,0.000,0.000,Gift Wrapped Box
GIFTWRAP-CARD,0.031,0.031,0.031,Printed Card
GIFTWRAP-RIBBON,0.000,0.000,0.000,Printed Card
HAIRW-ANI-COW,1.710,1.710,1.710,One Size
HAIRW-ANI-DALMA,1.710,1.710,1.710,One Size
HAIRW-ANI-LEOPD,1.710,1.710,1.710,One Size
HAIRW-ANI-SNAKE,1.710,1.710,1.710,One Size
HAIRW-ANI-TIGER,1.710,1.710,1.710,One Size
HAIRW-BOT-BANA-R,1.710,1.710,1.710,One Size
HAIRW-BOT-HIBI-R,1.710,1.710,1.710,One Size
HAIRW-BOT-ORCH-R,1.710,1.710,1.710,One Size
HAIRW-BOT-PALM-R,1.710,1.710,1.710,One Size
HAIRW-BOT-PARA-R,1.710,1.710,1.710,One Size
HAIRW-CAB-LTBGE-R,1.710,1.710,1.710,One Size
HAIRW-CAB-LTBLU-NB,1.710,1.710,1.710,One Size
HAIRW-CAB-LTBLU-R,1.710,1.710,1.710,One Size
HAIRW-CAB-LTGRE-R,1.710,1.710,1.710,One Size
HAIRW-CAB-LTGRY-NB,1.710,1.710,1.710,One Size
HAIRW-CAB-LTGRY-R,1.710,1.710,1.710,One Size
HAIRW-CAB-LTPCH-R,1.710,1.710,1.710,One Size
HAIRW-CAB-LTPINK-R,1.710,1.710,1.710,One Size
HAIRW-CAB-LTPNK-NB,1.710,1.710,1.710,One Size
HAIRW-CAB-LTPNK-R,1.710,1.710,1.710,One Size
HAIRW-CAB-LTPPL-NB,1.710,1.710,1.710,One Size
HAIRW-CAB-LTPPL-R,1.710,1.710,1.710,One Size
HAIRW-CAB-NAVY,1.710,1.710,1.710,One Size
HAIRW-CAB-NAVY-NB,1.710,1.710,1.710,One Size
HAIRW-CAB-POSPIN,1.710,1.710,1.710,One Size
HAIRW-CAB-PURPL-R,1.710,1.710,1.710,One Size
HAIRW-CBH-NAVY,2.030,2.030,2.030,One Size
HAIRW-CBH-NAVY-NB,2.030,2.030,2.030,One Size
HAIRW-CBH-PINK,2.030,2.030,2.030,One Size
HAIRW-CBH-PINK-NB,2.030,2.030,2.030,One Size
HAIRW-CLA-BLACK-R,1.710,1.710,1.710,One Size
HAIRW-CLA-DKBLU-R,1.710,1.710,1.710,One Size
HAIRW-CLA-DKGRN-R,1.710,1.710,1.710,One Size
HAIRW-CLA-DKRED-R,1.710,1.710,1.710,One Size
HAIRW-CLA-LTBGE-R,1.710,1.710,1.710,One Size
HAIRW-CLA-LTBLU-R,1.710,1.710,1.710,One Size
HAIRW-CLA-LTGRE-R,1.710,1.710,1.710,One Size
HAIRW-CLA-LTGRY-R,1.710,1.710,1.710,One Size
HAIRW-CLA-LTPNK-R,1.710,1.710,1.710,One Size
HAIRW-CLA-LTPPL-R,1.710,1.710,1.710,One Size
HAIRW-CLA-NAVY,1.990,1.990,1.990,One Size
HAIRW-CLA-NAVY-NB,1.990,1.990,1.990,One Size
HAIRW-CLA-WHITE,1.990,1.990,1.990,One Size
HAIRW-CLA-WHITE-NB,1.990,1.990,1.990,One Size
HAIRW-FLO-BLOOM,1.710,1.710,1.710,One Size
HAIRW-FLO-DAISY,1.710,1.710,1.710,One Size
HAIRW-FLO-PALM,1.710,1.710,1.710,One Size
HAIRW-FLO-SUNFL,1.710,1.710,1.710,One Size
HAIRW-GEO-PARAD,2.030,2.030,2.030,One Size
HAIRW-GEO-PINK,2.030,2.030,2.030,One Size
HAIRW-HID-BLACK,2.030,2.030,2.030,One Size
HAIRW-HID-BLUE,2.030,2.030,2.030,One Size
HAIRW-HID-GREEN,2.030,2.030,2.030,One Size
HAIRW-HID-PINK,2.030,2.030,2.030,One Size
HAIRW-HOM-GREY,2.030,2.030,2.030,One Size
HAIRW-HOM-LTBLU,2.030,2.030,2.030,One Size
HAIRW-HOM-LTGRN,2.030,2.030,2.030,One Size
HAIRW-HOM-LTPNK,2.030,2.030,2.030,One Size
HAIRW-HOM-NAVY,2.030,2.030,2.030,One Size
HAIRW-HOM-TERRA,2.030,2.030,2.030,One Size
HAIRW-HOM-WHITE,2.030,2.030,2.030,One Size
HAIRW-RET-CONG,2.030,2.030,2.030,One Size
HAIRW-RET-MONT,2.030,2.030,2.030,One Size
HAIRW-RET-SANT,2.030,2.030,2.030,One Size
HAIRW-RET-SAPO,2.030,2.030,2.030,One Size
HAIRW-RET-SINH,2.030,2.030,2.030,One Size
HAIRW-SUE-BBGWLK,1.710,1.710,1.710,One Size
HAIRW-SUE-BLUSHBY,1.710,1.710,1.710,One Size
HAIRW-SUE-CACTMNTN,1.710,1.710,1.710,One Size
HAIRW-SUE-CHKMATE,1.710,1.710,1.710,One Size
HAIRW-SUE-GPCH,1.710,1.710,1.710,One Size
HAIRW-SUE-HBRLINE,1.710,1.710,1.710,One Size
HAIRW-SUE-HOTTROP,1.710,1.710,1.710,One Size
HAIRW-SUE-IBZAGLW,1.710,1.710,1.710,One Size
HAIRW-SUE-JNGLBLM,1.710,1.710,1.710,One Size
HAIRW-SUE-MIAMI,1.710,1.710,1.710,One Size
HAIRW-SUE-MIDMONO,1.710,1.710,1.710,One Size
HAIRW-SUE-OCETRES,1.710,1.710,1.710,One Size
HAIRW-SUE-PALAG,1.710,1.710,1.710,One Size
HAIRW-SUE-PALMPCH,1.710,1.710,1.710,One Size
HAIRW-SUE-PNKPARA,1.710,1.710,1.710,One Size
HAIRW-SUE-PSTPIER,1.710,1.710,1.710,One Size
HAIRW-SUE-RAINFLOOR,1.710,1.710,1.710,One Size
HAIRW-SUE-SEAFOAM,1.710,1.710,1.710,One Size
HAIRW-SUE-SQZDAY,1.710,1.710,1.710,One Size
HAIRW-SUE-SUNDAZE,1.710,1.710,1.710,One Size
HAIRW-SUE-SUNSAF,1.710,1.710,1.710,One Size
HAIRW-SUE-SURFCHK,1.710,1.710,1.710,One Size
HAIRW-SUE-TUTFRU,1.710,1.710,1.710,One Size
HAIRW-SUE-WYWH,1.710,1.710,1.710,One Size
HAIRW-SUM-RAINB,1.710,1.710,1.710,One Size
HAIRW-SUM-RAINB-NB,1.710,1.710,1.710,One Size
HAIRW-SUM-UNICN,1.710,1.710,1.710,One Size
HAIRW-SUM-UNICN-NB,1.710,1.710,1.710,One Size
HAIRW-WAF-BOHMDRM,2.030,2.030,2.030,One Size
HAIRW-WAF-CHRYBMB,2.030,2.030,2.030,One Size
HAIRW-WAF-DRMCTCH,2.030,2.030,2.030,One Size
HAIRW-WAF-SEASOIR,2.030,2.030,2.030,One Size
HAIRW-WAF-SERENE,2.030,2.030,2.030,One Size
HAIRW-WAF-TIGPALM,2.030,2.030,2.030,One Size
HAIRW-WAF-WTRSPRZ,2.030,2.030,2.030,One Size
HAIRWRAP-CLA-LBEIGE,1.710,1.710,1.710,One Size
HAIRWRAP-CLA-LBLUE,1.710,1.710,1.710,One Size
HAIRWRAP-CLA-LGREEN,1.710,1.710,1.710,One Size (S21)
HAIRWRAP-CLA-LPINK,1.710,1.710,1.710,One Size
HAIRWRAP-STRIPE-BLUE,1.710,1.710,1.710,One Size
HAIRWRAP-STRIPE-GREEN,1.710,1.710,1.710,One Size
HAIRWRAP-STRIPE-LIGHT-BLUE,1.710,1.710,1.710,One Size
HAIRWRAP-STRIPE-LIGHT-GREEN,1.710,1.710,1.710,One Size
HAIRWRAP-STRIPE-LIGHT-GREY,1.710,1.710,1.710,One Size (S21)
HAIRWRAP-STRIPE-LIGHT-PINK,1.710,1.710,1.710,One Size
HAIRWRAP-STRIPE-LIT-BEIGE,1.710,1.710,1.710,One Size (S21)
HAIRWRAP-STRIPE-LIT-PURPLE,1.710,1.710,1.710,One Size
HAIRWRAP-STRIPE-RED,1.710,1.710,1.710,One Size
HAIRWRAP-STRIPE-YELLOW,1.710,1.710,1.710,One Size
HANGER-5PAK,0.000,0.000,0.000,Hanger 5 Pack
HEADW-CBH-NAVY,1.550,1.550,1.550,One Size
HEADW-CLA-NAVY,1.550,1.550,1.550,One Size
HEADW-CLA-WHITE,1.550,1.550,1.550,One Size
HEADW-GEO-PINK,1.550,1.550,1.550,One Size
HOODT-ANI-HD-FROG,1.700,1.700,1.700,Hand (25x15cm)
HOODT-ANI-HD-GIRAF,1.700,1.700,1.700,Hand (25x15cm)
HOODT-ANI-HD-KOALA,1.700,1.700,1.700,Hand (25x15cm)
HOODT-ANI-HD-PIG,1.700,1.700,1.700,Hand (25x15cm)
HOODT-ANI-SM-FROG,4.950,4.950,4.950,Small (75x75cm)
HOODT-ANI-SM-GIRAF,4.950,4.950,4.950,Small (75x75cm)
HOODT-ANI-SM-KOALA,4.950,4.950,4.950,Small (75x75cm)
HOODT-ANI-SM-PIG,4.950,4.950,4.950,Small (75x75cm)
HOODT-CLA-SM-LTBLU,4.430,4.430,4.430,Small (75x75cm)
HOODT-CLA-SM-LTPNK,4.430,4.430,4.430,Small (75x75cm)
HOODT-CLA-SM-NAVY,4.430,4.430,4.430,Small (75x75cm)
HOODT-CLA-SM-WHITE,4.430,4.430,4.430,Small (75x75cm)
LANYARD-SUM-BLUSKY,2.630,2.630,2.630, (xcm)
LANYARD-SUM-MELLOW,2.630,2.630,2.630, (xcm)
LANYARD-SUM-PSTPIER,2.630,2.630,2.630, (xcm)
LANYARD-SUM-RSPROAD,2.630,2.630,2.630, (xcm)
MAKUP-CBH-3MIX,3.000,3.000,3.000,3 Pack (12x10cm)
MAKUP-CLA-NAVY,3.000,3.000,3.000,3 Pack (12x10cm)
MAKUP-CLA-NAVY-NB,3.000,3.000,3.000,3 Pack (12x10cm)
MAKUP-GEO-3MIX,3.000,3.000,3.000,3 Pack (12x10cm)
MAKUP-HOM-3PAK-FBA,4.000,4.000,4.000,3 pack (10.5x13.5cm)
MAKUP-HOM-3PAK-LTBLU,3.000,3.000,3.000,3 Pack (12x10cm)
MAKUP-HOM-3PAK-LTGRN,3.000,3.000,3.000,3 Pack (12x10cm)
MAKUP-HOM-3PAK-LTPNK,3.000,3.000,3.000,3 Pack (12x10cm)
MAKUP-HOM-3PAK-NAVY,3.000,3.000,3.000,3 Pack (12x10cm)
MAKUP-HOM-3PAK-TERRA,3.000,3.000,3.000,3 Pack (12x10cm)
MAKUP-HOM-6PAK-FBA,6.000,6.000,6.000,6 pack (10.5x13.5cm)
MAKUP-HOM-9PAK-FBA,9.000,9.000,9.000,9 pack (10.5x13.5cm)
MAKUP-RET-MONT,3.000,3.000,3.000,3 Pack (12x10cm)
MAKUP-STD-LTPNK,3.000,3.000,3.000,3 Pack (12x10cm)
MAKUP-STD-LTPNK-NB,3.000,3.000,3.000,3 Pack (12x10cm)
MAKUP-STD-NAVY,3.000,3.000,3.000,3 Pack (12x10cm)
MAKUP-STD-NAVY-NB,3.000,3.000,3.000,3 Pack (12x10cm)
MASK-CLA-LAR-BLACK,0.000,0.000,0.000,Medium (10x10cm)
MASK-CLA-LAR-BLUE,0.000,0.000,0.000,Medium (10x10cm)
MASK-CLA-LAR-GREEN,0.000,0.000,0.000,Medium (10x10cm)
MASK-CLA-LAR-LTBEIGE,0.000,0.000,0.000,Medium (10x10cm)
MASK-CLA-LAR-LTBLUE,0.000,0.000,0.000,Medium (10x10cm)
MASK-CLA-LAR-LTGREEN,0.000,0.000,0.000,Medium (10x10cm)
MASK-CLA-LAR-LTPINK,0.000,0.000,0.000,Medium (10x10cm)
MASK-CLA-LAR-ORANGE,0.000,0.000,0.000,Medium (10x10cm)
MASK-CLA-LAR-PINK,0.000,0.000,0.000,Medium (10x10cm)
MASK-CLA-LAR-PURPLE,0.000,0.000,0.000,Medium (10x10cm)
MASK-CLA-LAR-RED,0.000,0.000,0.000,Medium (10x10cm)
MASK-CLA-LAR-WHITE,0.000,0.000,0.000,Medium (10x10cm)
MASK-CLA-MED-BLACK,0.000,0.000,0.000,Medium (10x10cm)
MASK-CLA-MED-BLUE,0.000,0.000,0.000,Medium (10x10cm)
MASK-CLA-MED-GREEN,0.000,0.000,0.000,Medium (10x10cm)
MASK-CLA-MED-LTBEIGE,0.000,0.000,0.000,Medium (10x10cm)
MASK-CLA-MED-LTBLUE,0.000,0.000,0.000,Medium (10x10cm)
MASK-CLA-MED-LTGREEN,0.000,0.000,0.000,Medium (10x10cm)
MASK-CLA-MED-LTPINK,0.000,0.000,0.000,Medium (10x10cm)
MASK-CLA-MED-ORANGE,0.000,0.000,0.000,Medium (10x10cm)
MASK-CLA-MED-PINK,0.000,0.000,0.000,Medium (10x10cm)
MASK-CLA-MED-PURPLE,0.000,0.000,0.000,Medium (10x10cm)
MASK-CLA-MED-RED,0.000,0.000,0.000,Medium (10x10cm)
MASK-CLA-MED-WHITE,0.000,0.000,0.000,Medium (10x10cm)
MASK-ECO-LAR-BLUE,0.000,0.000,0.000,Medium (10x10cm)
MASK-ECO-LAR-GREEN,0.000,0.000,0.000,Medium (10x10cm)
MASK-ECO-LAR-GREY,0.000,0.000,0.000,Medium (10x10cm)
MASK-ECO-LAR-ORANGE,0.000,0.000,0.000,Medium (10x10cm)
MASK-ECO-LAR-RED,0.000,0.000,0.000,Medium (10x10cm)
PICNIC-BOT-LG-PALM,11.030,11.030,11.030,Large (170x170cm)
PICNIC-BOT-XL-PALM,14.620,14.620,14.620,Extra Large (240x170cm)
PICNIC-CAB-LG-AMALG,11.030,11.030,11.030,Large (170x170cm)
PICNIC-CAB-LG-LTBGE,11.030,11.030,11.030,Large (170x170cm)
PICNIC-CAB-LG-LTBLU,11.030,11.030,11.030,Large (170x170cm)
PICNIC-CAB-LG-NAVY,11.030,11.030,11.030,Large (170x170cm)
PICNIC-CAB-LG-YELL,11.030,11.030,11.030,Large (170x170cm)
PICNIC-CAB-XL-AMALG,14.620,14.620,14.620,Large (170x170cm)
PICNIC-CAB-XL-LTBGE,14.620,14.620,14.620,Extra Large (240x170cm)
PICNIC-CAB-XL-LTBLU,14.620,14.620,14.620,Extra Large (240x170cm)
PICNIC-CAB-XL-NAVY,14.620,14.620,14.620,Extra Large (240x170cm)
PICNIC-CAB-XL-YELL,14.620,14.620,14.620,Extra Large (240x170cm)
PICNIC-DES-LG-ALF,11.030,11.030,11.030,Large (170x170cm)
PICNIC-DES-LG-APPLTRT,11.030,11.030,11.030,Large (170x170cm)
PICNIC-DES-LG-BANARAM,11.030,11.030,11.030,Large (170x170cm)
PICNIC-DES-LG-BIGDILL,11.030,11.030,11.030,Large (170x170cm)
PICNIC-DES-LG-BRGTSIDE,11.030,11.030,11.030,Large (170x170cm)
PICNIC-DES-LG-CANDSTR,11.030,11.030,11.030,Large (170x170cm)
PICNIC-DES-LG-DKDIS,11.030,11.030,11.030,Large (170x170cm)
PICNIC-DES-LG-GRCSHR,11.030,11.030,11.030,Large (170x170cm)
PICNIC-DES-LG-MARGMAD,11.030,11.030,11.030,Large (170x170cm)
PICNIC-DES-LG-MTCHCRS,11.030,11.030,11.030,Large (170x170cm)
PICNIC-DES-LG-PKTSUN,11.030,11.030,11.030,Large (170x170cm)
PICNIC-DES-LG-SORBET,11.030,11.030,11.030,Large (170x170cm)
PICNIC-DES-LG-SPRCLUB,11.030,11.030,11.030,Large (170x170cm)
PICNIC-DES-LG-STRIPLIFE,11.030,11.030,11.030,Large (170x170cm)
PICNIC-DES-LG-SUNSUP,11.030,11.030,11.030,Large (170x170cm)
PICNIC-DES-LG-TERATROP,11.030,11.030,11.030,Large (170x170cm)
PICNIC-DES-LG-XSAUCY,11.030,11.030,11.030,Large (170x170cm)
PICNIC-DES-XL-ALF,14.620,14.620,14.620,Extra Large (240x170cm)
PICNIC-DES-XL-APPLTRT,14.620,14.620,14.620,Extra Large (240x170cm)
PICNIC-DES-XL-BANARAM,14.620,14.620,14.620,Extra Large (240x170cm)
PICNIC-DES-XL-BIGDILL,14.620,14.620,14.620,Extra Large (240x170cm)
PICNIC-DES-XL-BRGTSIDE,14.620,14.620,14.620,Extra Large (240x170cm)
PICNIC-DES-XL-CANDSTR,14.620,14.620,14.620,Extra Large (240x170cm)
PICNIC-DES-XL-DKDIS,14.620,14.620,14.620,Extra Large (240x170cm)
PICNIC-DES-XL-GRCSHR,14.620,14.620,14.620,Extra Large (240x170cm)
PICNIC-DES-XL-MARGMAD,14.620,14.620,14.620,Extra Large (240x170cm)
PICNIC-DES-XL-MTCHCRS,14.620,14.620,14.620,Extra Large (240x170cm)
PICNIC-DES-XL-PKTSUN,14.620,14.620,14.620,Extra Large (240x170cm)
PICNIC-DES-XL-SORBET,14.620,14.620,14.620,Extra Large (240x170cm)
PICNIC-DES-XL-SPRCLUB,14.620,14.620,14.620,Extra Large (240x170cm)
PICNIC-DES-XL-STRIPLIFE,14.620,14.620,14.620,Extra Large (240x170cm)
PICNIC-DES-XL-SUNSUP,14.620,14.620,14.620,Extra Large (240x170cm)
PICNIC-DES-XL-TERATROP,14.620,14.620,14.620,Extra Large (240x170cm)
PICNIC-DES-XL-XSAUCY,14.620,14.620,14.620,Extra Large (240x170cm)
PICNIC-GIN-LG-BLUE,11.030,11.030,11.030,Large (170x170cm)
PICNIC-GIN-LG-PINK,11.030,11.030,11.030,Large (170x170cm)
PICNIC-GIN-XL-BLUE,14.620,14.620,14.620,Extra Large (240x170cm)
PICNIC-GIN-XL-PINK,14.620,14.620,14.620,Extra Large (240x170cm)
PICNIC-SGW-LG-GETWAV,11.030,11.030,11.030,Large (170x170cm)
PICNIC-SGW-XL-GETWAV,14.620,14.620,14.620,Extra Large (240x170cm)
PICNIC-SUM-LG-SANDSEA,11.030,11.030,11.030,Large (170x170cm)
PICNIC-SUM-LG-UNICN,11.030,11.030,11.030,Large (170x170cm)
PICNIC-SUM-XL-SANDSEA,14.620,14.620,14.620,Extra Large (240x170cm)
PICNIC-SUM-XL-UNICN,14.620,14.620,14.620,Extra Large (240x170cm)
PONCHA-CAB-LG-BLUE-NS,6.180,6.180,6.180,Large (105x85cm)
PONCHA-CAB-LG-BLUE-R,6.180,6.180,6.180,Large (105x80cm)
PONCHA-CAB-LG-GREEN-R,6.180,6.180,6.180,Large (105x80cm)
PONCHA-CAB-LG-GREY-R,6.180,6.180,6.180,Large (105x80cm)
PONCHA-CAB-LG-LTPNK,6.180,6.180,6.180,Large (105x80cm)
PONCHA-CAB-LG-LTPNK-NS,6.180,6.180,6.180,Large (105x85cm)
PONCHA-CAB-LG-NAVY,6.180,6.180,6.180,Large (105x80cm)
PONCHA-CAB-LG-NAVY-NS,6.180,6.180,6.180,Large (105x85cm)
PONCHA-CAB-LG-PALP,6.180,6.180,6.180,Large (105x85cm)
PONCHA-CAB-LG-PINK-R,6.180,6.180,6.180,Large (105x80cm)
PONCHA-CAB-LG-RED-R,6.180,6.180,6.180,Large (105x80cm)
PONCHA-CAB-LG-YELL-R,6.180,6.180,6.180,Large (105x80cm)
PONCHA-CAB-MD-BLUE-NS,6.020,6.020,6.020,Medium (99x70cm)
PONCHA-CAB-MD-BLUE-R,6.020,6.020,6.020,Medium (90x70cm)
PONCHA-CAB-MD-GREEN-R,6.180,6.180,6.180,Medium (90x70cm)
PONCHA-CAB-MD-GREY-R,6.180,6.180,6.180,Medium (90x70cm)
PONCHA-CAB-MD-LTPNK,6.020,6.020,6.020,Medium (90x70cm)
PONCHA-CAB-MD-LTPNK-NS,6.020,6.020,6.020,Medium (99x70cm)
PONCHA-CAB-MD-NAVY,6.020,6.020,6.020,Medium (90x70cm)
PONCHA-CAB-MD-NAVY-NS,6.020,6.020,6.020,Medium (99x70cm)
PONCHA-CAB-MD-PALP,6.180,6.180,6.180,Medium (99x70cm)
PONCHA-CAB-MD-PINK-R,6.180,6.180,6.180,Medium (90x70cm)
PONCHA-CAB-MD-RED-R,6.180,6.180,6.180,Medium (90x70cm)
PONCHA-CAB-MD-YELL-R,6.180,6.180,6.180,Medium (90x70cm)
PONCHA-CAB-SM-BLUE-R,6.020,6.020,6.020,Small (85x65cm)
PONCHA-CAB-SM-GREEN-R,6.020,6.020,6.020,Small (85x65cm)
PONCHA-CAB-SM-GREY-R,6.020,6.020,6.020,Small (85x65cm)
PONCHA-CAB-SM-LTPNK,6.020,6.020,6.020,Small (85x65cm)
PONCHA-CAB-SM-NAVY,6.020,6.020,6.020,Small (85x65cm)
PONCHA-CAB-SM-PINK-R,6.020,6.020,6.020,Small (85x65cm)
PONCHA-CAB-SM-RED-R,6.020,6.020,6.020,Small (85x65cm)
PONCHA-CAB-SM-YELL-R,6.020,6.020,6.020,Small (85x65cm)
PONCHA-CAB-XL-LTPNK,7.170,7.170,7.170,Extra Large (120x95cm)
PONCHA-CAB-XL-NAVY,7.170,7.170,7.170,Extra Large (120x95cm)
PONCHA-CLA-LG-BLACK,6.180,6.180,6.180,Large (105x80cm)
PONCHA-CLA-LG-DKGRN,6.180,6.180,6.180,Large (105x80cm)
PONCHA-CLA-LG-NAVY,6.180,6.180,6.180,Large (105x80cm)
PONCHA-CLA-LG-NAVY-NS,6.180,6.180,6.180,Large (105x85cm)
PONCHA-CLA-MD-BLACK,6.020,6.020,6.020,Medium (90x70cm)
PONCHA-CLA-MD-DKGRN,6.180,6.180,6.180,Medium (90x70cm)
PONCHA-CLA-MD-NAVY,6.020,6.020,6.020,Medium (90x70cm)
PONCHA-CLA-MD-NAVY-NS,6.020,6.020,6.020,Medium (99x70cm)
PONCHA-CLA-SM-BLACK,6.020,6.020,6.020,Small (85x65cm)
PONCHA-CLA-SM-DKGRN,6.020,6.020,6.020,Small (85x65cm)
PONCHA-CLA-SM-NAVY,6.020,6.020,6.020,Small (85x65cm)
PONCHA-DES-LG-CHECKMT,6.180,6.180,6.180,Large (105x85cm)
PONCHA-DES-LG-DRFT,6.180,6.180,6.180,Large (105x85cm)
PONCHA-DES-LG-FRUTLPS,6.180,6.180,6.180,Large (105x85cm)
PONCHA-DES-LG-GROOVCH,6.180,6.180,6.180,Large (105x85cm)
PONCHA-DES-LG-IBZAGLW,6.180,6.180,6.180,Large (105x85cm)
PONCHA-DES-LG-PALMBCH,6.180,6.180,6.180,Large (105x80cm)
PONCHA-DES-LG-PCHBCH,6.180,6.180,6.180,Large (105x85cm)
PONCHA-DES-LG-TERATROP,6.180,6.180,6.180,Large (105x80cm)
PONCHA-DES-LG-WAVYBBY,6.180,6.180,6.180,Large (105x85cm)
PONCHA-DES-LG-WTRSUG,6.180,6.180,6.180,Large (105x85cm)
PONCHA-DES-MD-CHECKMT,6.020,6.020,6.020,Medium (99x70cm)
PONCHA-DES-MD-DRFT,7.140,7.140,7.140,Medium (99x70cm)
PONCHA-DES-MD-FRUTLPS,6.020,6.020,6.020,Medium (99x70cm)
PONCHA-DES-MD-GROOVCH,6.020,6.020,6.020,Medium (99x70cm)
PONCHA-DES-MD-IBZAGLW,6.020,6.020,6.020,Medium (99x70cm)
PONCHA-DES-MD-PALMBCH,6.020,6.020,6.020,Medium (90x70cm)
PONCHA-DES-MD-PCHBCH,7.140,7.140,7.140,Medium (99x70cm)
PONCHA-DES-MD-TERATROP,6.020,6.020,6.020,Medium (90x70cm)
PONCHA-DES-MD-WAVYBBY,6.020,6.020,6.020,Medium (99x70cm)
PONCHA-DES-MD-WTRSUG,6.020,6.020,6.020,Medium (99x70cm)
PONCHA-FST-LG-BRT-R,6.180,6.180,6.180,Large (105x80cm)
PONCHA-FST-LG-GRN-R,6.180,6.180,6.180,Large (105x80cm)
PONCHA-FST-LG-GRY-R,6.180,6.180,6.180,Large (105x80cm)
PONCHA-FST-LG-NVY-R,6.180,6.180,6.180,Large (105x80cm)
PONCHA-FST-LG-PNK-R,6.180,6.180,6.180,Large (105x80cm)
PONCHA-FST-MD-BRT-R,6.180,6.180,6.180,Medium (90x70cm)
PONCHA-FST-MD-GRN-R,6.180,6.180,6.180,Medium (90x70cm)
PONCHA-FST-MD-GRY-R,6.180,6.180,6.180,Medium (90x70cm)
PONCHA-FST-MD-NVY-R,6.180,6.180,6.180,Medium (90x70cm)
PONCHA-FST-MD-PNK-R,6.180,6.180,6.180,Medium (90x70cm)
PONCHA-FST-SM-BRT-R,6.020,6.020,6.020,Small (85x65cm)
PONCHA-FST-SM-GRN-R,6.020,6.020,6.020,Small (85x65cm)
PONCHA-FST-SM-GRY-R,6.020,6.020,6.020,Small (85x65cm)
PONCHA-FST-SM-NVY-R,6.020,6.020,6.020,Small (85x65cm)
PONCHA-FST-SM-PNK-R,6.020,6.020,6.020,Small (85x65cm)
PONCHA-MAR-LG-BLUE,6.180,6.180,6.180,Large (105x80cm)
PONCHA-MAR-LG-PINK,6.180,6.180,6.180,Large (105x80cm)
PONCHA-MAR-MD-BLUE,6.020,6.020,6.020,Medium (90x70cm)
PONCHA-MAR-MD-PINK,6.020,6.020,6.020,Medium (90x70cm)
PONCHA-MAR-SM-BLUE,6.020,6.020,6.020,Small (85x65cm)
PONCHA-MAR-SM-PINK,6.020,6.020,6.020,Small (85x65cm)
PONCHA-SGW-LG-GETWAV,6.180,6.180,6.180,Large (105x80cm)
PONCHA-SGW-LG-RISSUN,6.180,6.180,6.180,Large (105x80cm)
PONCHA-SGW-MD-GETWAV,6.020,6.020,6.020,Medium (90x70cm)
PONCHA-SGW-MD-RISSUN,6.020,6.020,6.020,Medium (90x70cm)
PONCHA-SGW-SM-GETWAV,6.020,6.020,6.020,Small (85x65cm)
PONCHA-SGW-SM-RISSUN,6.020,6.020,6.020,Small (85x65cm)
PONCHA-SUM-LG-CSTCANDY,6.180,6.180,6.180,Large (105x85cm)
PONCHA-SUM-LG-LAZRIV,6.180,6.180,6.180,Large (105x85cm)
PONCHA-SUM-LG-PCHSUN,6.180,6.180,6.180,Large (105x80cm)
PONCHA-SUM-LG-UNICN,6.180,6.180,6.180,Large (105x80cm)
PONCHA-SUM-LG-UNICN-NS,6.180,6.180,6.180,Large (105x85cm)
PONCHA-SUM-MD-CSTCANDY,6.020,6.020,6.020,Medium (99x70cm)
PONCHA-SUM-MD-LAZRIV,6.020,6.020,6.020,Medium (99x70cm)
PONCHA-SUM-MD-PCHSUN,6.020,6.020,6.020,Medium (90x70cm)
PONCHA-SUM-MD-UNICN,6.020,6.020,6.020,Medium (90x70cm)
PONCHA-SUM-MD-UNICN-NS,6.020,6.020,6.020,Medium (99x70cm)
PONCHA-SUM-SM-UNICN,6.020,6.020,6.020,Small (85x65cm)
PONCHA-SUM-XL-UNICN,7.140,7.140,7.140,Extra Large (120x95cm)
PONCHK-CAB-MD-BLUE-NS,4.240,4.240,4.240,Medium (Age 6 to 10) (75x55cm)
PONCHK-CAB-MD-BLUE-R,4.240,4.240,4.240,Age 7 to 10
PONCHK-CAB-MD-GREEN-R,4.240,4.240,4.240,Age 7 to 10
PONCHK-CAB-MD-GREY-R,4.240,4.240,4.240,Age 7 to 10
PONCHK-CAB-MD-LTPNK,4.240,4.240,4.240,Age 7 to 10
PONCHK-CAB-MD-LTPNK-NS,4.240,4.240,4.240,Medium (Age 6 to 10) (75x55cm)
PONCHK-CAB-MD-NAVY,4.240,4.240,4.240,Age 7 to 10
PONCHK-CAB-MD-NAVY-NS,4.240,4.240,4.240,Medium (Age 6 to 10) (75x55cm)
PONCHK-CAB-MD-PALP,4.240,4.240,4.240,Medium (Age 6 to 10) (75x55cm)
PONCHK-CAB-MD-PINK-R,4.240,4.240,4.240,Age 7 to 10
PONCHK-CAB-MD-RED-R,4.240,4.240,4.240,Age 7 to 10
PONCHK-CAB-MD-YELL,4.240,4.240,4.240,
PONCHK-CAB-MD-YELL-R,4.240,4.240,4.240,Age 7 to 10
PONCHK-CAB-SM-BLUE-NS,3.870,3.870,3.870,Small (Age 3 to 5) (66x49cm)
PONCHK-CAB-SM-BLUE-R,3.870,3.870,3.870,Age 4 to 7
PONCHK-CAB-SM-GREEN-R,3.870,3.870,3.870,Age 4 to 7
PONCHK-CAB-SM-GREY-R,3.870,3.870,3.870,Age 4 to 7
PONCHK-CAB-SM-LTPNK,3.870,3.870,3.870,Age 4 to 7
PONCHK-CAB-SM-LTPNK-NS,3.870,3.870,3.870,Small (Age 3 to 5) (66x49cm)
PONCHK-CAB-SM-NAVY,3.870,3.870,3.870,Age 4 to 7
PONCHK-CAB-SM-NAVY-NS,3.870,3.870,3.870,Small (Age 3 to 5) (66x49cm)
PONCHK-CAB-SM-PALP,3.870,3.870,3.870,Small (Age 3 to 5) (66x49cm)
PONCHK-CAB-SM-PINK-R,3.870,3.870,3.870,Age 4 to 7
PONCHK-CAB-SM-RED-R,3.870,3.870,3.870,Age 4 to 7
PONCHK-CAB-SM-YELL,3.870,3.870,3.870,
PONCHK-CAB-SM-YELL-R,3.870,3.870,3.870,Age 4 to 7
PONCHK-CAB-XS-BLUE-R,3.870,3.870,3.870,Age 2 to 4
PONCHK-CAB-XS-GREEN-R,3.870,3.870,3.870,Age 2 to 4
PONCHK-CAB-XS-GREY-R,3.870,3.870,3.870,Age 2 to 4
PONCHK-CAB-XS-LTPNK,3.870,3.870,3.870,Age 2 to 4
PONCHK-CAB-XS-NAVY,3.870,3.870,3.870,Age 2 to 4
PONCHK-CAB-XS-PINK-R,3.870,3.870,3.870,Age 2 to 4
PONCHK-CAB-XS-RED-R,3.870,3.870,3.870,Age 2 to 4
PONCHK-CAB-XS-YELL-R,3.870,3.870,3.870,Age 2 to 4
PONCHK-DES-MD-CLBSDA,4.210,4.210,4.210,Medium (Age 6 to 10) (75x55cm)
PONCHK-DES-MD-SPCYLME,4.210,4.210,4.210,Medium (Age 6 to 10) (75x55cm)
PONCHK-DES-SM-CLBSDA,3.870,3.870,3.870,Small (Age 3 to 5) (66x49cm)
PONCHK-DES-SM-SPCYLME,3.870,3.870,3.870,Small (Age 3 to 5) (66x49cm)
PONCHK-JUN-MD-FLAMG-R,6.020,6.020,6.020,Age 7 to 10
PONCHK-JUN-MD-MONKY-R,4.210,4.210,4.210,Age 7 to 10
PONCHK-JUN-MD-TIGER-R,6.020,6.020,6.020,Age 7 to 10
PONCHK-JUN-MD-TOUCN-R,6.020,6.020,6.020,Age 7 to 10
PONCHK-JUN-SM-FLAMG-R,3.870,3.870,3.870,Age 4 to 7
PONCHK-JUN-SM-MONKY-R,3.870,3.870,3.870,Age 4 to 7
PONCHK-JUN-SM-TIGER-R,3.870,3.870,3.870,Age 4 to 7
PONCHK-JUN-SM-TOUCN-R,3.870,3.870,3.870,Age 4 to 7
PONCHK-JUN-XS-FLAMG-R,3.870,3.870,3.870,Age 2 to 4
PONCHK-JUN-XS-MONKY-R,3.870,3.870,3.870,Age 2 to 4
PONCHK-JUN-XS-TIGER-R,3.870,3.870,3.870,Age 2 to 4
PONCHK-JUN-XS-TOUCN-R,3.870,3.870,3.870,Age 2 to 4
PONCHK-KID-MD-BUBDRM,4.210,4.210,4.210,Medium (Age 6 to 10) (75x55cm)
PONCHK-KID-MD-CAMO,4.210,4.210,4.210,Age 7 to 10
PONCHK-KID-MD-CAMO-NS,3.870,3.870,3.870,Medium (Age 6 to 10) (75x55cm)
PONCHK-KID-MD-CAMOCUBE,4.210,4.210,4.210,Medium (Age 6 to 10) (75x55cm)
PONCHK-KID-MD-CHECKOUT,4.210,4.210,4.210,Medium (Age 6 to 10) (75x55cm)
PONCHK-KID-MD-CROC,4.210,4.210,4.210,Medium (Age 6 to 10) (75x55cm)
PONCHK-KID-MD-DOODMOOD,3.870,3.870,3.870,Medium (Age 6 to 10) (75x55cm)
PONCHK-KID-MD-FIVEDAY,3.870,3.870,3.870,Medium (Age 6 to 10) (75x55cm)
PONCHK-KID-MD-FLAM,4.210,4.210,4.210,Medium (Age 6 to 10) (75x55cm)
PONCHK-KID-MD-GVCLUB,4.210,4.210,4.210,Medium (Age 6 to 10) (75x55cm)
PONCHK-KID-MD-INTOWILD,4.210,4.210,4.210,Medium (Age 6 to 10) (75x55cm)
PONCHK-KID-MD-JELLY,4.210,4.210,4.210,Medium (Age 6 to 10) (75x55cm)
PONCHK-KID-MD-KARMCHAM,4.210,4.210,4.210,Medium (Age 6 to 10) (75x55cm)
PONCHK-KID-MD-LEOP,4.210,4.210,4.210,Age 7 to 10
PONCHK-KID-MD-POWER,4.210,4.210,4.210,Age 7 to 10
PONCHK-KID-MD-POWER-NS,3.870,3.870,3.870,Medium (Age 6 to 10) (75x55cm)
PONCHK-KID-MD-RAINB,4.210,4.210,4.210,Age 7 to 10
PONCHK-KID-MD-SKATER,4.210,4.210,4.210,Medium (Age 6 to 10) (75x55cm)
PONCHK-KID-MD-SQUIG,4.210,4.210,4.210,Age 7 to 10
PONCHK-KID-MD-TURTROP,4.210,4.210,4.210,Medium (Age 6 to 10) (75x55cm)
PONCHK-KID-SM-BUBDRM,3.870,3.870,3.870,Small (Age 3 to 5) (66x49cm)
PONCHK-KID-SM-CAMO,3.870,3.870,3.870,Age 4 to 7
PONCHK-KID-SM-CAMO-NS,3.870,3.870,3.870,Small (Age 3 to 5) (66x49cm)
PONCHK-KID-SM-CAMOCUBE,3.870,3.870,3.870,Small (Age 3 to 5) (66x49cm)
PONCHK-KID-SM-CHECKOUT,3.870,3.870,3.870,Small (Age 3 to 5) (66x49cm)
PONCHK-KID-SM-CROC,3.870,3.870,3.870,Small (Age 3 to 5) (66x49cm)
PONCHK-KID-SM-DOODMOOD,3.870,3.870,3.870,Small (Age 3 to 5) (66x49cm)
PONCHK-KID-SM-FIVEDAY,3.870,3.870,3.870,Small (Age 3 to 5) (66x49cm)
PONCHK-KID-SM-FLAM,3.870,3.870,3.870,Small (Age 3 to 5) (66x49cm)
PONCHK-KID-SM-GVCLUB,3.870,3.870,3.870,Small (Age 3 to 5) (66x49cm)
PONCHK-KID-SM-INTOWILD,3.870,3.870,3.870,Small (Age 3 to 5) (66x49cm)
PONCHK-KID-SM-JELLY,3.870,3.870,3.870,Small (Age 3 to 5) (66x49cm)
PONCHK-KID-SM-KARMCHAM,3.870,3.870,3.870,Small (Age 3 to 5) (66x49cm)
PONCHK-KID-SM-LEOP,3.870,3.870,3.870,Age 4 to 7
PONCHK-KID-SM-POWER,3.870,3.870,3.870,Age 4 to 7
PONCHK-KID-SM-POWER-NS,3.870,3.870,3.870,Small (Age 3 to 5) (66x49cm)
PONCHK-KID-SM-RAINB,3.870,3.870,3.870,Age 4 to 7
PONCHK-KID-SM-SKATER,3.870,3.870,3.870,Small (Age 3 to 5) (66x49cm)
PONCHK-KID-SM-SQUIG,3.870,3.870,3.870,Age 4 to 7
PONCHK-KID-SM-TURTROP,3.870,3.870,3.870,Small (Age 3 to 5) (66x49cm)
PONCHK-KID-XS-CAMO,3.870,3.870,3.870,Age 2 to 4
PONCHK-KID-XS-LEOP,3.870,3.870,3.870,Age 2 to 4
PONCHK-KID-XS-POWER,3.870,3.870,3.870,Age 2 to 4
PONCHK-KID-XS-RAINB,3.870,3.870,3.870,Age 2 to 4
PONCHK-KID-XS-SQUIG,3.870,3.870,3.870,Age 2 to 4
PONCHK-SUM-MD-CSTCANDY,4.210,4.210,4.210,Medium (Age 6 to 10) (75x55cm)
PONCHK-SUM-MD-UNICN,4.210,4.210,4.210,Age 7 to 10
PONCHK-SUM-MD-UNICN-NS,3.870,3.870,3.870,Medium (Age 6 to 10) (75x55cm)
PONCHK-SUM-SM-CSTCANDY,3.870,3.870,3.870,Small (Age 3 to 5) (66x49cm)
PONCHK-SUM-SM-UNICN,3.870,3.870,3.870,Age 4 to 7
PONCHK-SUM-SM-UNICN-NS,3.870,3.870,3.870,Small (Age 3 to 5) (66x49cm)
PONCHK-SUM-XS-UNICN,3.870,3.870,3.870,Age 2 to 4
PONCHOADULT-LAR-BLUE,6.180,6.180,6.180,Large (105x80cm) 
PONCHOADULT-LAR-GREEN,6.180,6.180,6.180,Large (105x80cm)
PONCHOADULT-LAR-GREY,6.180,6.180,6.180,Large (105x80cm)
PONCHOADULT-LAR-PINK,6.180,6.180,6.180,Large (105x80cm)
PONCHOADULT-LAR-RED,6.180,6.180,6.180,Large (105x80cm)
PONCHOADULT-LAR-YELLOW,6.180,6.180,6.180,Large (105x80cm)
PONCHOADULT-MED-BLUE,6.180,6.180,6.180,Medium (90x70cm)
PONCHOADULT-MED-GREEN,6.180,6.180,6.180,Medium (90x70cm)
PONCHOADULT-MED-GREY,6.020,6.020,6.020,Medium (90x70cm) 
PONCHOADULT-MED-PINK,6.180,6.180,6.180,Medium (90x70cm)
PONCHOADULT-MED-RED,6.020,6.020,6.020,Medium (90x70cm) 
PONCHOADULT-MED-YELLOW,6.180,6.180,6.180,Medium (90x70cm)
PONCHOADULT-SML-BLUE,6.020,6.020,6.020,Small (85x65cm)
PONCHOADULT-SML-GREEN,6.020,6.020,6.020,Small (85x65cm)
PONCHOADULT-SML-GREY,6.020,6.020,6.020,Small (85x65cm)
PONCHOADULT-SML-PINK,6.020,6.020,6.020,Small (85x65cm)
PONCHOADULT-SML-RED,6.020,6.020,6.020,Small (85x65cm)
PONCHOADULT-SML-YELLOW,6.020,6.020,6.020,Small (85x65cm)
PONCHOKIDS-MED-BLUE,4.240,4.240,4.240,Age 7 to 10
PONCHOKIDS-MED-GREEN,4.240,4.240,4.240,Age 7 to 10
PONCHOKIDS-MED-GREY,4.240,4.240,4.240,Age 7 to 10
PONCHOKIDS-MED-PINK,4.240,4.240,4.240,Age 7 to 10
PONCHOKIDS-MED-RED,4.240,4.240,4.240,Age 7 to 10
PONCHOKIDS-MED-YELLOW,4.240,4.240,4.240,Age 7 to 10
PONCHOKIDS-SML-BLUE,3.870,3.870,3.870,Age 4 to 7
PONCHOKIDS-SML-GREEN,3.870,3.870,3.870,Age 4 to 7
PONCHOKIDS-SML-GREY,3.870,3.870,3.870,Age 4 to 7
PONCHOKIDS-SML-PINK,3.870,3.870,3.870,Age 4 to 7 
PONCHOKIDS-SML-PURPLE,3.870,3.870,3.870,Age 4 to 7
PONCHOKIDS-SML-RED,3.870,3.870,3.870,Age 4 to 7 
PONCHOKIDS-SML-YELLOW,3.870,3.870,3.870,Age 4 to 7 
PONCHOKIDS-XSM-BLUE,3.870,3.870,3.870,Age 2 to 4
PONCHOKIDS-XSM-GREEN,3.870,3.870,3.870,Age 2 to 4 
PONCHOKIDS-XSM-GREY,3.870,3.870,3.870,Age 2 to 4 
PONCHOKIDS-XSM-PINK,3.870,3.870,3.870,Age 2 to 4
PONCHOKIDS-XSM-RED,3.870,3.870,3.870,Age 2 to 4 
PONCHOKIDS-XSM-YELLOW,3.870,3.870,3.870,Age 2 to 4 
POS-DIS-LG-FULL-TOWLB-EN-24,12.640,12.640,12.640,Large Cardboard POS
POS-DIS-PREM-1SIDE-24,210.000,210.000,210.000,Premium POS
POS-DIS-PREM-2SIDE-KIT,74.250,74.250,74.250, (81x59cm)
POS-DIS-PREM-3X-PRONGS,2.750,2.750,2.750, (30x10cm)
POS-DIS-PREM-EXRS,35.000,35.000,35.000, (50x20cm)
POS-DIS-PREM-PEG-BOARD,0.000,0.000,0.000, (xcm)
POS-DIS-PREM-WIRE-BASKET,22.500,22.500,22.500, (50x20cm)
POS-DIS-PREM-WOOD-BASKET,32.500,32.500,32.500, (50x20cm)
POS-DIS-SM-DOGTWL-EN-24,2.982,2.982,2.982,Small Cardboard POS
POS-DIS-SM-FULL-BAGF-EN-24,2.398,2.398,2.398,Small Cardboard POS
POS-DIS-SM-FULL-COOL-EN-24,2.398,2.398,2.398,Small Cardboard POS
POS-DIS-SM-FULL-HAIRW-EN-24,0.992,0.992,0.992,Small Cardboard POS
POS-DIS-SM-FULL-MAKUP-EN-24,1.621,1.621,1.621,Small Cardboard POS
POS-DIS-SM-FULL-PICNIC-EN-24,2.398,2.398,2.398,Small Cardboard POS
POS-DIS-SM-FULL-PONCHA-EN-24,2.398,2.398,2.398,Small Cardboard POS
POS-DIS-SM-FULL-PONCHK-EN-24,2.398,2.398,2.398,Small Cardboard POS
POS-DIS-SM-FULL-TOWLB-EN-24,1.852,1.852,1.852,Small Cardboard POS
POS-DIS-SM-FULL-TOWLB-KID-EN-24,2.398,2.398,2.398,Small Cardboard POS
POS-DIS-SM-HEAD-BAGF-EN-24,0.595,0.595,0.595,Small POS Header
POS-DIS-SM-HEAD-COOL-EN-24,0.595,0.595,0.595,Small POS Header
POS-DIS-SM-HEAD-PICNIC-EN-24,0.633,0.633,0.633,Small POS Header
POS-DIS-SM-HEAD-PONCHA-EN-24,0.633,0.633,0.633,Small POS Header
POS-DIS-SM-HEAD-PONCHK-EN-24,0.633,0.633,0.633,Small POS Header
POS-DIS-SM-HEAD-TOWLB-KID-EN-24,0.633,0.633,0.633,Small POS Header
POS-DIS-SM-UNO-SS26,2.398,2.398,2.398,Small Cardboard POS
POS-DISPLAY-LG-FR-22,12.640,12.640,12.640,Large Cardboard POS
POS-DISPLAY-LG-R,12.640,12.640,12.640,Large Cardboard POS
POS-DISPLAY-SM-FR-22,2.398,2.398,2.398,Small Cardboard POS
POS-DISPLAY-SM-R,2.398,2.398,2.398,Small Cardboard POS
POS-SM-TOWLB-24,0.000,0.000,0.000,Small Cardboard POS
PP-TEATWL-MD-2SET-FRUVEG,3.620,3.620,3.620, (xcm)
PP-TEATWL-MD-2SET-RNROO,3.620,3.620,3.620, (xcm)
PP-TEATWL-MD-3SET-FINDIN,0.000,0.000,0.000,Medium (75x45cm)
PP-TEATWL-MD-3SET-KTCHDISC,0.000,0.000,0.000,Medium (75x45cm)
PP-TEATWL-MD-3SET-SETTAB,5.440,5.440,5.440,Medium (75x45cm)
PP-TEATWL-MD-3SET-SPRKSHNE,5.440,5.440,5.440,Set of 3 (75x45cm)
PP-TEATWL-MD-3SET-STRAWFZ,0.000,0.000,0.000,Medium (75x45cm)
PP-TEATWL-MD-3SET-TAPTIM,5.440,5.440,5.440,Medium (75x45cm)
PP-TEATWL-MD-3SET-TART,0.000,0.000,0.000,Medium (75x45cm)
PP-TEATWL-MD-5SET-CULDEL,0.000,0.000,0.000,Medium (75x45cm)
PP-TEATWL-MD-5SET-HOST,0.000,0.000,0.000,Medium (75x45cm)
PP-TEATWL-MD-5SET-PICKY,0.000,0.000,0.000,Medium (75x45cm)
PP-TEATWL-MD-6SET-AFTPTY,0.000,0.000,0.000,Medium (75x45cm)
PP-TEATWL-MD-6SET-FRTCTL,0.000,0.000,0.000,Medium (75x45cm)
PP-TOWLB-CAB-LG-4SET-BLUE,17.210,17.210,17.210,Large (160x90cm)
PP-TOWLB-CAB-LG-4SET-ORANGE,17.210,17.210,17.210,Large (160x90cm)
PP-TOWLB-CAB-LG-4SET-PINK,17.210,17.210,17.210,Large (160x90cm)
PP-TOWLB-CAB-LG-4SETA-R,17.210,17.210,17.210,Large (160x90cm)
PP-TOWLB-CAB-LG-4SETE-R,17.210,17.210,17.210,Large (160x90cm)
PP-TOWLB-CAB-LG-4SETF-R,17.210,17.210,17.210,Large (160x90cm)
PP-TOWLB-CAB-LG-4SETG,17.210,17.210,17.210,Large (160x90cm)
PP-TOWLB-CAB-LG-4SETH,17.210,17.210,17.210,Large (160x90cm)
PP-TOWLB-CAB-LG-4SETK,17.210,17.210,17.210,Large (160x90cm)
PP-TOWLB-CAB-LG-4SETL,17.210,17.210,17.210,Large (160x90cm)
PP-TOWLB-CAB-LG-4SETM,17.210,17.210,17.210,Large (160x90cm)
PP-TOWLB-CAB-LG-4SETN,17.210,17.210,17.210,Large (160x90cm)
PP-TOWLB-CAB-LG-4SETO,17.210,17.210,17.210,Large (160x90cm)
PP-TOWLB-CAB-LG-6SET-BLUE,25.370,25.370,25.370,Large (160x90cm)
PP-TOWLB-CAB-LG-6SET-PINK,25.370,25.370,25.370,Large (160x90cm)
PP-TOWLB-CAB-LG-6SET-R,25.370,25.370,25.370,Large (160x90cm)
PP-TOWLB-CAB-LG-6SETI,25.370,25.370,25.370,Large (160x90cm)
PP-TOWLB-CAB-LG-6SETJ,25.690,25.690,25.690,Large (160x90cm)
PP-TOWLB-CAB-LG-6SETK,25.370,25.370,25.370,Large (160x90cm)
PP-TOWLB-CAB-LG-6SETL,25.370,25.370,25.370,Large (160x90cm)
PP-TOWLB-CAB-LG-6SETM,25.370,25.370,25.370,Large (160x90cm)
PP-TOWLB-CAB-XL-4SET-BLUE,19.690,19.690,19.690,Extra Large (200x90cm)
PP-TOWLB-CAB-XL-4SET-ORANGE,19.690,19.690,19.690,Extra Large (200x90cm)
PP-TOWLB-CAB-XL-4SET-PINK,19.690,19.690,19.690,Extra Large (200x90cm)
PP-TOWLB-CAB-XL-4SETA-R,19.690,19.690,19.690,Extra Large (200x90cm)
PP-TOWLB-CAB-XL-4SETE-R,19.690,19.690,19.690,Extra Large (200x90cm)
PP-TOWLB-CAB-XL-4SETF-R,19.690,19.690,19.690,Extra Large (200x90cm)
PP-TOWLB-CAB-XL-4SETG,19.690,19.690,19.690,Extra Large (200x90cm)
PP-TOWLB-CAB-XL-4SETH,19.690,19.690,19.690,Extra Large (200x90cm)
PP-TOWLB-CAB-XL-4SETK,19.690,19.690,19.690,Extra Large (200x90cm)
PP-TOWLB-CAB-XL-4SETL,19.690,19.690,19.690,Extra Large (200x90cm)
PP-TOWLB-CAB-XL-4SETM,19.690,19.690,19.690,Extra Large (200x90cm)
PP-TOWLB-CAB-XL-4SETN,19.690,19.690,19.690,Extra Large (200x90cm)
PP-TOWLB-CAB-XL-4SETO,19.690,19.690,19.690,Extra Large (200x90cm)
PP-TOWLB-CAB-XL-6SET-BLUE,29.090,29.090,29.090,Extra Large (200x90cm)
PP-TOWLB-CAB-XL-6SET-PINK,29.090,29.090,29.090,Extra Large (200x90cm)
PP-TOWLB-CAB-XL-6SET-R,29.090,29.090,29.090,Extra Large (200x90cm)
PP-TOWLB-CAB-XL-6SETI,29.090,29.090,29.090,Extra Large (200x90cm)
PP-TOWLB-CAB-XL-6SETJ,29.090,29.090,29.090,Extra Large (200x90cm)
PP-TOWLB-CAB-XL-6SETK,29.090,29.090,29.090,Extra Large (200x90cm)
PP-TOWLB-CAB-XL-6SETL,29.090,29.090,29.090,Extra Large (200x90cm)
PP-TOWLB-CAB-XL-6SETM,29.090,29.090,29.090,Extra Large (200x90cm)
PP-TOWLB-DES-LG-4SETA,20.820,20.820,20.820,Large (160x90cm)
PP-TOWLB-DES-LG-4SETE,17.210,17.210,17.210,Large (160x90cm)
PP-TOWLB-DES-LG-6SETA,17.210,17.210,17.210,Large (160x90cm)
PP-TOWLB-DES-XL-4SETA,24.580,24.580,24.580,Extra Large (200x90cm)
PP-TOWLB-DES-XL-4SETE,19.690,19.690,19.690,Extra Large (200x90cm)
PP-TOWLB-DES-XL-6SETA,36.720,36.720,36.720,Extra Large (200x90cm)
PP-TOWLB-SUM-LG-6SETA,31.080,31.080,31.080,Large (160x90cm)
PP-TOWLB-SUM-XL-6SETA,29.310,29.310,29.310,Extra Large (200x90cm)
PP01BS-C,0.000,0.000,0.000,
PREORDER-020,0.000,0.000,0.000,
PREORDER-021,0.000,0.000,0.000,
PREORDER-022,0.000,0.000,0.000,
PREORDER-023,0.000,0.000,0.000,
PREORDER-024,0.000,0.000,0.000,
ROBE-CBH-MD-NAVY,14.290,14.290,14.290,Medium / Large
ROBE-CLA-MD-NAVY,13.160,13.160,13.160,Medium / Large
ROBE-CLA-MD-WHITE,13.160,13.160,13.160,Medium / Large
ROBE-GEO-MD-PINK,14.290,14.290,14.290,Medium / Large
ROBE-RET-MD-MONT,14.290,14.290,14.290,Medium / Large
ROBE-RET-MD-SINH,14.290,14.290,14.290,Medium / Large
ROUND-CROSS-ORANGE,8.190,8.190,8.190,Round (200x200cm)
ROUND-CROSS-RED,8.190,8.190,8.190,Round (200x200cm)
ROUND-MAZE-GREEN,8.190,8.190,8.190,Round (200x200cm)
ROUND-MAZE-PINK,8.190,8.190,8.190,Round (200x200cm)
ROUND-MAZE-YELLOW,8.190,8.190,8.190,Round (200x200cm)
ROUND-STRIPE-BLUE,8.190,8.190,8.190,Round (170x170cm)
ROUND-STRIPE-GREEN,8.190,8.190,8.190,Round (170x170cm)
ROUND-STRIPE-GREY,8.190,8.190,8.190,Round (170x170cm)
ROUND-STRIPE-PINK,8.190,8.190,8.190,Round (170x170cm)
ROUND-STRIPE-RAINBOW,8.190,8.190,8.190,Round (170x170cm)
ROUND-STRIPE-RED,8.190,8.190,8.190,Round (170x170cm)
S18-CLASSIC-SML-ORANGE,2.410,2.410,2.410,"Small (100x50"") "
SANDBAG-LTPNK,0.000,0.000,0.000,
SHIP-ON-ACCOUNT-FEDEX,0.000,0.000,0.000, (xcm)
SHIP-ON-ACCOUNT-UPS,0.000,0.000,0.000, (xcm)
SHIPBAG-LAR,0.000,0.000,0.000, (40x35cm)
SHIPBAG-MED,0.000,0.000,0.000, (25x35cm)
SHIPBAG-XLG,0.000,0.000,0.000, (55x35cm)
SHORTS-BOT-LG-BANA,6.950,6.950,6.950,Large
SHORTS-BOT-LG-PALM,6.950,6.950,6.950,Large
SHORTS-BOT-LG-PARA,6.950,6.950,6.950,Large
SHORTS-BOT-MD-BANA,6.950,6.950,6.950,Medium
SHORTS-BOT-MD-PALM,6.950,6.950,6.950,Medium
SHORTS-BOT-MD-PARA,6.950,6.950,6.950,Medium
SHORTS-BOT-SM-BANA,6.950,6.950,6.950,Small
SHORTS-BOT-SM-PALM,6.950,6.950,6.950,Small
SHORTS-BOT-SM-PARA,6.950,6.950,6.950,Small
SHORTS-BOT-XL-BANA,6.950,6.950,6.950,Extra Large
SHORTS-BOT-XL-PALM,6.950,6.950,6.950,Extra Large
SHORTS-BOT-XL-PARA,6.950,6.950,6.950,Extra Large
SHORTS-CAB-LG-BLUE,6.950,6.950,6.950,Large
SHORTS-CAB-LG-RAIN,6.950,6.950,6.950,Large
SHORTS-CAB-LG-RED,6.950,6.950,6.950,Large
SHORTS-CAB-MD-BLUE,6.950,6.950,6.950,Medium
SHORTS-CAB-MD-RAIN,6.950,6.950,6.950,Medium
SHORTS-CAB-MD-RED,6.950,6.950,6.950,Medium
SHORTS-CAB-SM-BLUE,6.950,6.950,6.950,Small
SHORTS-CAB-SM-RAIN,6.950,6.950,6.950,Small
SHORTS-CAB-SM-RED,6.950,6.950,6.950,Small
SHORTS-CAB-XL-BLUE,6.950,6.950,6.950,Extra Large
SHORTS-CAB-XL-RAIN,6.950,6.950,6.950,Extra Large
SHORTS-CAB-XL-RED,6.950,6.950,6.950,Extra Large
SHORTS-PIN-LG-BLACK,6.950,6.950,6.950,Large
SHORTS-PIN-LG-BRIT,6.950,6.950,6.950,Large
SHORTS-PIN-LG-KHAKI,6.950,6.950,6.950,Large
SHORTS-PIN-LG-LTBLU,6.950,6.950,6.950,Large
SHORTS-PIN-LG-NAVY,6.950,6.950,6.950,Large
SHORTS-PIN-LG-ORNG,6.950,6.950,6.950,Large
SHORTS-PIN-MD-BLACK,6.950,6.950,6.950,Medium
SHORTS-PIN-MD-BRIT,6.950,6.950,6.950,Medium
SHORTS-PIN-MD-KHAKI,6.950,6.950,6.950,Medium
SHORTS-PIN-MD-LTBLU,6.950,6.950,6.950,Medium
SHORTS-PIN-MD-NAVY,6.950,6.950,6.950,Medium
SHORTS-PIN-MD-ORNG,6.950,6.950,6.950,Medium
SHORTS-PIN-SM-BLACK,6.950,6.950,6.950,Small
SHORTS-PIN-SM-BRIT,6.950,6.950,6.950,Small
SHORTS-PIN-SM-KHAKI,6.950,6.950,6.950,Small
SHORTS-PIN-SM-LTBLU,6.950,6.950,6.950,Small
SHORTS-PIN-SM-NAVY,6.950,6.950,6.950,Small
SHORTS-PIN-SM-ORNG,6.950,6.950,6.950,Small
SHORTS-PIN-XL-BLACK,6.950,6.950,6.950,Extra Large
SHORTS-PIN-XL-BRIT,6.950,6.950,6.950,Extra Large
SHORTS-PIN-XL-KHAKI,6.950,6.950,6.950,Extra Large
SHORTS-PIN-XL-LTBLU,6.950,6.950,6.950,Extra Large
SHORTS-PIN-XL-NAVY,6.950,6.950,6.950,Extra Large
SHORTS-PIN-XL-ORNG,6.950,6.950,6.950,Extra Large
SHORTSSTRIPE-LAR-BLUE,6.950,6.950,6.950,Large
SHORTSSTRIPE-LAR-BLUENAVY,6.950,6.950,6.950,Large
SHORTSSTRIPE-LAR-GREEN,6.950,6.950,6.950,Large
SHORTSSTRIPE-LAR-ORANGE,6.950,6.950,6.950,Large
SHORTSSTRIPE-LAR-PINK,6.950,6.950,6.950,Large
SHORTSSTRIPE-LAR-RAINBOW,6.950,6.950,6.950,Large
SHORTSSTRIPE-LAR-RED,6.950,6.950,6.950,Large
SHORTSSTRIPE-LAR-YELLOW,6.950,6.950,6.950,Large
SHORTSSTRIPE-MED-BLUE,6.950,6.950,6.950,Medium
SHORTSSTRIPE-MED-BLUENAVY,6.950,6.950,6.950,Medium
SHORTSSTRIPE-MED-GREEN,6.950,6.950,6.950,Medium
SHORTSSTRIPE-MED-ORANGE,6.950,6.950,6.950,Medium
SHORTSSTRIPE-MED-PINK,6.950,6.950,6.950,Medium
SHORTSSTRIPE-MED-RAINBOW,6.950,6.950,6.950,Medium
SHORTSSTRIPE-MED-RED,6.950,6.950,6.950,Medium
SHORTSSTRIPE-MED-YELLOW,6.950,6.950,6.950,Medium
SHORTSSTRIPE-SML-BLUE,6.950,6.950,6.950,Small
SHORTSSTRIPE-SML-BLUENAVY,6.950,6.950,6.950,Small
SHORTSSTRIPE-SML-GREEN,6.950,6.950,6.950,Small
SHORTSSTRIPE-SML-ORANGE,6.950,6.950,6.950,Small
SHORTSSTRIPE-SML-PINK,6.950,6.950,6.950,Small
SHORTSSTRIPE-SML-RAINBOW,6.950,6.950,6.950,Small
SHORTSSTRIPE-SML-RED,6.950,6.950,6.950,Small
SHORTSSTRIPE-SML-YELLOW,6.950,6.950,6.950,Small
SHORTSSTRIPE-XLG-BLUE,6.950,6.950,6.950,Extra Large
SHORTSSTRIPE-XLG-BLUENAVY,6.950,6.950,6.950,Extra Large
SHORTSSTRIPE-XLG-GREEN,6.950,6.950,6.950,Extra Large
SHORTSSTRIPE-XLG-ORANGE,6.950,6.950,6.950,Extra Large
SHORTSSTRIPE-XLG-PINK,6.950,6.950,6.950,Extra Large
SHORTSSTRIPE-XLG-RAINBOW,6.950,6.950,6.950,Extra Large
SHORTSSTRIPE-XLG-RED,6.950,6.950,6.950,Extra Large
SHORTSSTRIPE-XLG-YELLOW,6.950,6.950,6.950,Extra Large
SPAREPOUCH-LAR,0.000,0.000,0.000,
SPAREPOUCH-XLG,0.000,0.000,0.000,
SUMMER-LAR-BLUERED,5.170,5.170,5.170,Large (160x80cm)
SUMMER-LAR-BLUEYELLOW,5.170,5.170,5.170,Large (160x80cm)
SUMMER-LAR-GREENORANGE,5.170,5.170,5.170,Large (160x80cm)
SUMMER-LAR-GREENYELLOW,5.170,5.170,5.170,Large (160x80cm)
SUMMER-LAR-LIGHT-BLUEGREEN,5.170,5.170,5.170,Large (160x80cm)
SUMMER-LAR-LIGHT-RAINBOW,5.170,5.170,5.170,Large (160x80cm)
SUMMER-LAR-LT-GREENPURPLE,5.170,5.170,5.170,Large (160x80cm)
SUMMER-LAR-LT-PINKORANGE,5.170,5.170,5.170,Large (160x80cm)
SUMMER-LAR-PINKPURPLE,5.170,5.170,5.170,Large (160x80cm)
SUMMER-LAR-RAINBOW,5.170,5.170,5.170,Large (160x80cm)
SUMMER-XLG-BLUERED,6.150,6.150,6.150,Extra Large (200x90cm)
SUMMER-XLG-BLUEYELLOW,6.120,6.120,6.120,Extra Large (200x90cm)
SUMMER-XLG-GREENORANGE,6.120,6.120,6.120,Extra Large (200x90cm)
SUMMER-XLG-GREENYELLOW,6.120,6.120,6.120,Extra Large (200x90cm)
SUMMER-XLG-LIGHT-BLUEGREEN,6.120,6.120,6.120,Extra Large (200x90cm)
SUMMER-XLG-LIGHT-RAINBOW,6.120,6.120,6.120,Extra Large (200x90cm)
SUMMER-XLG-LT-GREENPURPLE,6.120,6.120,6.120,Extra Large (200x90cm)
SUMMER-XLG-LT-PINKORANGE,6.120,6.120,6.120,Extra Large (200x90cm)
SUMMER-XLG-PINKPURPLE,6.120,6.120,6.120,Extra Large (200x90cm)
SUMMER-XLG-RAINBOW,6.120,6.120,6.120,Extra Large (200x90cm)
SWAY-LAR-ARCTIC,5.200,5.200,5.200,Large (160x80cm)
SWAY-LAR-ATLANTIC,5.200,5.200,5.200,Large (160x80cm)
SWAY-LAR-INDIAN,5.200,5.200,5.200,Large (160x80cm)
SWAY-LAR-PACIFIC,5.200,5.200,5.200,Large (160x80cm)
SWAY-XLG-ARCTIC,6.150,6.150,6.150,Extra Large (200x90cm)
SWAY-XLG-ATLANTIC,6.150,6.150,6.150,Extra Large (200x90cm)
SWAY-XLG-INDIAN,6.150,6.150,6.150,Extra Large (200x90cm)
SWAY-XLG-PACIFIC,6.150,6.150,6.150,Extra Large (200x90cm)
TANGT-HAIRW-BLACK,2.370,2.370,2.370,Hair Wrap & Tangle Teezer
TANGT-HAIRW-LTGRN,2.370,2.370,2.370,Hair Wrap & Tangle Teezer
TANGT-HAIRW-LTPNK,2.370,2.370,2.370,Hair Wrap & Tangle Teezer
TANGT-HAIRW-LTPPL,2.370,2.370,2.370,Hair Wrap & Tangle Teezer
TEATWL-MD-APPLTRT,1.950,1.950,1.950,Medium (75x45cm)
TEATWL-MD-BAKEME,1.950,1.950,1.950,Medium (75x45cm)
TEATWL-MD-BERRYGD,1.950,1.950,1.950,Medium (75x45cm)
TEATWL-MD-BIGDILL,1.950,1.950,1.950,Medium (75x45cm)
TEATWL-MD-BLISS,1.950,1.950,1.950,Medium (75x45cm)
TEATWL-MD-BLUJAM,1.950,1.950,1.950,Medium (75x45cm)
TEATWL-MD-CCOOL,1.950,1.950,1.950,Medium (75x45cm)
TEATWL-MD-CHECKPLS,1.950,1.950,1.950,Medium (75x45cm)
TEATWL-MD-COFCLB,1.950,1.950,1.950,Medium (75x45cm)
TEATWL-MD-CTCHDAY,1.950,1.950,1.950,Medium (75x45cm)
TEATWL-MD-DINPRTY,1.950,1.950,1.950,Medium (75x45cm)
TEATWL-MD-FEELVINE,1.950,1.950,1.950,Medium (75x45cm)
TEATWL-MD-FRTSLD,1.950,1.950,1.950,Medium (75x45cm)
TEATWL-MD-GLDHOUR,1.950,1.950,1.950,Medium (75x45cm)
TEATWL-MD-GRTFROM,1.950,1.950,1.950,Medium (75x45cm)
TEATWL-MD-GYOW,1.950,1.950,1.950,Medium (75x45cm)
TEATWL-MD-HEADCHEF,1.950,1.950,1.950,Medium (75x45cm)
TEATWL-MD-HOTSTF,1.950,1.950,1.950,Medium (75x45cm)
TEATWL-MD-KISSCOOK,1.950,1.950,1.950,Medium (75x45cm)
TEATWL-MD-KTCHDISC,1.950,1.950,1.950,Medium (75x45cm)
TEATWL-MD-MEDMAR,1.950,1.950,1.950,Medium (75x45cm)
TEATWL-MD-MOJMNT,1.950,1.950,1.950,Medium (75x45cm)
TEATWL-MD-MTCHCRSH,1.950,1.950,1.950,Medium (75x45cm)
TEATWL-MD-OLVYOU,1.950,1.950,1.950,Medium (75x45cm)
TEATWL-MD-PATCHP,1.950,1.950,1.950,Medium (75x45cm)
TEATWL-MD-PEAPOD,1.950,1.950,1.950,Medium (75x45cm)
TEATWL-MD-PEEL,1.950,1.950,1.950,Medium (75x45cm)
TEATWL-MD-PINPAR,1.950,1.950,1.950,Medium (75x45cm)
TEATWL-MD-PKTSUN,1.950,1.950,1.950,Medium (75x45cm)
TEATWL-MD-PNKGRAP,1.950,1.950,1.950,Medium (75x45cm)
TEATWL-MD-PNKLEM,1.950,1.950,1.950,Medium (75x45cm)
TEATWL-MD-PRAD,1.950,1.950,1.950,Medium (75x45cm)
TEATWL-MD-RGRTTI,1.950,1.950,1.950,Medium (75x45cm)
TEATWL-MD-ROOTING,1.950,1.950,1.950,Medium (75x45cm)
TEATWL-MD-SARD,1.950,1.950,1.950,Medium (75x45cm)
TEATWL-MD-SAUCY,1.950,1.950,1.950,Medium (75x45cm)
TEATWL-MD-SEASAR,1.950,1.950,1.950,Medium (75x45cm)
TEATWL-MD-SHARE,1.950,1.950,1.950,Medium (75x45cm)
TEATWL-MD-SHRIMP,1.950,1.950,1.950,Medium (75x45cm)
TEATWL-MD-SOUSCHEF,1.950,1.950,1.950,Medium (75x45cm)
TEATWL-MD-SPILTEA,1.950,1.950,1.950,Medium (75x45cm)
TEATWL-MD-SQCLEAN,1.950,1.950,1.950,Medium (75x45cm)
TEATWL-MD-STRAWFZ,1.950,1.950,1.950,Medium (75x45cm)
TEATWL-MD-STRWPOP,1.950,1.950,1.950,Medium (75x45cm)
TEATWL-MD-TRPPNCH,1.950,1.950,1.950,Medium (75x45cm)
TEATWL-MD-VRYPEEL,1.950,1.950,1.950,Medium (75x45cm)
TEATWL-MD-WASHDRY,1.950,1.950,1.950,Medium (75x45cm)
TEATWL-MD-WINEDINE,1.950,1.950,1.950,Medium (75x45cm)
TEATWL-MD-WTSHELL,1.950,1.950,1.950,Medium (75x45cm)
TEATWL-MD-XTRSAUC,1.950,1.950,1.950,Medium (75x45cm)
TEATWL-MD-ZEST,1.950,1.950,1.950,Medium (75x45cm)
threshold-first,0.000,0.000,0.000,
threshold-second,0.000,0.000,0.000,
TOWLB-ANI-LG-COW,5.200,5.200,5.200,Large (160x90cm)
TOWLB-ANI-LG-DALMA,5.200,5.200,5.200,Large (160x90cm)
TOWLB-ANI-LG-LEOPD,5.200,5.200,5.200,Large (160x90cm)
TOWLB-ANI-LG-SNAKE,5.200,5.200,5.200,Large (160x90cm)
TOWLB-ANI-LG-TIGER,5.200,5.200,5.200,Large (160x90cm)
TOWLB-ANI-XL-COW,6.150,6.150,6.150,Extra Large (200x90cm)
TOWLB-ANI-XL-DALMA,6.150,6.150,6.150,Extra Large (200x90cm)
TOWLB-ANI-XL-LEOPD,6.150,6.150,6.150,Extra Large (200x90cm)
TOWLB-ANI-XL-SNAKE,6.150,6.150,6.150,Extra Large (200x90cm)
TOWLB-ANI-XL-TIGER,6.150,6.150,6.150,Extra Large (200x90cm)
TOWLB-BOH-LG-FRESP-R,5.200,5.200,5.200,Large (160x90cm)
TOWLB-BOH-LG-LOSTN-R,5.200,5.200,5.200,Large (160x90cm)
TOWLB-BOH-LG-RECKX-R,5.200,5.200,5.200,Large (160x90cm)
TOWLB-BOH-XL-FRESP-R,6.150,6.150,6.150,Extra Large (200x90cm)
TOWLB-BOH-XL-LOSTN-R,6.150,6.150,6.150,Extra Large (200x90cm)
TOWLB-BOH-XL-RECKX-R,6.150,6.150,6.150,Extra Large (200x90cm)
TOWLB-BOT-LG-BANA,5.200,5.200,5.200,Large (160x90cm)
TOWLB-BOT-LG-HIBI,5.200,5.200,5.200,Large (160x90cm)
TOWLB-BOT-LG-ORCH,5.200,5.200,5.200,Large (160x90cm)
TOWLB-BOT-LG-PALM,5.200,5.200,5.200,Large (160x90cm)
TOWLB-BOT-LG-PARA,5.200,5.200,5.200,Large (160x90cm)
TOWLB-BOT-XL-BANA,6.150,6.150,6.150,Extra Large (200x90cm)
TOWLB-BOT-XL-HIBI,6.150,6.150,6.150,Extra Large (200x90cm)
TOWLB-BOT-XL-ORCH,6.150,6.150,6.150,Extra Large (200x90cm)
TOWLB-BOT-XL-PALM,6.150,6.150,6.150,Extra Large (200x90cm)
TOWLB-BOT-XL-PARA,6.150,6.150,6.150,Extra Large (200x90cm)
TOWLB-BTBOX-LG-BOAT,5.200,5.200,5.200,Large (160x90cm)
TOWLB-BTBOX-LG-CAMERA,5.200,5.200,5.200,Large (160x90cm)
TOWLB-BTBOX-LG-CROC,5.200,5.200,5.200,Large (160x90cm)
TOWLB-BTBOX-LG-FISH,5.200,5.200,5.200,Large (160x90cm)
TOWLB-BTBOX-LG-STRAWBERRY,5.200,5.200,5.200,Large (160x90cm)
TOWLB-BTBOX-LG-TURTLE,5.200,5.200,5.200,Large (160x90cm)
TOWLB-CAB-LG-AMALG-R,4.220,4.220,4.220,Large (160x90cm)
TOWLB-CAB-LG-BLACK-R,4.220,4.220,4.220,Large (160x90cm)
TOWLB-CAB-LG-BLUE-R,4.220,4.220,4.220,Large (160x90cm)
TOWLB-CAB-LG-BLUE-SS24,4.220,4.220,4.220,Large (160x90cm)
TOWLB-CAB-LG-BROWN,4.220,4.220,4.220,Large (160x90cm)
TOWLB-CAB-LG-GREEN-R,4.220,4.220,4.220,Large (160x90cm)
TOWLB-CAB-LG-KHAKI-R,4.220,4.220,4.220,Large (160x90cm)
TOWLB-CAB-LG-LTBGE-R,4.220,4.220,4.220,Large (160x90cm)
TOWLB-CAB-LG-LTBLU-R,4.220,4.220,4.220,Large (160x90cm)
TOWLB-CAB-LG-LTGRE-R,4.220,4.220,4.220,Large (160x90cm)
TOWLB-CAB-LG-LTGRY-R,4.220,4.220,4.220,Large (160x90cm)
TOWLB-CAB-LG-LTPCH-R,4.220,4.220,4.220,Large (160x90cm)
TOWLB-CAB-LG-LTPNK-R,4.220,4.220,4.220,Large (160x90cm)
TOWLB-CAB-LG-LTPNK-SS24,4.220,4.220,4.220,Large (160x90cm)
TOWLB-CAB-LG-LTPPL-R,4.220,4.220,4.220,Large (160x90cm)
TOWLB-CAB-LG-LTRED-R,4.220,4.220,4.220,Large (160x90cm)
TOWLB-CAB-LG-NAVY-R,4.220,4.220,4.220,Large (160x90cm)
TOWLB-CAB-LG-NAVY-SS24,4.220,4.220,4.220,Large (160x90cm)
TOWLB-CAB-LG-ORANG-R,4.220,4.220,4.220,Large (160x90cm)
TOWLB-CAB-LG-PALP-R,4.220,4.220,4.220,Large (160x90cm)
TOWLB-CAB-LG-PINK-R,4.220,4.220,4.220,Large (160x90cm)
TOWLB-CAB-LG-POSPIN,4.220,4.220,4.220,Large (160x90cm)
TOWLB-CAB-LG-PURPL-R,4.220,4.220,4.220,Large (160x90cm)
TOWLB-CAB-LG-RED-R,4.220,4.220,4.220,Large (160x90cm)
TOWLB-CAB-LG-RIO-R,4.220,4.220,4.220,Large (160x90cm)
TOWLB-CAB-LG-TEAL-R,4.220,4.220,4.220,Large (160x90cm)
TOWLB-CAB-LG-TURQ-R,4.220,4.220,4.220,Large (160x90cm)
TOWLB-CAB-LG-YELL-R,4.220,4.220,4.220,Large (160x90cm)
TOWLB-CAB-MD-AMALG,3.190,3.190,3.190,Medium (130x70cm)
TOWLB-CAB-MD-BLUE,3.190,3.190,3.190,Medium (130x70cm)
TOWLB-CAB-MD-LTBLU,3.190,3.190,3.190,Medium (130x70cm)
TOWLB-CAB-MD-LTGRY,3.190,3.190,3.190,Medium (130x70cm)
TOWLB-CAB-MD-LTPNK,3.190,3.190,3.190,Medium (130x70cm)
TOWLB-CAB-MD-LTPNK-SS24,3.190,3.190,3.190,Medium (130x70cm)
TOWLB-CAB-MD-NAVY,3.190,3.190,3.190,Medium (130x70cm)
TOWLB-CAB-MD-NAVY-SS24,3.190,3.190,3.190,Medium (130x70cm)
TOWLB-CAB-MD-PALP,3.190,3.190,3.190,Medium (130x70cm)
TOWLB-CAB-MD-YELL,3.190,3.190,3.190,Medium (130x70cm)
TOWLB-CAB-X2-LTPNK,8.930,8.930,8.930,Extra Extra Large (180x200cm)
TOWLB-CAB-X2-NAVY,8.930,8.930,8.930,Extra Extra Large (180x200cm)
TOWLB-CAB-XL-AMALG-R,4.850,4.850,4.850,Large (160x90cm)
TOWLB-CAB-XL-BLACK-R,4.850,4.850,4.850,Extra Large (200x90cm)
TOWLB-CAB-XL-BLUE-R,4.850,4.850,4.850,Extra Large (200x90cm)
TOWLB-CAB-XL-BLUE-SS24,4.850,4.850,4.850,Extra Large (200x90cm)
TOWLB-CAB-XL-BROWN,4.850,4.850,4.850,Extra Large (200x90cm)
TOWLB-CAB-XL-GREEN-R,4.850,4.850,4.850,Extra Large (200x90cm)
TOWLB-CAB-XL-KHAKI-R,4.850,4.850,4.850,Extra Large (200x90cm)
TOWLB-CAB-XL-LTBGE-R,4.850,4.850,4.850,Extra Large (200x90cm)
TOWLB-CAB-XL-LTBLU-R,4.850,4.850,4.850,Extra Large (200x90cm)
TOWLB-CAB-XL-LTGRE-R,4.850,4.850,4.850,Extra Large (200x90cm)
TOWLB-CAB-XL-LTGRY-R,4.850,4.850,4.850,Extra Large (200x90cm)
TOWLB-CAB-XL-LTPCH-R,4.850,4.850,4.850,Extra Large (200x90cm)
TOWLB-CAB-XL-LTPNK-R,4.850,4.850,4.850,Extra Large (200x90cm)
TOWLB-CAB-XL-LTPNK-SS24,4.850,4.850,4.850,Extra Large (200x90cm)
TOWLB-CAB-XL-LTPPL-R,4.850,4.850,4.850,Extra Large (200x90cm)
TOWLB-CAB-XL-LTRED-R,4.850,4.850,4.850,Extra Large (200x90cm)
TOWLB-CAB-XL-NAVY-R,4.850,4.850,4.850,Extra Large (200x90cm)
TOWLB-CAB-XL-NAVY-SS24,4.850,4.850,4.850,Extra Large (200x90cm)
TOWLB-CAB-XL-ORANG-R,4.850,4.850,4.850,Extra Large (200x90cm)
TOWLB-CAB-XL-PALP-R,4.850,4.850,4.850,Extra Large (200x90cm)
TOWLB-CAB-XL-PINK-R,4.850,4.850,4.850,Extra Large (200x90cm)
TOWLB-CAB-XL-POSPIN,4.850,4.850,4.850,Extra Large (200x90cm)
TOWLB-CAB-XL-PURPL-R,4.850,4.850,4.850,Extra Large (200x90cm)
TOWLB-CAB-XL-RED-R,4.850,4.850,4.850,Extra Large (200x90cm)
TOWLB-CAB-XL-RIO-R,4.850,4.850,4.850,Extra Large (200x90cm)
TOWLB-CAB-XL-TEAL-R,4.850,4.850,4.850,Extra Large (200x90cm)
TOWLB-CAB-XL-TURQ-R,4.850,4.850,4.850,Extra Large (200x90cm)
TOWLB-CAB-XL-YELL-R,4.850,4.850,4.850,Extra Large (200x90cm)
TOWLB-CEL-LG-CONF,5.200,5.200,5.200,Large (160x90cm)
TOWLB-CEL-LG-CUPS,5.200,5.200,5.200,Large (160x90cm)
TOWLB-CEL-LG-DISB,5.200,5.200,5.200,Large (160x90cm)
TOWLB-CEL-LG-HUND,5.200,5.200,5.200,Large (160x90cm)
TOWLB-CEL-LG-JIGJ,5.200,5.200,5.200,Large (160x90cm)
TOWLB-CEL-XL-CONF,6.150,6.150,6.150,Extra Large (200x90cm)
TOWLB-CEL-XL-CUPS,6.150,6.150,6.150,Extra Large (200x90cm)
TOWLB-CEL-XL-DISB,6.150,6.150,6.150,Extra Large (200x90cm)
TOWLB-CEL-XL-HUND,6.150,6.150,6.150,Extra Large (200x90cm)
TOWLB-CEL-XL-JIGJ,6.150,6.150,6.150,Extra Large (200x90cm)
TOWLB-COLLAB-LG-SOCCER,5.200,5.200,5.200,Large (160x90cm)
TOWLB-COLLAB-LG-UNO,5.200,5.200,5.200,Large (160x90cm)
TOWLB-COLLAB-XL-SOCCER,6.150,6.150,6.150,Extra Large (200x90cm)
TOWLB-COLLAB-XL-UNO,6.150,6.150,6.150,Extra Large (200x90cm)
TOWLB-DES-LG-ALOHGLW,5.200,5.200,5.200,Large (160x90cm)
TOWLB-DES-LG-BLPAR,5.200,5.200,5.200,Large (160x90cm)
TOWLB-DES-LG-BLUSHBY,5.200,5.200,5.200,Large (160x90cm)
TOWLB-DES-LG-BLUSKY,5.200,5.200,5.200,Large (160x90cm)
TOWLB-DES-LG-BLUSPRIT,5.200,5.200,5.200,Large (160x90cm)
TOWLB-DES-LG-CACTMNTN,5.200,5.200,5.200,Large (160x90cm)
TOWLB-DES-LG-CHECKMT,5.200,5.200,5.200,Large (160x90cm)
TOWLB-DES-LG-CLBSDA,5.200,5.200,5.200,Large (160x90cm)
TOWLB-DES-LG-DRFT,5.200,5.200,5.200,Large (160x90cm)
TOWLB-DES-LG-FRUTLPS,5.200,5.200,5.200,Large (160x90cm)
TOWLB-DES-LG-GRECSHR,5.200,5.200,5.200,Large (160x90cm)
TOWLB-DES-LG-GROOVCH,5.200,5.200,5.200,Large (160x90cm)
TOWLB-DES-LG-GRTFRM,5.200,5.200,5.200,Large (160x90cm)
TOWLB-DES-LG-GTTLINES,5.200,5.200,5.200,Large (160x90cm)
TOWLB-DES-LG-HBRTRS,5.200,5.200,5.200,Large (160x90cm)
TOWLB-DES-LG-HOTTROP,5.200,5.200,5.200,Large (160x90cm)
TOWLB-DES-LG-HRBLINE,5.200,5.200,5.200,Large (160x90cm)
TOWLB-DES-LG-IBZAGLW,5.200,5.200,5.200,Large (160x90cm)
TOWLB-DES-LG-JNGLBLM,5.200,5.200,5.200,Large (160x90cm)
TOWLB-DES-LG-KARMA,5.200,5.200,5.200,Large (160x90cm)
TOWLB-DES-LG-LEMWAV,5.200,5.200,5.200,Large (160x90cm)
TOWLB-DES-LG-LIFELEM,5.200,5.200,5.200,Large (160x90cm)
TOWLB-DES-LG-LOVEIS,5.450,5.450,5.450,Large (160x90cm)
TOWLB-DES-LG-MARINDRM,5.200,5.200,5.200,Large (160x90cm)
TOWLB-DES-LG-MELLOW,5.200,5.200,5.200,Large (160x90cm)
TOWLB-DES-LG-OCETRES,5.200,5.200,5.200,Large (160x90cm)
TOWLB-DES-LG-PALAG,5.200,5.200,5.200,Large (160x90cm)
TOWLB-DES-LG-PALMBCH,5.200,5.200,5.200,Large (160x90cm)
TOWLB-DES-LG-PCHBCH,5.200,5.200,5.200,Large (160x90cm)
TOWLB-DES-LG-PNKPARA,5.200,5.200,5.200,Large (160x90cm)
TOWLB-DES-LG-PPVIBES,5.200,5.200,5.200,Large (160x90cm)
TOWLB-DES-LG-PSTPIER,5.200,5.200,5.200,Large (160x90cm)
TOWLB-DES-LG-RSPROAD,5.200,5.200,5.200,Large (160x90cm)
TOWLB-DES-LG-SEAFOAM,5.200,5.200,5.200,Large (160x90cm)
TOWLB-DES-LG-SEASOIR,5.200,5.200,5.200,Large (160x90cm)
TOWLB-DES-LG-SERENE,5.200,5.200,5.200,Large (160x90cm)
TOWLB-DES-LG-SPCYLME,5.200,5.200,5.200,Large (160x90cm)
TOWLB-DES-LG-SUGPALM,5.200,5.200,5.200,Large (160x90cm)
TOWLB-DES-LG-SUNDAZE,5.200,5.200,5.200,Large (160x90cm)
TOWLB-DES-LG-SUNSAF,5.200,5.200,5.200,Large (160x90cm)
TOWLB-DES-LG-SUNSPL,5.200,5.200,5.200,Large (160x90cm)
TOWLB-DES-LG-SWTESC,5.200,5.200,5.200,Large (160x90cm)
TOWLB-DES-LG-TANTIDE,5.200,5.200,5.200,Large (160x90cm)
TOWLB-DES-LG-TERATROP,5.200,5.200,5.200,Large (160x90cm)
TOWLB-DES-LG-TROPTRT,5.200,5.200,5.200,Large (160x90cm)
TOWLB-DES-LG-VITSEA,5.200,5.200,5.200,Large (160x90cm)
TOWLB-DES-LG-WTRSUG,5.200,5.200,5.200,Large (160x90cm)
TOWLB-DES-LG-WYWH,5.200,5.200,5.200,Large (160x90cm)
TOWLB-DES-XL-ALOHGLW,6.150,6.150,6.150,Extra Large (200x90cm)
TOWLB-DES-XL-BLPAR,6.150,6.150,6.150,Extra Large (200x90cm)
TOWLB-DES-XL-BLUSHBY,6.150,6.150,6.150,Extra Large (200x90cm)
TOWLB-DES-XL-BLUSKY,6.150,6.150,6.150,Extra Large (200x90cm)
TOWLB-DES-XL-BLUSPRIT,6.150,6.150,6.150,Extra Large (200x90cm)
TOWLB-DES-XL-CACTMNTN,6.150,6.150,6.150,Extra Large (200x90cm)
TOWLB-DES-XL-CHECKMT,6.150,6.150,6.150,Extra Large (200x90cm)
TOWLB-DES-XL-CLBSDA,6.150,6.150,6.150,Extra Large (200x90cm)
TOWLB-DES-XL-DRFT,6.150,6.150,6.150,Extra Large (200x90cm)
TOWLB-DES-XL-FRUTLPS,6.150,6.150,6.150,Extra Large (200x90cm)
TOWLB-DES-XL-GRECSHR,6.150,6.150,6.150,Extra Large (200x90cm)
TOWLB-DES-XL-GROOVCH,6.150,6.150,6.150,Extra Large (200x90cm)
TOWLB-DES-XL-GRTFRM,6.150,6.150,6.150,Extra Large (200x90cm)
TOWLB-DES-XL-GTTLINES,6.150,6.150,6.150,Extra Large (200x90cm)
TOWLB-DES-XL-HBRTRS,6.150,6.150,6.150,Extra Large (200x90cm)
TOWLB-DES-XL-HOTTROP,6.150,6.150,6.150,Extra Large (200x90cm)
TOWLB-DES-XL-HRBLINE,6.150,6.150,6.150,Extra Large (200x90cm)
TOWLB-DES-XL-IBZAGLW,6.150,6.150,6.150,Extra Large (200x90cm)
TOWLB-DES-XL-JNGLBLM,6.150,6.150,6.150,Extra Large (200x90cm)
TOWLB-DES-XL-KARMA,6.150,6.150,6.150,Extra Large (200x90cm)
TOWLB-DES-XL-LEMWAV,6.150,6.150,6.150,Extra Large (200x90cm)
TOWLB-DES-XL-LIFELEM,6.150,6.150,6.150,Extra Large (200x90cm)
TOWLB-DES-XL-LOVEIS,6.400,6.400,6.400,Extra Large (200x90cm)
TOWLB-DES-XL-MARINDRM,6.150,6.150,6.150,Extra Large (200x90cm)
TOWLB-DES-XL-MELLOW,6.150,6.150,6.150,Extra Large (200x90cm)
TOWLB-DES-XL-OCETRES,6.150,6.150,6.150,Extra Large (200x90cm)
TOWLB-DES-XL-PALAG,6.150,6.150,6.150,Extra Large (200x90cm)
TOWLB-DES-XL-PALMBCH,6.150,6.150,6.150,Extra Large (200x90cm)
TOWLB-DES-XL-PCHBCH,6.150,6.150,6.150,Extra Large (200x90cm)
TOWLB-DES-XL-PNKPARA,6.150,6.150,6.150,Extra Large (200x90cm)
TOWLB-DES-XL-PPVIBES,6.150,6.150,6.150,Extra Large (200x90cm)
TOWLB-DES-XL-PSTPIER,6.150,6.150,6.150,Extra Large (200x90cm)
TOWLB-DES-XL-RSPROAD,6.150,6.150,6.150,Extra Large (200x90cm)
TOWLB-DES-XL-SEAFOAM,6.150,6.150,6.150,Extra Large (200x90cm)
TOWLB-DES-XL-SEASOIR,6.150,6.150,6.150,Extra Large (200x90cm)
TOWLB-DES-XL-SERENE,6.150,6.150,6.150,Extra Large (200x90cm)
TOWLB-DES-XL-SPCYLME,6.150,6.150,6.150,Extra Large (200x90cm)
TOWLB-DES-XL-SUGPALM,6.150,6.150,6.150,Extra Large (200x90cm)
TOWLB-DES-XL-SUNDAZE,6.150,6.150,6.150,Extra Large (200x90cm)
TOWLB-DES-XL-SUNSAF,6.150,6.150,6.150,Extra Large (200x90cm)
TOWLB-DES-XL-SUNSPL,6.150,6.150,6.150,Extra Large (200x90cm)
TOWLB-DES-XL-SWTESC,6.150,6.150,6.150,Extra Large (200x90cm)
TOWLB-DES-XL-TANTIDE,6.150,6.150,6.150,Extra Large (200x90cm)
TOWLB-DES-XL-TERATROP,6.150,6.150,6.150,Extra Large (200x90cm)
TOWLB-DES-XL-TROPTRT,6.150,6.150,6.150,Extra Large (200x90cm)
TOWLB-DES-XL-VITSEA,6.150,6.150,6.150,Extra Large (200x90cm)
TOWLB-DES-XL-WTRSUG,6.150,6.150,6.150,Extra Large (200x90cm)
TOWLB-DES-XL-WYWH,6.150,6.150,6.150,Extra Large (200x90cm)
TOWLB-DOB-LG-CALM,5.200,5.200,5.200,Large (160x90cm)
TOWLB-DOB-LG-CARNIV,5.200,5.200,5.200,Large (160x90cm)
TOWLB-DOB-LG-DISCOV,5.200,5.200,5.200,Large (160x90cm)
TOWLB-DOB-LG-LEOPD,5.450,5.450,5.450,Large (160x90cm)
TOWLB-DOB-LG-PANDA,5.450,5.450,5.450,Large (160x90cm)
TOWLB-DOB-LG-RFA,5.450,5.450,5.450,Large (160x90cm)
TOWLB-DOB-LG-SMILE,5.450,5.450,5.450,Large (160x90cm)
TOWLB-DOB-LG-STONEWALL,5.450,5.450,5.450,Large (160x90cm)
TOWLB-DOB-LG-WILDTHG,5.450,5.450,5.450,Large (160x90cm)
TOWLB-DOB-MD-SMILE,3.720,3.720,3.720,Medium (130x70cm)
TOWLB-DOB-XL-CALM,6.150,6.150,6.150,Extra Large (200x90cm)
TOWLB-DOB-XL-CARNIV,6.150,6.150,6.150,Extra Large (200x90cm)
TOWLB-DOB-XL-DISCOV,6.150,6.150,6.150,Extra Large (200x90cm)
TOWLB-DOB-XL-LEOPD,6.150,6.150,6.150,Extra Large (200x90cm)
TOWLB-DOB-XL-PANDA,6.150,6.150,6.150,Extra Large (200x90cm)
TOWLB-DOB-XL-RFA,6.150,6.150,6.150,Extra Large (200x90cm)
TOWLB-DOB-XL-SMILE,6.150,6.150,6.150,Extra Large (200x90cm)
TOWLB-DOB-XL-STONEWALL,6.400,6.400,6.400,Extra Large (200x90cm)
TOWLB-DOB-XL-WILDTHG,6.400,6.400,6.400,Extra Large (200x90cm)
TOWLB-FLO-LG-BLOOM,5.200,5.200,5.200,Large (160x90cm)
TOWLB-FLO-LG-DAISY,5.200,5.200,5.200,Large (160x90cm)
TOWLB-FLO-LG-PALM,5.200,5.200,5.200,Large (160x90cm)
TOWLB-FLO-LG-SUNFL,5.200,5.200,5.200,Large (160x90cm)
TOWLB-FLO-XL-BLOOM,6.150,6.150,6.150,Extra Large (200x90cm)
TOWLB-FLO-XL-DAISY,6.150,6.150,6.150,Extra Large (200x90cm)
TOWLB-FLO-XL-PALM,6.150,6.150,6.150,Extra Large (200x90cm)
TOWLB-FLO-XL-SUNFL,6.150,6.150,6.150,Extra Large (200x90cm)
TOWLB-JUN-LG-ELEPH-R,5.200,5.200,5.200,Large (160x90cm)
TOWLB-JUN-LG-FLAMG-R,5.200,5.200,5.200,Large (160x90cm)
TOWLB-JUN-LG-MONKY-R,5.200,5.200,5.200,Large (160x90cm)
TOWLB-JUN-LG-TIGER-R,5.200,5.200,5.200,Large (160x90cm)
TOWLB-JUN-LG-TOUCN-R,5.200,5.200,5.200,Large (160x90cm)
TOWLB-JUN-XL-ELEPH-R,6.150,6.150,6.150,Extra Large (200x90cm)
TOWLB-JUN-XL-FLAMG-R,6.150,6.150,6.150,Extra Large (200x90cm)
TOWLB-JUN-XL-MONKY-R,6.150,6.150,6.150,Extra Large (200x90cm)
TOWLB-JUN-XL-TIGER-R,6.150,6.150,6.150,Extra Large (200x90cm)
TOWLB-JUN-XL-TOUCN-R,6.150,6.150,6.150,Extra Large (200x90cm)
TOWLB-KID-LG-BEACH,5.200,5.200,5.200,Large (160x90cm)
TOWLB-KID-LG-BIKE,5.200,5.200,5.200,Large (160x90cm)
TOWLB-KID-LG-BOAT,5.200,5.200,5.200,Large (160x90cm)
TOWLB-KID-LG-BUILDBCH,5.200,5.200,5.200,Large (160x90cm)
TOWLB-KID-LG-CAMO,5.200,5.200,5.200,Large (160x90cm)
TOWLB-KID-LG-CHECKOUT,5.200,5.200,5.200,Large (160x90cm)
TOWLB-KID-LG-CROC,5.200,5.200,5.200,Large (160x90cm)
TOWLB-KID-LG-CROC-FBA,5.200,5.200,5.200,Large (160x90cm)
TOWLB-KID-LG-DOODMOOD,5.200,5.200,5.200,Large (160x90cm)
TOWLB-KID-LG-FIVEDAY,5.200,5.200,5.200,Large (160x90cm)
TOWLB-KID-LG-FLAM,5.200,5.200,5.200,Large (160x90cm)
TOWLB-KID-LG-FLAM-FBA,5.200,5.200,5.200,Large (160x90cm)
TOWLB-KID-LG-GVCLUB,5.200,5.200,5.200,Large (160x90cm)
TOWLB-KID-LG-INTOWILD,5.200,5.200,5.200,Large (160x90cm)
TOWLB-KID-LG-JELLY,5.200,5.200,5.200,Large (160x90cm)
TOWLB-KID-LG-KARMCHAM,5.200,5.200,5.200,Large (160x90cm)
TOWLB-KID-LG-LEOP,5.200,5.200,5.200,Large (160x90cm)
TOWLB-KID-LG-PEACH,5.200,5.200,5.200,Large (160x90cm)
TOWLB-KID-LG-POWER,5.200,5.200,5.200,Large (160x90cm)
TOWLB-KID-LG-POWPOS,5.200,5.200,5.200,Large (160x90cm)
TOWLB-KID-LG-RAINB,5.200,5.200,5.200,Large (160x90cm)
TOWLB-KID-LG-REEF,5.200,5.200,5.200,Large (160x90cm)
TOWLB-KID-LG-SANDSTRT,5.200,5.200,5.200,Large (160x90cm)
TOWLB-KID-LG-SKATER,5.200,5.200,5.200,Large (160x90cm)
TOWLB-KID-LG-SQUIG,5.200,5.200,5.200,Large (160x90cm)
TOWLB-KID-LG-SUNS,5.200,5.200,5.200,Large (160x90cm)
TOWLB-KID-LG-TURTROP,5.200,5.200,5.200,Large (160x90cm)
TOWLB-KID-LG-TUTTI,5.200,5.200,5.200,Large (160x90cm)
TOWLB-KID-MD-BEACH,3.510,3.510,3.510,Medium (130x70cm)
TOWLB-KID-MD-BIKE,3.510,3.510,3.510,Medium (130x70cm)
TOWLB-KID-MD-BOAT,3.510,3.510,3.510,Medium (130x70cm)
TOWLB-KID-MD-BUILDBCH,3.510,3.510,3.510,Medium (130x70cm)
TOWLB-KID-MD-CAMO,3.510,3.510,3.510,Medium (130x70cm)
TOWLB-KID-MD-CHECKOUT,3.510,3.510,3.510,Medium (130x70cm)
TOWLB-KID-MD-CROC,3.510,3.510,3.510,Medium (130x70cm)
TOWLB-KID-MD-DOODMOOD,3.510,3.510,3.510,Medium (130x70cm)
TOWLB-KID-MD-FIVEDAY,3.510,3.510,3.510,Medium (130x70cm)
TOWLB-KID-MD-FLAM,3.510,3.510,3.510,Medium (130x70cm)
TOWLB-KID-MD-GVCLUB,3.510,3.510,3.510,Medium (130x70cm)
TOWLB-KID-MD-INTOWILD,3.510,3.510,3.510,Medium (130x70cm)
TOWLB-KID-MD-JELLY,3.510,3.510,3.510,Medium (130x70cm)
TOWLB-KID-MD-KARMCHAM,3.510,3.510,3.510,Medium (130x70cm)
TOWLB-KID-MD-LEOP,3.510,3.510,3.510,Medium (130x70cm)
TOWLB-KID-MD-PEACH,3.510,3.510,3.510,Medium (130x70cm)
TOWLB-KID-MD-POWER,3.510,3.510,3.510,Medium (130x70cm)
TOWLB-KID-MD-POWPOS,3.510,3.510,3.510,Medium (130x70cm)
TOWLB-KID-MD-RAINB,3.510,3.510,3.510,Medium (130x70cm)
TOWLB-KID-MD-REEF,3.510,3.510,3.510,Medium (130x70cm)
TOWLB-KID-MD-SANDSTRT,3.510,3.510,3.510,Medium (130x70cm)
TOWLB-KID-MD-SKATER,3.510,3.510,3.510,Medium (130x70cm)
TOWLB-KID-MD-SQUIG,3.510,3.510,3.510,Medium (130x70cm)
TOWLB-KID-MD-SUNS,3.510,3.510,3.510,Medium (130x70cm)
TOWLB-KID-MD-TURTROP,3.510,3.510,3.510,Medium (130x70cm)
TOWLB-KID-MD-TUTTI,3.510,3.510,3.510,Medium (130x70cm)
TOWLB-MBL-LG-LIFE,5.200,5.200,5.200,Large (160x90cm)
TOWLB-MBL-LG-MUSE,5.200,5.200,5.200,Large (160x90cm)
TOWLB-MBL-LG-NOTH,5.200,5.200,5.200,Large (160x90cm)
TOWLB-MBL-XL-LIFE,6.150,6.150,6.150,Extra Large (200x90cm)
TOWLB-MBL-XL-MUSE,6.150,6.150,6.150,Extra Large (200x90cm)
TOWLB-MBL-XL-NOTH,6.150,6.150,6.150,Extra Large (200x90cm)
TOWLB-RND-BLUE-R,8.190,8.190,8.190,Round (170x170cm)
TOWLB-RND-GREEN-R,8.190,8.190,8.190,Round (170x170cm)
TOWLB-RND-GREY-R,8.190,8.190,8.190,Round (170x170cm)
TOWLB-RND-LTPNK,8.190,8.190,8.190,Round (170x170cm)
TOWLB-RND-NAVY,8.190,8.190,8.190,Round (170x170cm)
TOWLB-RND-PINK-R,8.190,8.190,8.190,Round (170x170cm)
TOWLB-RND-RAINB-R,8.190,8.190,8.190,Round (170x170cm)
TOWLB-RND-RED-R,8.190,8.190,8.190,Round (170x170cm)
TOWLB-RND-UNICN,8.190,8.190,8.190,Round (170x170cm)
TOWLB-SGW-LG-CHEVR,5.200,5.200,5.200,Large (160x90cm)
TOWLB-SGW-LG-GETWAV,5.200,5.200,5.200,Large (160x90cm)
TOWLB-SGW-LG-GROOVY,5.200,5.200,5.200,Large (160x90cm)
TOWLB-SGW-LG-RISSUN,5.200,5.200,5.200,Large (160x90cm)
TOWLB-SGW-XL-CHEVR,6.150,6.150,6.150,Extra Large (200x90cm)
TOWLB-SGW-XL-GETWAV,6.150,6.150,6.150,Extra Large (200x90cm)
TOWLB-SGW-XL-GROOVY,6.150,6.150,6.150,Extra Large (200x90cm)
TOWLB-SGW-XL-RISSUN,6.150,6.150,6.150,Extra Large (200x90cm)
TOWLB-SUM-LG-COLAGN,5.200,5.200,5.200,Large (160x90cm)
TOWLB-SUM-LG-CSTCANDY,5.200,5.200,5.200,Large (160x90cm)
TOWLB-SUM-LG-DKDIS,5.170,5.170,5.170,Large (160x90cm)
TOWLB-SUM-LG-DSKDWN,5.170,5.170,5.170,Large (160x90cm)
TOWLB-SUM-LG-ENDLS-R,5.170,5.170,5.170,Large (160x90cm)
TOWLB-SUM-LG-ENDRVR,5.170,5.170,5.170,Large (160x90cm)
TOWLB-SUM-LG-LAVDR-R,5.170,5.170,5.170,Large (160x90cm)
TOWLB-SUM-LG-MIAMI,5.200,5.200,5.200,Large (160x90cm)
TOWLB-SUM-LG-OCEAN,5.200,5.200,5.200,Large (160x90cm)
TOWLB-SUM-LG-PCHSUN,5.170,5.170,5.170,Large (160x90cm)
TOWLB-SUM-LG-PEACH-R,5.170,5.170,5.170,Large (160x90cm)
TOWLB-SUM-LG-POOL-R,5.170,5.170,5.170,Large (160x90cm)
TOWLB-SUM-LG-RAINB-R,5.200,5.200,5.200,Large (160x90cm)
TOWLB-SUM-LG-SANDSEA,5.200,5.200,5.200,Large (160x90cm)
TOWLB-SUM-LG-SUNST-R,5.170,5.170,5.170,Large (160x90cm)
TOWLB-SUM-LG-TUTFRU,5.200,5.200,5.200,Large (160x90cm)
TOWLB-SUM-LG-UNICN-R,4.340,4.340,4.340,Large (160x90cm)
TOWLB-SUM-MD-UNICN,3.190,3.190,3.190,Medium (130x70cm)
TOWLB-SUM-X2-UNICN,8.930,8.930,8.930,Extra Extra Large (180x200cm)
TOWLB-SUM-XL-COLAGN,6.150,6.150,6.150,Extra Large (200x90cm)
TOWLB-SUM-XL-CSTCANDY,6.150,6.150,6.150,Extra Large (200x90cm)
TOWLB-SUM-XL-DKDIS,6.120,6.120,6.120,Extra Large (200x90cm)
TOWLB-SUM-XL-DSKDWN,6.150,6.150,6.150,Extra Large (200x90cm)
TOWLB-SUM-XL-ENDLS-R,6.120,6.120,6.120,Extra Large (200x90cm)
TOWLB-SUM-XL-ENDRVR,6.150,6.150,6.150,Extra Large (200x90cm)
TOWLB-SUM-XL-LAVDR-R,6.120,6.120,6.120,Extra Large (200x90cm)
TOWLB-SUM-XL-MIAMI,6.150,6.150,6.150,Extra Large (200x90cm)
TOWLB-SUM-XL-OCEAN,6.150,6.150,6.150,Extra Large (200x90cm)
TOWLB-SUM-XL-PCHSUN,6.150,6.150,6.150,Extra Large (200x90cm)
TOWLB-SUM-XL-PEACH-R,6.120,6.120,6.120,Extra Large (200x90cm)
TOWLB-SUM-XL-POOL-R,6.120,6.120,6.120,Extra Large (200x90cm)
TOWLB-SUM-XL-RAINB-R,6.150,6.150,6.150,Extra Large (200x90cm)
TOWLB-SUM-XL-SANDSEA,6.150,6.150,6.150,Extra Large (200x90cm)
TOWLB-SUM-XL-SUNST-R,6.120,6.120,6.120,Extra Large (200x90cm)
TOWLB-SUM-XL-TUTFRU,6.150,6.150,6.150,Extra Large (200x90cm)
TOWLB-SUM-XL-UNICN-R,6.150,6.150,6.150,Extra Large (200x90cm)
TOWLB-TED-LG-BLUE,5.200,5.200,5.200,Large (160x90cm)
TOWLB-TED-LG-GREEN,5.200,5.200,5.200,Large (160x90cm)
TOWLB-TED-LG-PINK,5.200,5.200,5.200,Large (160x90cm)
TOWLB-TED-XL-BLUE,6.150,6.150,6.150,Extra Large (200x90cm)
TOWLB-TED-XL-GREEN,6.150,6.150,6.150,Extra Large (200x90cm)
TOWLB-TED-XL-PINK,6.150,6.150,6.150,Extra Large (200x90cm)
TOWLB-TYD-LG-BLUE,5.200,5.200,5.200,Large (160x90cm)
TOWLB-TYD-LG-GREEN,5.200,5.200,5.200,Large (160x90cm)
TOWLB-TYD-LG-NAVY,5.200,5.200,5.200,Large (160x90cm)
TOWLB-TYD-LG-PINK,5.200,5.200,5.200,Large (160x90cm)
TOWLB-TYD-XL-BLUE,6.150,6.150,6.150,Extra Large (200x90cm)
TOWLB-TYD-XL-GREEN,6.150,6.150,6.150,Extra Large (200x90cm)
TOWLB-TYD-XL-NAVY,6.150,6.150,6.150,Extra Large (200x90cm)
TOWLB-TYD-XL-PINK,6.150,6.150,6.150,Extra Large (200x90cm)
TOWLF-CLA-LG-BLUE-R,4.210,4.210,4.210,Large (160x90cm)
TOWLF-CLA-LG-GREEN-R,4.210,4.210,4.210,Large (160x90cm)
TOWLF-CLA-LG-PINK-R,4.210,4.210,4.210,Large (160x90cm)
TOWLF-CLA-LG-PURPL-R,4.210,4.210,4.210,Large (160x90cm)
TOWLF-CLA-LG-RED-R,4.210,4.210,4.210,Large (160x90cm)
TOWLF-CLA-SM-BLUE-R,2.410,2.410,2.410,"Small (100x50"") "
TOWLF-CLA-SM-GREEN-R,2.410,2.410,2.410,"Small (100x50"") "
TOWLF-CLA-SM-PINK-R,2.410,2.410,2.410,"Small (100x50"") "
TOWLF-CLA-SM-PURPL-R,2.410,2.410,2.410,"Small (100x50"") "
TOWLF-CLA-SM-RED-R,2.410,2.410,2.410,"Small (100x50"") "
TOWLF-CLA-XL-BLUE-R,4.830,4.830,4.830,Extra Large (200x90cm)
TOWLF-CLA-XL-GREEN-R,4.830,4.830,4.830,Extra Large (200x90cm)
TOWLF-CLA-XL-PINK-R,4.830,4.830,4.830,Extra Large (200x90cm)
TOWLF-CLA-XL-PURPL-R,4.830,4.830,4.830,Extra Large (200x90cm)
TOWLF-CLA-XL-RED-R,4.830,4.830,4.830,Extra Large (200x90cm)
TOWLF-ESS-LG-BLUE-R,4.040,4.040,4.040,Large (160x90cm)
TOWLF-ESS-LG-DKBLU,4.040,4.040,4.040,Large (160x90cm)
TOWLF-ESS-LG-GREEN-R,4.040,4.040,4.040,Large (160x90cm)
TOWLF-ESS-LG-GREY-R,4.040,4.040,4.040,Large (160x90cm)
TOWLF-ESS-LG-HBLU,4.040,4.040,4.040,Large (160x90cm)
TOWLF-ESS-LG-HIBPNK,4.040,4.040,4.040,Large (160x90cm)
TOWLF-ESS-LG-LKAQUA,4.040,4.040,4.040,Large (160x90cm)
TOWLF-ESS-LG-LTPPL,4.040,4.040,4.040,Large (160x90cm)
TOWLF-ESS-LG-PINK-R,4.040,4.040,4.040,Large (160x90cm)
TOWLF-ESS-LG-PLIM,4.040,4.040,4.040,Large (160x90cm)
TOWLF-ESS-LG-VLYVIO,4.040,4.040,4.040,Large (160x90cm)
TOWLF-ESS-SM-BLUE-R,2.410,2.410,2.410,Small (100x50cm)
TOWLF-ESS-SM-DKBLU,2.410,2.410,2.410,Small (100x50cm)
TOWLF-ESS-SM-GREEN-R,2.410,2.410,2.410,Small (100x50cm)
TOWLF-ESS-SM-GREY-R,2.410,2.410,2.410,Small (100x50cm)
TOWLF-ESS-SM-LTPPL,2.410,2.410,2.410,Small (100x50cm)
TOWLF-ESS-SM-PINK-R,2.410,2.410,2.410,Small (100x50cm)
TOWLF-ESS-XL-BLUE-R,4.590,4.590,4.590,Extra Large (200x90cm)
TOWLF-ESS-XL-DKBLU,4.590,4.590,4.590,Extra Large (200x90cm)
TOWLF-ESS-XL-GREEN-R,4.590,4.590,4.590,Extra Large (200x90cm)
TOWLF-ESS-XL-GREY-R,4.590,4.590,4.590,Extra Large (200x90cm)
TOWLF-ESS-XL-HBLU,4.590,4.590,4.590,Extra Large (200x90cm)
TOWLF-ESS-XL-HIBPNK,4.590,4.590,4.590,Extra Large (200x90cm)
TOWLF-ESS-XL-LKAQUA,4.590,4.590,4.590,Extra Large (200x90cm)
TOWLF-ESS-XL-LTPPL,4.590,4.590,4.590,Extra Large (200x90cm)
TOWLF-ESS-XL-PINK-R,4.590,4.590,4.590,Extra Large (200x90cm)
TOWLF-ESS-XL-PLIM,4.590,4.590,4.590,Extra Large (200x90cm)
TOWLF-ESS-XL-VLYVIO,4.590,4.590,4.590,Extra Large (200x90cm)
TOWLH-CBH-LG-CREAM,5.500,5.500,5.500,Large (160x70cm)
TOWLH-CBH-LG-FOAM,5.500,5.500,5.500,Large (160x70cm)
TOWLH-CBH-LG-NAVY,5.500,5.500,5.500,Large (160x70cm)
TOWLH-CBH-LG-PINK,5.500,5.500,5.500,Large (160x70cm)
TOWLH-CBH-SM-CREAM,2.750,2.750,2.750,Small Hand Towel (85x40cm)
TOWLH-CBH-SM-FOAM,2.750,2.750,2.750,Small Hand Towel (85x40cm)
TOWLH-CBH-SM-NAVY,2.750,2.750,2.750,Small Hand Towel (85x40cm)
TOWLH-CBH-SM-PINK,2.750,2.750,2.750,Small Hand Towel (85x40cm)
TOWLH-CBH-XL-CREAM,6.660,6.660,6.660,Extra Large (180x90cm)
TOWLH-CBH-XL-FOAM,6.660,6.660,6.660,Extra Large (180x90cm)
TOWLH-CBH-XL-NAVY,6.660,6.660,6.660,Extra Large (180x90cm)
TOWLH-CBH-XL-PINK,6.660,6.660,6.660,Extra Large (180x90cm)
TOWLH-CLA-LG-NAVY,4.720,4.720,4.720,Large (160x70cm)
TOWLH-CLA-LG-WHITE,4.720,4.720,4.720,Large (160x70cm)
TOWLH-CLA-SM-NAVY,2.530,2.530,2.530,Small Hand Towel (85x40cm)
TOWLH-CLA-SM-WHITE,2.530,2.530,2.530,Small Hand Towel (85x40cm)
TOWLH-CLA-XL-NAVY,6.000,6.000,6.000,Extra Large (180x90cm)
TOWLH-CLA-XL-WHITE,6.000,6.000,6.000,Extra Large (180x90cm)
TOWLH-CLB-LG-CHRYBMB,5.500,5.500,5.500,Large (160x70cm)
TOWLH-CLB-LG-MIDNFIZ,5.500,5.500,5.500,Large (160x70cm)
TOWLH-CLB-LG-PEPPNCH,5.500,5.500,5.500,Large (160x70cm)
TOWLH-CLB-LG-WTRSPRZ,5.500,5.500,5.500,Large (160x70cm)
TOWLH-CLB-SM-CHRYBMB,2.750,2.750,2.750,Small Hand Towel (85x40cm)
TOWLH-CLB-SM-MIDNFIZ,2.750,2.750,2.750,Small Hand Towel (85x40cm)
TOWLH-CLB-SM-PEPPNCH,2.750,2.750,2.750,Small Hand Towel (85x40cm)
TOWLH-CLB-SM-WTRSPRZ,2.750,2.750,2.750,Small Hand Towel (85x40cm)
TOWLH-CLB-XL-CHRYBMB,6.660,6.660,6.660,Extra Large (180x90cm)
TOWLH-CLB-XL-MIDNFIZ,6.660,6.660,6.660,Extra Large (180x90cm)
TOWLH-CLB-XL-PEPPNCH,6.660,6.660,6.660,Extra Large (180x90cm)
TOWLH-CLB-XL-WTRSPRZ,6.660,6.660,6.660,Extra Large (180x90cm)
TOWLH-DES-LG-BOHMDRM,5.500,5.500,5.500,Large (160x70cm)
TOWLH-DES-LG-TIGPALM,5.500,5.500,5.500,Large (160x70cm)
TOWLH-DES-SM-BOHMDRM,2.750,2.750,2.750,Small Hand Towel (85x40cm)
TOWLH-DES-SM-TIGPALM,2.750,2.750,2.750,Small Hand Towel (85x40cm)
TOWLH-DES-XL-BOHMDRM,6.660,6.660,6.660,Extra Large (180x90cm)
TOWLH-DES-XL-TIGPALM,6.660,6.660,6.660,Extra Large (180x90cm)
TOWLH-GEO-LG-NAVY,5.500,5.500,5.500,Large (160x70cm)
TOWLH-GEO-LG-PARAD,5.500,5.500,5.500,Large (160x70cm)
TOWLH-GEO-LG-PINK,5.500,5.500,5.500,Large (160x70cm)
TOWLH-GEO-LG-SAGE,5.500,5.500,5.500,Large (160x70cm)
TOWLH-GEO-SM-NAVY,2.750,2.750,2.750,Small Hand Towel (85x40cm)
TOWLH-GEO-SM-PARAD,2.750,2.750,2.750,Small Hand Towel (85x40cm)
TOWLH-GEO-SM-PINK,2.750,2.750,2.750,Small Hand Towel (85x40cm)
TOWLH-GEO-SM-SAGE,2.750,2.750,2.750,Small Hand Towel (85x40cm)
TOWLH-GEO-XL-NAVY,6.660,6.660,6.660,Extra Large (180x90cm)
TOWLH-GEO-XL-PARAD,6.660,6.660,6.660,Extra Large (180x90cm)
TOWLH-GEO-XL-PINK,6.660,6.660,6.660,Extra Large (180x90cm)
TOWLH-GEO-XL-SAGE,6.660,6.660,6.660,Extra Large (180x90cm)
TOWLH-HID-LG-BLACK,5.500,5.500,5.500,Large (160x70cm)
TOWLH-HID-LG-BLUE,5.500,5.500,5.500,Large (160x70cm)
TOWLH-HID-LG-GREEN,5.500,5.500,5.500,Large (160x70cm)
TOWLH-HID-LG-PINK,5.500,5.500,5.500,Large (160x70cm)
TOWLH-HID-SM-BLACK,2.750,2.750,2.750,Small Hand Towel (85x40cm)
TOWLH-HID-SM-BLUE,2.750,2.750,2.750,Small Hand Towel (85x40cm)
TOWLH-HID-SM-GREEN,2.750,2.750,2.750,Small Hand Towel (85x40cm)
TOWLH-HID-SM-PINK,2.750,2.750,2.750,Small Hand Towel (85x40cm)
TOWLH-HID-XL-BLACK,6.660,6.660,6.660,Extra Large (180x90cm)
TOWLH-HID-XL-BLUE,6.660,6.660,6.660,Extra Large (180x90cm)
TOWLH-HID-XL-GREEN,6.660,6.660,6.660,Extra Large (180x90cm)
TOWLH-HID-XL-PINK,6.660,6.660,6.660,Extra Large (180x90cm)
TOWLH-HOM-LG-LTBLU,4.720,4.720,4.720,Large 
TOWLH-HOM-LG-LTBLU-R,4.720,4.720,4.720,Large (160x70cm)
TOWLH-HOM-LG-LTGRN,4.720,4.720,4.720,Large 
TOWLH-HOM-LG-LTGRN-R,4.720,4.720,4.720,Large (160x70cm)
TOWLH-HOM-LG-LTPNK,4.720,4.720,4.720,Large 
TOWLH-HOM-LG-LTPNK-R,4.720,4.720,4.720,Large (160x70cm)
TOWLH-HOM-LG-NAVY,4.720,4.720,4.720,Large 
TOWLH-HOM-LG-NAVY-R,4.720,4.720,4.720,Large (160x70cm)
TOWLH-HOM-LG-TERRA,4.720,4.720,4.720,Large 
TOWLH-HOM-LG-TERRA-R,4.720,4.720,4.720,Large (160x70cm)
TOWLH-HOM-LG-WHITE,4.720,4.720,4.720,Large 
TOWLH-HOM-LG-WHITE-R,4.720,4.720,4.720,Large (160x70cm)
TOWLH-HOM-SM-LTBLU,2.530,2.530,2.530,Small Hand Towel (85x40cm)
TOWLH-HOM-SM-LTGRN,2.530,2.530,2.530,Small Hand Towel (85x40cm)
TOWLH-HOM-SM-LTPNK,2.530,2.530,2.530,Small Hand Towel (85x40cm)
TOWLH-HOM-SM-NAVY,2.530,2.530,2.530,Small Hand Towel (85x40cm)
TOWLH-HOM-SM-TERRA,2.530,2.530,2.530,Small Hand Towel (85x40cm)
TOWLH-HOM-SM-WHITE,2.530,2.530,2.530,Small Hand Towel (85x40cm)
TOWLH-HOM-XL-LTBLU,6.000,6.000,6.000,Extra Large 
TOWLH-HOM-XL-LTBLU-R,6.000,6.000,6.000,Extra Large (180x90cm)
TOWLH-HOM-XL-LTGRN,6.000,6.000,6.000,Extra Large 
TOWLH-HOM-XL-LTGRN-R,6.000,6.000,6.000,Extra Large (180x90cm)
TOWLH-HOM-XL-LTPNK,6.000,6.000,6.000,Extra Large 
TOWLH-HOM-XL-LTPNK-R,6.000,6.000,6.000,Extra Large (180x90cm)
TOWLH-HOM-XL-NAVY,6.000,6.000,6.000,Extra Large 
TOWLH-HOM-XL-NAVY-R,6.000,6.000,6.000,Extra Large (180x90cm)
TOWLH-HOM-XL-TERRA,6.000,6.000,6.000,Extra Large 
TOWLH-HOM-XL-TERRA-R,6.000,6.000,6.000,Extra Large (180x90cm)
TOWLH-HOM-XL-WHITE,6.000,6.000,6.000,Extra Large 
TOWLH-HOM-XL-WHITE-R,6.000,6.000,6.000,Extra Large (180x90cm)
TOWLH-NAT-LG-DPBLU-C,0.000,0.000,0.000,
TOWLH-NAT-LG-HONEY-C,0.000,0.000,0.000,
TOWLH-NAT-LG-POWBLU-C,0.000,0.000,0.000,
TOWLH-NAT-LG-SNWHIT-C,0.000,0.000,0.000,
TOWLH-NAT-LG-WAVNAV-C,0.000,0.000,0.000,
TOWLH-RET-LG-CONG,5.500,5.500,5.500,Large (160x70cm)
TOWLH-RET-LG-MONT,5.500,5.500,5.500,Large (160x70cm)
TOWLH-RET-LG-SANT,5.500,5.500,5.500,Large (160x70cm)
TOWLH-RET-LG-SAPO,5.500,5.500,5.500,Large (160x70cm)
TOWLH-RET-LG-SINH,5.500,5.500,5.500,Large (160x70cm)
TOWLH-RET-SM-CONG,2.750,2.750,2.750,Small Hand Towel (85x40cm)
TOWLH-RET-SM-MONT,2.750,2.750,2.750,Small Hand Towel (85x40cm)
TOWLH-RET-SM-SANT,2.750,2.750,2.750,Small Hand Towel (85x40cm)
TOWLH-RET-SM-SAPO,2.750,2.750,2.750,Small Hand Towel (85x40cm)
TOWLH-RET-SM-SINH,2.750,2.750,2.750,Small Hand Towel (85x40cm)
TOWLH-RET-XL-CONG,6.660,6.660,6.660,Extra Large (180x90cm)
TOWLH-RET-XL-MONT,6.660,6.660,6.660,Extra Large (180x90cm)
TOWLH-RET-XL-SANT,6.660,6.660,6.660,Extra Large (180x90cm)
TOWLH-RET-XL-SAPO,6.660,6.660,6.660,Extra Large (180x90cm)
TOWLH-RET-XL-SINH,6.660,6.660,6.660,Extra Large (180x90cm)
WASH-BAG-MED,0.000,0.000,0.000,Medium (76x54cm)
WHOLESALE-BROCHURE-CA,0.000,0.000,0.000,
WHOLESALE-BROCHURE-DNB,0.000,0.000,0.000,
WHOLESALE-BROCHURE-EU,0.000,0.000,0.000,
WHOLESALE-BROCHURE-FR,0.000,0.000,0.000,
WHOLESALE-BROCHURE-UK,0.000,0.000,0.000,
WHOLESALE-BROCHURE-US,0.000,0.000,0.000,
WHOLESALE-POSDISPLAY-LAR,12.640,12.640,12.640,Large Cardboard POS
WHOLESALE-POSDISPLAY-SML,0.000,0.000,0.000,Small (64x64cm)
WHOLESALE-PRICELIST-DNB,0.000,0.000,0.000,
WHOLESALE-SAMPLE-BOX,0.000,0.000,0.000,
WHOLESALE-WATERBOTTLE-DNB,0.000,0.000,0.000,
WS-POS-EASEL-BAG-2023,0.100,0.100,0.100,Easel POS Card
WS-POS-EASEL-BAG-FR-2023,0.100,0.100,0.100,Easel POS Card
WS-POS-EASEL-COOL-2023,0.100,0.100,0.100,Easel POS Card
WS-POS-EASEL-COOL-FR-2023,0.100,0.100,0.100,Easel POS Card
WS-POS-EASEL-DOGTWL-2023,0.100,0.100,0.100,Easel POS Card
WS-POS-EASEL-DOGTWL-FR-2023,0.100,0.100,0.100,Easel POS Card
WS-POS-EASEL-HAIRW-2023,0.100,0.100,0.100,Easel POS Card
WS-POS-EASEL-HAIRW-FR-2023,0.100,0.100,0.100,Easel POS Card
WS-POS-EASEL-HOODT-2023,0.100,0.100,0.100,Easel POS Card
WS-POS-EASEL-HOODT-FR-2023,0.100,0.100,0.100,Easel POS Card
WS-POS-EASEL-MAKUP-2023,0.100,0.100,0.100,Easel POS Card
WS-POS-EASEL-MAKUP-FR-2023,0.100,0.100,0.100,Easel POS Card
WS-POS-EASEL-MAKUP-STD-2023,0.100,0.100,0.100,Easel POS Card
WS-POS-EASEL-PICNIC-2023,0.100,0.100,0.100,Easel POS Card
WS-POS-EASEL-PICNIC-FR-2023,0.100,0.100,0.100,Easel POS Card
WS-POS-EASEL-PONCHA-2023,0.100,0.100,0.100,Easel POS Card
WS-POS-EASEL-PONCHA-FR-2023,0.100,0.100,0.100,Easel POS Card
WS-POS-EASEL-PONCHK-2023,0.100,0.100,0.100,Easel POS Card
WS-POS-EASEL-ROBE-2023,0.100,0.100,0.100,Easel POS Card
WS-POS-EASEL-ROBE-FR-2023,0.100,0.100,0.100,Easel POS Card
WS-POS-EASEL-TOWLB-2023,0.100,0.100,0.100,Easel POS Card
WS-POS-EASEL-TOWLB-FR-2023,0.100,0.100,0.100,Easel POS Card
WS-POS-EASEL-TOWLB-KID-2023,0.100,0.100,0.100,Easel POS Card
WS-POS-EASEL-TOWLH-2023,0.100,0.100,0.100,Easel POS Card
WS-POS-EASEL-TOWLH-FR-2023,0.100,0.100,0.100,Easel POS Card