SKU,Country Category,MonthsStock,FC-M1,FC-M2,FC-M3,FC-M4,FC-M5,FC-M6,FC-M7,FC-M8,FC-M9,FC-M10,FC-M11,FC-M12,P-M1,P-M2,P-M3,P-M4,P-M5,P-M6,P-M7,P-M8,P-M9,P-M10,P-M11,P-M12,G-M1,G-M2,G-M3,G-M4,G-M5,G-M6,G-M7,G-M8,G-M9,G-M10,G-M11,G-M12,FBA-M1,FBA-M2,FBA-M3,FBA-M4,FBA-M5,FBA-M6,FBA-M7,FBA-M8,FBA-M9,FBA-M10,FBA-M11,FBA-M12,B2B-M1,B2B-M2,B2B-M3,B2B-M4,B2B-M5,B2B-M6,B2B-M7,B2B-M8,B2B-M9,B2B-M10,B2B-M11,B2B-M12
SKU Header,Country Category,MonthsStock,01-Jun-26,01-Jul-26,01-Aug-26,01-Sep-26,01-Oct-26,01-Nov-26,01-Dec-26,01-Jan-27,01-Feb-27,01-Mar-27,01-Apr-27,01-May-27,01-Jun-26,01-Jul-26,01-Aug-26,01-Sep-26,01-Oct-26,01-Nov-26,01-Dec-26,01-Jan-27,01-Feb-27,01-Mar-27,01-Apr-27,01-May-27,01-Jun-26,01-Jul-26,01-Aug-26,01-Sep-26,01-Oct-26,01-Nov-26,01-Dec-26,01-Jan-27,01-Feb-27,01-Mar-27,01-Apr-27,01-May-27,01-Jun-26,01-Jul-26,01-Aug-26,01-Sep-26,01-Oct-26,01-Nov-26,01-Dec-26,01-Jan-27,01-Feb-27,01-Mar-27,01-Apr-27,01-May-27,01-Jun-26,01-Jul-26,01-Aug-26,01-Sep-26,01-Oct-26,01-Nov-26,01-Dec-26,01-Jan-27,01-Feb-27,01-Mar-27,01-Apr-27,01-May-27
BAGBCH-MD-NAVY,UK ILGBag - Beach,12,120,100,50,0,0,0,0,0,0,0,0,0,,,,,,,,,,,,,72,66,60,174,192,186,180,174,166,165,159,153,10,25,0,0,0,0,0,0,0,0,0,0,15,4,13,6,6,6,6,8,1,6,6,6
BAGBCH-MD-OLIVE,UK ILGBag - Beach,0,0,0,0,0,0,0,0,0,0,0,0,0,,,,,,,,,,,,,,,,,,,,,,,,,0,0,0,0,0,0,0,0,0,0,0,0,,,,,,,,,,,,
BAGBCH-MD-PSTPIER,UK ILGBag - Beach,12,100,100,0,0,0,0,0,0,7,23,17,28,,,,,,,,,,,,,425,415,405,395,425,415,405,395,385,368,333,312,25,25,0,10,10,10,10,10,10,10,4,15,13,13,13,0,0,0,0,0,0,2,0,0
BAGBCH-MD-RSPROAD,UK ILGBag - Beach,11,100,100,0,0,0,0,0,0,3,31,28,41,,,,,,,,,,,,,167,156,145,134,167,156,145,134,123,109,73,40,25,25,0,11,11,11,11,11,11,3,5,25,43,13,13,0,0,0,0,0,0,2,0,0
BAGCOOL-MD-APPLTRT,UK ILGBag - Cooling,12,78,78,0,0,0,0,0,0,0,9,33,61,,,,,,,,,,,,,347,341,341,341,341,341,341,341,341,341,328,291,6,6,6,6,0,0,0,0,0,0,0,0,10,10,0,0,0,0,0,0,0,4,4,8
BAGCOOL-MD-COLCLUB,UK ILGBag - Cooling,12,55,55,0,0,0,0,0,0,1,6,25,49,,,,,,,,,,,,,435,430,430,430,430,430,430,430,430,429,419,390,5,5,5,5,0,0,0,0,0,0,0,0,9,9,0,0,0,0,0,0,0,4,4,0
BAGCOOL-MD-NAVY,UK ILGBag - Cooling,6,120,121,59,13,6,22,18,6,2,16,47,87,,120,,120,,240,,300,,60,,100,114,74,49,8,-49,-89,-105,-109,-109,-104,-232,-132,4,4,16,12,4,4,24,2,6,4,9,4,4,15,80,15,15,15,15,32,8,38,10,24
BAGDRY-MD-IBZAGLW,UK ILGBag - Dry,5,70,70,28,14,40,180,80,40,4,20,0,0,,,,,,,,,,,,,304,242,31,-71,304,242,31,0,0,0,0,0,24,24,6,3,6,15,6,8,8,15,2,4,4,5,5,30,16,16,16,16,5,4,33,2
BAGDRY-MD-MIAMI,UK ILGBag - Dry,0,70,70,28,14,40,180,80,40,7,111,0,0,,,,,,,,,,,,,-456,-344,-321,253,601,545,349,253,197,181,27,17,24,24,6,11,0,0,0,0,0,0,0,0,74,125,5,5,16,16,16,16,9,43,10,47
BAGDRY-MD-NAVY,UK ILGBag - Dry,2,40,40,20,21,9,73,35,0,0,0,0,0,,,,,,,,,,,,,-70,-92,-211,-265,-235,-227,-165,-13,86,72,15,0,16,16,32,12,9,32,28,4,4,19,23,5,9,27,48,14,4,14,14,13,10,38,5,37
BAGDRY-MD-WAVYBBY,UK ILGBag - Dry,5,70,70,28,14,40,125,0,0,0,0,0,0,,,,,,,,,,,,,108,46,-110,-132,108,46,0,0,0,0,0,0,24,24,6,6,6,15,6,8,8,1,3,14,14,5,5,5,16,16,16,16,4,14,12,9
BAGDRY-XS-HOTTROP,UK ILGBag - Dry,3,200,200,150,69,252,1134,504,240,0,0,0,0,,,,,,,,,,,,,-112,-545,"-1,901","-1,086","1,618","1,185",0,0,0,0,0,0,133,133,29,67,67,108,67,67,4,42,62,159,20,30,30,90,114,114,114,114,16,26,20,48
BAGDRY-XS-MIAMI,UK ILGBag - Dry,0,350,350,200,98,360,1000,720,360,93,342,201,379,,,,,,,,,,,,,"-1,409","-1,508","-2,226","1,377","1,021",913,499,13,"1,021",913,499,13,167,167,36,12,45,135,45,111,0,0,0,0,273,35,35,35,135,135,135,135,15,72,285,97
BAGDRY-XS-NAVY,UK ILGBag - Dry,1,450,450,180,150,150,1000,400,167,172,162,135,337,,,,,,,,,,,,,-735,"-1,033","-2,125",-345,383,-8,-384,-278,783,392,16,0,250,250,110,132,132,132,132,17,188,138,145,0,353,33,59,16,16,48,104,38,31,76,14,238
BAGDRY-XS-WAVYBBY,UK ILGBag - Dry,4,250,250,150,98,360,1620,720,360,68,172,156,187,,,,,,,,,,,,,377,-168,"-2,058",237,"3,807","3,262","1,372",467,0,0,0,0,167,167,36,50,50,135,50,63,7,25,59,109,223,35,35,35,135,135,135,135,16,44,285,107
BAGDRY-XS-WYWH,UK ILGBag - Dry,5,200,200,150,98,360,1620,720,360,30,124,23,0,,,,,,,,,,,,,993,453,"-1,437",-637,"2,743","2,203",313,0,0,0,0,0,167,167,36,40,45,135,45,63,1,17,45,96,23,35,35,95,135,135,135,135,20,24,4,28
BAGF-CAB-MD-LTPNK,UK ILGBag - Foldable,3,400,400,155,95,89,224,167,100,100,43,42,106,,,,,,,,,,,,,-14,"1,652","1,835","1,671","1,544","1,361","1,223","1,052","1,544","1,361","1,223","1,052",100,100,100,32,35,27,60,21,23,35,31,51,60,150,60,43,10,60,60,6,60,60,98,60
BAGF-CAB-MD-NAVY,UK ILGBag - Foldable,5,600,600,831,224,100,376,265,76,88,82,90,148,,,,,,500,600,1000,100,1200,,1200,434,157,"2,871","2,321","2,036","1,729","1,423",978,393,-493,"-1,075","-1,573",250,250,250,233,167,156,198,197,165,216,286,411,36,232,17,16,10,4,87,12,54,8,69,26
BAGF-DES-MD-BANARAM,UK ILGBag - Foldable,0,0,0,0,0,0,0,0,0,0,0,0,0,,,,,,,,,,,,,,,,,,,,,,,,,0,0,0,0,0,0,0,0,0,0,0,0,,,,,,,,,,,,
BAGF-DES-MD-CHECKMT,UK ILGBag - Foldable,0,0,0,0,0,0,0,0,0,0,0,0,0,,,,,,,,,,,,,,,,,,,,,,,,,0,0,0,0,0,0,0,0,0,0,0,0,,,,,,,,,,,,
BAGF-DES-MD-GROOVCH,UK ILGBag - Foldable,0,0,0,0,0,0,0,0,0,0,0,0,0,,,,,,,,,,,,,,,,,,,,,,,,,0,0,0,0,0,0,0,0,0,0,0,0,,,,,,,,,,,,
BAGF-DES-MD-IBZAGLW,UK ILGBag - Foldable,5,234,195,155,0,0,0,0,0,0,32,55,84,,,,,,,,,,,,,86,151,279,279,289,281,279,279,266,238,193,128,64,80,76,27,27,27,27,27,27,7,22,53,167,57,57,2,8,2,0,13,28,13,10,6
BAGF-DES-MD-SPRCLUB,UK ILGBag - Foldable,12,234,195,155,0,0,0,0,0,0,13,46,72,,,,,,,,,,,,,999,976,"2,480","2,480","2,490","2,482","2,480","2,480","2,467","2,439","2,426","2,312",64,80,76,15,15,15,15,15,15,2,11,32,57,57,57,2,8,2,0,13,28,0,68,0
BAGF-DES-MD-STRIPLIFE,UK ILGBag - Foldable,0,0,0,0,0,0,0,0,0,0,0,0,0,,,,,,,,,,,,,,,,,,,,,,,,,0,0,0,0,0,0,0,0,0,0,0,0,,,,,,,,,,,,
BAGF-DES-MD-WAVYBBY,UK ILGBag - Foldable,2,334,278,222,0,0,0,0,0,0,78,94,146,,,,,,,,,,,,,-110,732,"2,322","2,322","2,334","2,325","2,322","2,322","2,306","2,273","2,146","2,022",80,101,95,49,49,49,49,49,49,12,46,89,68,68,68,103,9,3,0,16,33,49,30,6
BAGF-DES-MD-WTRSUG,UK ILGBag - Foldable,7,234,195,155,0,0,0,0,0,0,22,33,43,,,,,,,,,,,,,198,"1,567","1,987","1,987","1,997","1,989","1,987","1,987","1,974","1,946","1,902","1,865",64,80,76,23,23,23,23,23,23,6,22,40,57,57,57,102,8,2,0,13,28,22,4,6
BAGF-DES-MD-WYWH,UK ILGBag - Foldable,12,334,278,222,0,0,0,0,0,0,48,41,67,,,,,,,,,,,,,565,526,"2,278","2,278","2,290","2,281","2,278","2,278","2,262","2,229","2,181","2,140",80,101,95,30,30,30,30,30,30,8,34,49,68,68,68,78,9,3,0,16,33,0,0,6
BAGF-SUM-MD-COLAGN,UK ILGBag - Foldable,8,334,278,222,0,0,0,0,0,0,57,54,103,,,,,,300,100,500,,100,,,198,589,681,681,665,632,437,329,113,-289,-335,-525,80,101,95,0,0,0,0,2,0,6,44,129,68,68,68,3,9,3,0,16,33,138,54,113
BAGF-SUM-MD-CSTCANDY,UK ILGBag - Foldable,12,789,278,222,0,0,0,0,0,0,0,0,0,,,,,,,,,,,,,"2,856","3,340","3,536","3,536","3,506","3,449","3,407","3,407","3,166","2,080","1,566",996,250,250,200,0,0,0,0,2,0,0,0,0,297,184,148,18,16,4,0,30,57,42,0,241
BAGF-SUM-MD-MIAMI,UK ILGBag - Foldable,1,800,800,222,0,0,0,0,0,0,108,136,207,,,,,,1400,,1700,,,,,"-1,798","-1,807",185,685,669,663,473,279,49,"-1,339","-1,367","-1,657",80,101,95,0,0,0,0,2,0,3,131,181,588,628,68,3,9,3,0,16,6,82,58,23
BAGF-SUM-MD-UNICN,UK ILGBag - Foldable,12,441,678,445,126,70,327,159,53,82,50,47,82,,,,,,,700,,900,,500,,"2,000","1,891","1,855","1,651","1,592","1,452","1,336","1,108",883,193,-692,-672,150,150,150,51,35,33,51,41,32,78,91,142,99,57,85,6,4,45,45,6,58,45,90,1
BAGTOI-MD-BOHMDRM,UK ILGBag - Toiletry,0,0,0,0,150,72,224,114,84,48,12,8,14,,,,,,,,,,,,,0,0,8,"1,431","1,347","1,305","1,270","1,188","1,188","1,165","1,106",930,0,0,0,26,14,27,21,12,14,8,5,9,0,0,0,100,44,22,22,22,12,50,20,59
BAGTOI-MD-CACTMNTN,UK ILGBag - Toiletry,0,0,0,0,100,100,300,200,100,24,6,4,7,,360,,,,,120,,,,680,,0,0,0,-800,-724,-630,-334,26,26,19,19,-81,,,,,,,,,,,,,,,,,,,,,,,,
BAGTOI-MD-CHRYBMB,UK ILGBag - Toiletry,0,150,150,150,72,251,699,353,84,52,35,5,38,,,,,,120,160,160,400,600,320,,-686,"-1,045","-1,710",923,813,704,646,610,356,67,-117,-273,26,26,26,26,36,100,100,4,8,16,11,18,113,8,100,100,100,50,50,22,49,7,20,198
BAGTOI-MD-NAVY,UK ILGBag - Toiletry,5,33,75,75,18,29,98,0,0,0,0,0,0,,,,,,,,,,,,,,,,,,,,,,,,,17,17,17,17,9,18,14,8,9,5,3,6,,,,,,,,,,,,
BAGTOI-MD-PEPPNCH,UK ILGBag - Toiletry,4,150,150,150,20,50,242,124,76,32,13,25,14,,,40,80,200,80,400,,400,,560,,73,-107,-438,335,187,81,9,-28,-83,-277,-261,-457,26,26,26,26,30,39,33,24,24,9,6,13,98,8,100,100,100,50,50,48,50,50,6,68
BAGTOI-MD-PINK,UK ILGBag - Toiletry,5,88,55,75,75,1,65,85,0,0,0,0,0,,,,,,,,,,,,,,,,,,,,,,,,,17,17,17,17,9,18,14,8,9,5,3,6,,,,,,,,,,,,
BAGTOI-MD-SEASOIR,UK ILGBag - Toiletry,0,0,0,0,105,50,157,80,59,34,8,6,10,,,,,,,,,,,,,0,0,8,"1,826","1,762","1,729","1,700","1,623","1,623","1,606","1,556","1,431",0,0,0,20,11,22,17,10,11,6,4,7,0,0,0,85,37,19,19,19,10,50,17,50
BALLAST-CAB-NAVY,UK ILGBeach Pillow,12,300,240,7,24,21,52,18,32,42,94,108,313,,,,,,,,,,,,,"1,368","1,105","1,326","1,283","1,668","1,405","1,326","1,283","1,231","1,172","1,024",889,88,88,57,20,6,15,13,8,8,28,21,39,115,15,15,24,236,12,12,12,9,26,6,21
BALLAST-DES-GRECSH,UK ILGBeach Pillow,4,480,480,14,48,42,104,36,64,3,55,53,185,,,,,,,,,,,,,364,6,"1,379","1,323","1,864","1,506","1,379","1,323","1,247","1,216","1,084",987,132,132,86,30,9,23,20,12,12,42,32,59,13,13,13,111,307,0,0,0,16,35,12,34
BALLAST-SUM-CSTCANDY,UK ILGBeach Pillow,2,480,480,14,48,42,104,36,64,24,66,111,280,,,,240,480,420,180,420,120,420,,240,-61,-419,594,538,462,418,298,143,-208,-703,-848,-541,132,132,86,30,9,23,20,12,12,42,32,59,123,13,13,111,307,0,0,0,8,12,12,12
BALLAST-SUM-MIAMI,UK ILGBeach Pillow,12,208,752,31,117,42,104,36,32,27,67,52,161,,,,,,,,,,,,,"2,708","2,652","3,066","3,011","3,248","3,192","3,066","3,011","2,968","2,922","2,794","2,708",88,88,57,24,8,22,19,11,11,38,28,53,51,35,24,24,6,0,0,0,8,23,6,21
COOL-CAB-LTGRY-R,UK ILGCooling,0,160,160,100,20,20,60,20,10,10,9,22,41,,,,,,,,,,,,,,,,,,,,,,,,,60,60,60,3,20,10,0,0,0,0,0,0,,,,,,,,,,,,
COOL-CAB-LTPCH-R,UK ILGCooling,0,0,0,0,0,0,0,0,0,0,0,0,0,,,,,,,,,,,,,,,,,,,,,,,,,0,0,0,0,0,0,0,0,0,0,0,0,,,,,,,,,,,,
COOL-CAB-LTPNK-R,UK ILGCooling,0,100,100,80,20,20,60,20,0,0,0,0,0,,,,,,,,,,,,,-355,-250,-189,44,-26,-71,22,8,29,22,15,8,14,8,18,2,13,18,43,38,0,0,0,0,22,8,7,7,22,16,7,7,7,7,7,2
COOL-CAB-NAVY-R,UK ILGCooling,0,160,160,100,20,20,60,20,10,10,18,49,69,,,,,,,,,,,,,-649,-450,-57,"1,255","1,222","1,199","1,255","1,222","1,199","1,176","1,128","1,073",60,60,60,4,15,15,0,0,0,0,0,0,20,20,13,13,13,13,13,13,13,30,6,2
COOL-DES-MIDNMOV,UK ILGCooling,0,160,160,50,0,0,0,0,0,0,25,41,96,,,,,,,,,,,,,-505,-278,-41,738,759,738,738,738,738,738,683,642,45,45,18,0,0,21,0,0,0,0,0,0,25,5,0,0,0,0,0,0,0,30,0,6
COOL-DES-SUNSRUN,UK ILGCooling,0,160,160,50,0,0,1,0,0,0,29,41,110,,,,,,,,,,,,,-513,-278,50,507,530,507,507,507,507,507,448,407,45,45,18,0,0,22,0,0,0,0,0,0,25,5,0,0,0,0,0,0,0,30,0,0
DOGTWL-CAB-LG-CORAL,UK ILGTowel - Dog,0,0,0,0,0,0,0,0,0,0,0,0,0,,,,,,,,,,,,,,,,,,,,,,,,,0,0,0,0,0,0,0,0,0,0,0,0,,,,,,,,,,,,
DOGTWL-CAB-LG-RAINB,UK ILGTowel - Dog,0,0,0,0,0,0,0,0,0,0,0,0,0,,,,,,,,,,,,,,,,,,,,,,,,,0,0,0,0,0,0,0,0,0,0,0,0,,,,,,,,,,,,
DOGTWL-CAB-MD-CORAL,,,,,,,,,,,,,,,,,,,,,,,,,,,,,,,,,,,,,,,0,0,0,0,0,0,0,0,0,0,0,0,,,,,,,,,,,,
DOGTWL-CAB-MD-RAINB,,,,,,,,,,,,,,,,,,,,,,,,,,,,,,,,,,,,,,,0,0,0,0,0,0,0,0,0,0,0,0,,,,,,,,,,,,
DOGTWL-DES-LG-CHKMTT,UK ILGTowel - Dog,0,3,7,0,0,0,0,0,0,0,0,0,0,,,,,,,,,,,,,-28,-18,-7,-7,0,0,0,0,0,0,0,0,4,6,0,9,0,0,0,0,0,0,0,0,14,4,0,0,0,0,0,0,0,0,0,0
DOGTWL-DES-LG-DNBCLUB,UK ILGTowel - Dog,12,4,10,0,0,0,0,0,0,0,0,0,0,,,,,,,,,,,,,186,186,182,186,186,182,169,168,168,115,91,54,5,8,0,0,0,0,0,0,0,0,0,0,17,29,0,0,4,13,1,0,53,24,37,13
DOGTWL-DES-LG-DOGDIN,UK ILGTowel - Dog,7,4,10,0,0,5,30,39,33,17,10,6,12,,,,,,,,,,,,,190,190,185,137,190,185,137,78,25,0,0,0,5,8,0,10,10,10,28,14,6,5,1,3,17,5,0,0,0,18,0,6,45,18,6,12
DOGTWL-DES-LG-GOLONG,UK ILGTowel - Dog,8,3,7,0,0,8,15,23,24,11,8,9,13,,,,,,,,,,,,,137,132,105,80,132,105,80,44,16,0,0,0,4,6,0,5,5,10,13,4,2,3,2,3,14,4,0,0,14,0,0,0,21,18,6,12
DOGTWL-DES-LG-PNKPAWS,UK ILGTowel - Dog,0,2,5,0,0,0,0,0,0,0,0,0,0,,,,,,,,,,,,,-32,-19,-5,-5,0,0,0,0,0,0,0,0,3,5,0,5,0,0,0,0,0,0,0,0,13,4,0,0,0,0,0,0,0,0,0,0
DOGTWL-DES-LG-UNDWLK,UK ILGTowel - Dog,12,2,5,0,0,1,8,10,3,6,2,6,8,,,,,,,,,,,,,155,154,150,141,154,150,141,127,114,88,85,69,3,5,0,3,3,1,4,4,3,1,4,2,13,4,0,0,0,0,0,6,17,0,6,12
DOGTWL-DES-MD-CHKMTT,UK ILGTowel - Dog,0,3,7,0,0,0,0,0,0,0,0,0,0,,,,,,,,,,,,,-38,-25,-8,-8,0,0,0,0,0,0,0,0,4,6,0,8,0,0,0,0,0,0,0,0,14,4,0,0,0,0,0,0,0,0,0,0
DOGTWL-DES-MD-DNBCLUB,UK ILGTowel - Dog,8,4,10,0,0,5,18,24,19,19,7,5,8,,,,,,,,,,,,,139,134,124,97,134,124,97,53,25,0,0,0,5,8,0,6,1,7,14,9,9,2,3,3,17,5,0,0,4,2,6,0,24,6,0,12
DOGTWL-DES-MD-DOGDIN,UK ILGTowel - Dog,6,4,10,0,0,4,22,30,13,19,5,5,12,,,,,,,,,,,,,96,92,81,44,92,81,44,0,0,0,0,0,5,8,0,6,1,9,13,11,3,3,6,2,17,5,0,0,6,6,12,6,29,18,6,18
DOGTWL-DES-MD-FACES,UK ILGTowel - Dog,0,0,0,0,0,0,0,0,0,0,0,0,0,,,,,,,,,,,,,,,,,,,,,,,,,0,0,0,0,0,0,0,0,0,0,0,0,,,,,,,,,,,,
DOGTWL-DES-MD-GOLONG,UK ILGTowel - Dog,0,3,7,0,0,0,0,0,0,0,0,0,0,,,,,,,,,,,,,-36,-22,-5,-5,0,0,0,0,0,0,0,0,4,6,0,5,0,0,0,0,0,0,0,0,14,4,0,0,0,0,0,0,0,0,0,0
DOGTWL-DES-MD-PNKPAWS,UK ILGTowel - Dog,0,2,5,0,0,0,0,0,0,0,0,0,0,,,,,,,,,,,,,-32,-14,0,0,0,0,0,0,0,0,0,0,3,5,0,0,0,0,0,0,0,0,0,0,13,4,0,0,0,0,0,0,0,0,0,0
DOGTWL-DES-MD-UNDWLK,UK ILGTowel - Dog,4,2,5,0,0,3,5,7,16,4,0,0,0,,,,,,,,,,,,,18,18,15,9,18,15,9,0,0,0,0,0,3,5,0,4,4,5,3,6,4,1,4,4,13,4,0,0,0,0,0,6,11,0,0,6
DOGTWL-LG-K9CAMO,UK ILGTowel - Dog,0,0,0,0,0,0,0,0,0,0,0,0,0,,,,,,,,,,,,,,,,,,,,,,,,,1,4,8,0,0,0,1,0,0,0,1,0,,,,,,,,,,,,
DOGTWL-LG-PAWPPL,UK ILGTowel - Dog,0,0,0,0,0,0,0,0,0,0,0,0,0,,,,,,,,,,,,,,,,,,,,,,,,,0,0,0,0,0,0,0,0,0,0,0,0,,,,,,,,,,,,
DOGTWL-LG-PUPLAID,UK ILGTowel - Dog,0,0,0,0,0,0,0,0,0,0,0,0,0,,,,,,,,,,,,,,,,,,,,,,,,,0,0,0,0,0,0,0,0,0,0,0,0,,,,,,,,,,,,
DOGTWL-LG-RHUBARK,UK ILGTowel - Dog,0,0,0,0,0,0,0,0,0,0,0,0,0,,,,,,,,,,,,,,,,,,,,,,,,,0,0,0,0,0,0,0,0,0,0,0,0,,,,,,,,,,,,
DOGTWL-LG-SUNSPL,UK ILGTowel - Dog,0,0,0,0,0,0,0,0,0,0,0,0,0,,,,,,,,,,,,,,,,,,,,,,,,,1,2,2,0,0,0,0,0,0,0,0,0,,,,,,,,,,,,
DOGTWL-LG-WALK,UK ILGTowel - Dog,0,0,0,0,0,0,0,0,0,0,0,0,0,,,,,,,,,,,,,,,,,,,,,,,,,0,0,0,0,0,0,0,0,0,0,0,0,,,,,,,,,,,,
DOGTWL-LG-WHERWOOF,UK ILGTowel - Dog,0,0,0,0,0,0,0,0,0,0,0,0,0,,,,,,,,,,,,,,,,,,,,,,,,,0,0,0,0,0,0,0,0,0,0,0,0,,,,,,,,,,,,
DOGTWL-MD-BARKBLU,UK ILGTowel - Dog,0,0,0,0,0,0,0,0,0,0,0,0,0,,,,,,,,,,,,,,,,,,,,,,,,,0,0,0,0,0,0,0,0,0,0,0,0,,,,,,,,,,,,
DOGTWL-MD-K9CAMO,UK ILGTowel - Dog,0,0,0,0,0,0,0,0,0,0,0,0,0,,,,,,,,,,,,,,,,,,,,,,,,,1,5,0,0,0,0,0,0,0,0,0,0,,,,,,,,,,,,
DOGTWL-MD-PAWPPL,UK ILGTowel - Dog,0,0,0,0,0,0,0,0,0,0,0,0,0,,,,,,,,,,,,,,,,,,,,,,,,,0,0,0,0,0,0,0,0,0,0,0,0,,,,,,,,,,,,
DOGTWL-MD-PUPLAID,UK ILGTowel - Dog,12,17,22,17,20,16,33,336,170,29,31,28,30,,,,,,,,,,,,,,,,,,,,,,,,,2,2,5,2,7,2,2,1,27,11,4,6,,,,,,,,,,,,
DOGTWL-MD-RHUBARK,UK ILGTowel - Dog,0,0,0,0,0,0,0,0,0,0,0,0,0,,,,,,,,,,,,,,,,,,,,,,,,,0,0,0,0,0,0,0,0,0,0,0,0,,,,,,,,,,,,
DOGTWL-MD-SUNSPL,UK ILGTowel - Dog,0,0,0,0,0,0,0,0,0,0,0,0,0,,,,,,,,,,,,,,,,,,,,,,,,,0,0,0,0,0,0,0,0,0,0,0,0,,,,,,,,,,,,
DOGTWL-MD-WALK,UK ILGTowel - Dog,0,0,0,0,0,0,0,0,0,0,0,0,0,,,,,,,,,,,,,,,,,,,,,,,,,0,0,0,0,0,0,0,0,0,0,0,0,,,,,,,,,,,,
DOGTWL-MD-WHERWOOF,UK ILGTowel - Dog,0,0,0,0,0,0,0,0,0,0,0,0,0,,,,,,,,,,,,,,,,,,,,,,,,,0,0,0,0,0,0,0,0,0,0,0,0,,,,,,,,,,,,
DOGTWL-MD-WOOFWILD,UK ILGTowel - Dog,0,0,0,0,0,0,0,0,0,0,0,0,0,,,,,,,,,,,,,,,,,,,,,,,,,0,0,0,0,0,0,0,0,0,0,0,0,,,,,,,,,,,,
EYEMASK-DES-BOHMDRM,UK ILGEye Mask,3,0,0,0,42,76,150,150,38,38,6,2,12,,,,,,,,,,,,,16,16,136,403,342,332,326,300,300,288,49,300,,,,,,,,,,,,,0,0,0,44,13,23,4,4,1,17,8,239
EYEMASK-DES-CHKOUT,UK ILGEye Mask,12,10,0,0,1,12,25,19,8,9,10,12,31,,,,,,,,,,,,,,,,,,,,,,,,,0,0,0,0,0,0,0,0,0,0,0,0,0,0,0,44,28,23,6,4,1,6,8,12
EYEMASK-DES-CHRYBMB,UK ILGEye Mask,1,10,10,10,42,76,150,150,38,38,6,2,12,,,,,,,60,,,120,,240,-15,-99,-183,429,273,231,192,146,146,57,-28,22,0,0,0,0,0,0,0,0,0,0,0,0,75,0,0,42,13,23,6,4,1,30,8,77
EYEMASK-DES-FLIGHTS,,,,,,,,,,,,,,,,,,,,,,,,,,,,,,,,,,,,,,,0,0,0,0,0,0,0,0,0,0,0,0,,,,,,,,,,,,
EYEMASK-DES-NOTTDY,UK ILGEye Mask,8,7,0,0,8,1,40,10,4,2,4,4,12,,,,,,,,,,,,,129,82,129,266,322,315,266,253,243,240,224,213,0,0,0,0,0,0,0,0,0,0,0,0,0,0,0,39,6,9,3,6,1,12,7,156
EYEMASK-DES-OOO,UK ILGEye Mask,6,7,0,0,29,53,105,105,27,8,0,0,0,,,,,,,,,,,,,327,262,327,77,262,197,77,0,0,0,0,0,0,0,0,0,0,0,0,0,0,0,0,0,0,0,0,36,12,15,3,6,1,12,6,6
EYEMASK-DES-SEASOIR,UK ILGEye Mask,3,0,0,0,29,53,105,105,27,27,4,1,8,,,,,,,,,,,,,16,16,136,309,262,255,251,229,229,221,19,229,,,,,,,,,,,,,0,0,0,37,11,20,3,3,1,14,7,202
GIFT-BOX-BEAUTY-BOHMDRM,UK ILGGift Box,0,0,0,0,300,142,1000,500,100,100,26,12,50,,,,,,,,,,,,,0,"-1,746","-2,654","-2,838",18,-60,-13,-37,3,-47,-30,83,0,0,0,40,40,200,100,9,9,14,14,0,0,24,0,600,75,75,38,7,4,12,8,63
GIFT-BOX-BEAUTY-CHRYBMB,UK ILGGift Box,0,50,80,50,50,200,1000,800,100,100,41,42,50,,,,,,,,,40,360,,1760,-576,-900,-208,"2,301","1,363","1,247","1,137",990,990,877,487,67,40,40,40,40,40,200,100,9,9,14,14,0,300,300,0,300,105,171,38,7,1,6,30,63
GIFT-BOX-BEAUTY-SEASOIR,UK ILGGift Box,0,0,0,0,210,99,700,500,95,95,18,8,35,,,,,,,,,,,,,0,0,280,"-2,386",37,-30,-16,-40,0,-35,-58,80,0,0,0,40,40,200,100,7,7,11,11,0,0,0,0,600,75,75,38,7,4,12,8,63
GIFT-BOX-BEAUTY-TIGPALM,UK ILGGift Box,0,0,0,0,0,0,0,0,0,0,0,0,0,,,,,,,,,,,,,,,,,,,,,,,,,0,0,0,0,0,0,0,0,0,0,0,0,150,0,0,0,0,0,0,0,0,0,0,0
GIFT-BOX-BEAUTY-WTRSPRZ,UK ILGGift Box,0,0,0,0,300,142,700,500,136,136,26,12,50,,,,,,,,,,,,,0,"-1,434","-2,352","-2,572",8,-70,-23,-47,33,-17,-40,73,0,0,0,101,54,107,107,9,9,14,14,0,0,30,0,606,75,75,38,7,4,12,8,63
GIFT-BOX-HAIR-FRUU,UK ILGGift Box,1,300,191,0,0,0,0,0,0,0,0,0,0,,,,,,,,,,,,,,,,,,,,,,,,,0,0,0,0,0,0,0,0,0,0,0,0,0,0,0,300,75,75,12,7,4,12,6,0
GIFT-BOX-HOME-CACTMNTN,UK ILGGift Box Home,0,0,0,0,30,120,300,250,0,0,0,0,0,,300,,,,,,,,,,750,0,0,8,-732,-222,-297,3,3,3,3,3,3,,,,,,,,,,,,,0,0,0,10,30,90,75,0,0,0,0,0
GIFTWRAP-BOX,UK ILGGift Wrap,12,61,36,52,0,1,0,45,13,14,27,2,1,,,,,,,,,,,,,,,,,,,,,,,,,,,,,,,,,,,,,,,,,,,,,,,,
GIFTWRAP-BOX-LG,UK ILGGift Wrap,5,207,309,309,103,103,1030,515,0,0,0,0,0,,,,,,,,,836,,308,1760,"1,199","1,096",890,"-1,170",0,0,0,0,0,0,0,0,,,,,,,,,,,,,0,0,0,0,103,1030,515,0,0,0,0,0
GIFTWRAP-BOX-LG-MELLOW,UK ILGGift Wrap,0,0,0,0,0,0,0,0,0,0,0,0,0,,,,,,,,,,,,,0,0,0,"2,964","2,964","2,964","2,964","2,964","2,964","2,964","2,964","2,964",,,,,,,,,,,,,0,0,0,0,0,0,0,0,0,0,0,0
GIFTWRAP-BOX-MD,UK ILGGift Wrap,6,86,130,130,44,44,429,216,0,0,0,0,0,,,,,,,,,340,,140,700,"1,018",974,886,28,16,16,16,16,16,16,16,16,,,,,,,,,,,,,0,0,0,0,44,429,216,0,0,0,0,0
GIFTWRAP-BOX-MD-RSPROAD,UK ILGGift Wrap,0,0,0,0,0,0,0,0,0,0,0,0,0,,,,,,,,,,,,,0,0,0,"1,500","1,500","1,500","1,500","1,500","1,500","1,500","1,500","1,500",,,,,,,,,,,,,0,0,0,0,0,0,0,0,0,0,0,0
GIFTWRAP-BOX-SM,UK ILGGift Wrap,5,52,78,78,26,26,257,130,0,0,0,0,0,,,,,,,,,200,,50,500,340,314,262,-252,38,38,38,38,38,38,38,38,,,,,,,,,,,,,0,0,0,0,26,257,130,0,0,0,0,0
GIFTWRAP-BOX-SM-BLUSKY,UK ILGGift Wrap,0,0,0,0,0,0,0,0,0,0,0,0,0,,,,,,,,,,,,,0,0,0,"1,850","1,850","1,850","1,850","1,850","1,850","1,850","1,850","1,850",,,,,,,,,,,,,0,0,0,0,0,0,0,0,0,0,0,0
GIFTWRAP-CARD,UK ILGGift Wrap,12,66,57,52,42,23,35,58,22,25,35,5,4,,,,,,,,,,,,,"1,291","1,249","1,226","1,191","1,133","1,111","1,086","1,046","1,046","1,042",976,919,,,,,,,,,,,,,0,0,0,0,0,0,0,0,0,0,0,0
GIFTWRAP-RIBBON,UK ILGGift Wrap,12,0,0,0,0,0,0,0,0,0,0,0,0,,,,,,,,,,,,,21,21,21,21,21,21,21,21,21,21,21,21,,,,,,,,,,,,,,,,,,,,,,,,
HAIRW-CAB-LTBLU-NB,UK ILGHair Wrap,1,251,231,93,93,266,478,345,54,54,90,90,66,,,,,,,360,360,240,240,360,480,-825,-984,185,-260,"1,154","1,066",969,658,658,449,-359,-682,33,8,2,5,26,58,77,28,18,41,26,67,524,444,124,61,72,48,24,6,25,9,55,76
HAIRW-CAB-LTGRY-R,,,,,,,,,,,,,,,,,,,,,,,,,,,,,,,,,,,,,,,0,0,0,0,0,0,0,0,0,0,0,0,0,0,0,0,0,0,0,0,0,0,0,0
HAIRW-CAB-LTPINK-R,UK ILGHair Wrap,0,0,0,0,0,0,0,0,0,0,0,0,0,,,,,,,,,,,,,,,,,,,,,,,,,0,0,0,0,0,0,0,0,0,0,0,0,0,0,0,0,0,0,0,0,0,0,0,0
HAIRW-CAB-LTPNK-NB,UK ILGHair Wrap,1,263,557,629,765,633,977,2295,580,92,77,51,15,,,,,,,,,,,,,"-1,588","-2,472","-2,260","-2,996","-1,759","-2,655",-188,-744,825,592,350,36,116,102,146,81,140,277,500,274,85,85,48,49,930,526,394,38,102,215,462,42,56,80,215,622
HAIRW-CAB-LTPPL-NB,UK ILGHair Wrap,3,51,231,93,93,266,478,345,54,54,90,90,66,,,,,,,,,180,780,,960,379,-550,-53,-561,912,843,746,529,529,438,319,16,104,8,2,5,26,58,77,28,18,41,26,67,68,72,100,831,24,30,42,15,43,6,31,25
HAIRW-CAB-NAVY-NB,UK ILGHair Wrap,2,71,26,98,249,305,801,88,28,308,99,39,45,,420,,720,,180,60,420,,540,,1380,-107,-412,-191,"-1,048",-325,-387,-405,-704,16,-122,-191,-428,60,21,21,21,26,58,77,28,60,14,30,44,118,250,50,35,108,118,312,6,70,18,99,49
HAIRW-CBH-PINK-NB,UK ILGHair Wrap,0,0,0,0,0,0,0,0,0,0,0,0,0,,,,,,,,,,,,,,,,,,,,,,,,,,,,,,,,,,,,,0,0,0,0,0,0,0,0,0,0,0,0
HAIRW-CLA-NAVY,UK ILGHair Wrap,0,0,0,0,0,0,0,0,0,0,0,0,0,,,,,,,,,,,,,,,,,,,,,,,,,0,0,0,0,0,0,0,0,0,0,0,0,,,,,,,,,,,,
HAIRW-CLA-NAVY-NB,UK ILGHair Wrap,0,0,0,0,0,0,0,0,0,0,0,0,0,,,,,,,,,,,,,,,,,,,,,,,,,0,0,0,0,0,0,0,0,0,0,0,0,,,,,,,,,,,,
HAIRW-CLA-WHITE,UK ILGHair Wrap,0,0,0,0,0,0,0,0,0,0,0,0,0,,,,,,,,,,,,,,,,,,,,,,,,,0,0,0,0,0,0,0,0,0,0,0,0,,,,,,,,,,,,
HAIRW-HID-BLACK,,,,,,,,,,,,,,,,,,,,,,,,,,,,,,,,,,,,,,,0,0,0,0,0,0,0,0,0,0,0,0,,,,,,,,,,,,
HAIRW-SUE-BBGWLK,UK ILGHair Wrap,1,278,462,186,122,133,480,473,312,26,25,22,27,,,,,,,,,,,,,-686,-928,-664,507,"1,644","1,439",867,106,0,0,0,0,12,12,3,83,21,141,252,112,50,29,27,32,489,26,7,37,72,24,36,30,20,55,166,318
HAIRW-SUE-BLUSHBY,UK ILGHair Wrap,0,0,0,0,186,532,956,690,108,108,180,180,132,,,,,,,300,,720,,,2880,0,0,248,"-3,349","1,092",830,597,311,311,78,-251,-145,0,0,0,8,39,87,116,42,27,62,39,101,0,0,0,750,83,44,20,14,85,35,166,329
HAIRW-SUE-HBRLINE,UK ILGHair Wrap,0,0,0,0,130,372,669,483,76,76,126,126,92,,,,,,,300,,540,,,2160,0,0,248,"-2,434",791,599,430,187,187,15,-263,-99,0,0,0,6,31,70,92,34,22,49,31,80,0,0,0,649,70,37,17,12,72,30,141,278
HAIRW-SUE-HOTTROP,UK ILGHair Wrap,1,195,323,130,130,372,669,483,76,157,79,25,69,,,,,,,,,,,,,-418,"-1,097",-871,"-1,636",232,110,-122,-123,-123,238,94,57,10,10,2,6,31,70,92,34,10,24,0,0,12,22,6,543,70,37,17,12,65,41,12,7
HAIRW-SUE-IBZAGLW,UK ILGHair Wrap,0,278,462,186,109,0,0,0,0,0,0,0,0,,,,,,,,,,,,,-985,-867,140,134,230,170,134,122,108,100,68,48,12,12,3,30,0,0,0,0,0,0,0,0,14,26,7,32,60,36,12,14,8,32,20,14
HAIRW-SUE-JNGLBLM,UK ILGHair Wrap,0,0,0,0,93,266,478,345,54,54,90,90,66,,,,,,,,60,240,,,1500,0,0,248,"-1,580",954,808,681,461,461,328,75,-23,0,0,0,5,26,58,77,28,18,41,26,67,0,0,0,334,64,34,15,11,65,27,128,253
HAIRW-SUE-MIAMI,UK ILGHair Wrap,0,972,1544,104,66,276,564,223,0,0,0,0,0,,,,,,,,,,,,,"-4,735","-3,406",-808,127,"1,555","1,063",427,162,101,2,0,0,60,60,60,60,120,0,0,48,49,37,0,0,948,1486,14,12,96,72,42,13,50,27,128,792
HAIRW-SUE-OCETRES,UK ILGHair Wrap,0,278,462,186,186,532,956,690,108,108,117,90,131,,,,,,,,,,,,,"-1,800","-1,340",-528,"1,502",916,752,531,175,175,531,324,175,12,12,3,8,39,87,116,42,37,0,0,0,414,426,7,50,83,44,20,14,76,90,59,30
HAIRW-SUE-PALMPCH,UK ILGHair Wrap,0,0,0,0,186,532,956,690,108,108,180,180,132,,,,,,,300,,780,,,2820,0,0,248,"-3,355","1,086",824,591,305,305,72,-257,-151,0,0,0,8,39,87,116,42,27,62,39,101,0,0,0,756,83,44,20,14,85,35,166,329
HAIRW-SUE-PNKPARA,UK ILGHair Wrap,4,300,400,300,300,819,1008,416,103,27,180,111,132,,,,,,,,,,,,,850,-309,"-1,500",-850,"2,389","1,251",60,0,0,0,0,0,60,60,60,39,172,75,116,7,55,30,31,34,164,40,7,103,168,108,18,12,31,121,117,70
HAIRW-SUE-PSTPIER,UK ILGHair Wrap,0,195,323,130,210,274,848,0,0,0,0,0,0,,,,,,,,,,,,,-722,"-1,629","-1,294",-955,397,0,0,0,0,0,0,0,10,10,2,11,0,0,0,0,0,0,0,0,12,36,6,901,146,84,6,12,20,49,77,75
HAIRW-SUE-SQZDAY,,,,,,,,,,,,,,,,,,,,,,,,,,,-22,-18,42,48,48,48,48,48,48,48,48,48,10,10,2,6,0,0,0,0,0,0,0,0,,,,,,,,,,,,
HAIRW-SUE-SUNDAZE,UK ILGHair Wrap,0,0,0,0,130,372,669,483,76,76,126,126,92,,,,,,,240,,540,,,2160,0,0,308,"-2,374",851,659,490,247,247,75,-203,-99,0,0,0,6,31,70,92,34,22,49,31,80,0,0,0,649,70,37,17,12,72,30,141,278
HAIRW-SUE-SURFCHK,UK ILGHair Wrap,2,195,323,130,44,58,222,298,260,20,21,16,20,,,,,,,,,,,,,-120,-713,-467,-1,611,493,239,0,0,0,0,0,10,10,2,2,5,49,203,76,27,25,7,9,12,22,6,547,60,24,12,30,32,59,39,27
HAIRW-SUE-WYWH,UK ILGHair Wrap,1,278,462,186,186,532,956,690,108,71,47,29,42,,,,,,,,,,,,,-595,"-1,333",-619,"-1,706",288,124,8,-155,25,188,84,25,12,12,3,8,39,87,116,42,2,23,10,22,14,26,7,544,83,44,20,14,43,34,20,6
HAIRW-SUM-RAINB,UK ILGHair Wrap,0,0,0,0,0,0,0,0,0,0,0,0,0,,,,,,,,,,,,,,,,,,,,,,,,,0,0,0,0,0,0,0,0,0,0,0,0,,,,,,,,,,,,
HAIRW-SUM-UNICN-NB,UK ILGHair Wrap,0,224,858,248,488,563,1224,618,44,540,129,85,96,,,420,60,360,,1560,660,1260,60,1680,,"-2,867","-3,229","-1,691","-2,702",357,273,-400,-428,-368,-222,"-1,542","-2,168",27,27,27,27,27,58,77,28,32,56,34,72,1069,1301,91,162,66,87,24,12,101,16,128,46
HAIRW-WAF-BOHMDRM,UK ILGHair Wrap,0,0,0,0,300,442,796,574,90,90,90,90,66,,,,,,,120,180,420,,,2520,0,0,248,"-2,870",639,500,377,200,200,83,-87,-281,0,0,0,14,33,74,98,36,23,32,20,51,0,0,0,589,72,38,17,13,72,18,87,170
HAIRW-WAF-CHRYBMB,UK ILGHair Wrap,4,"1,000",1000,1000,500,2500,2000,600,600,500,500,500,66,,240,360,480,360,1200,480,1800,360,4200,,3480,382,"-2,380","-3,594",870,617,-236,-583,-800,-834,"-1,560","-1,655","-2,245",60,60,60,60,120,240,180,60,60,60,60,60,26,235,10,1131,142,54,36,13,293,27,17,388
HAIRW-WAF-DRMCTCH,,,,,,,,,,,,,,,,,,,,,,,,,,,,,,,,,,,,,,,2,0,0,1,0,2,0,0,0,0,0,0,,,,,,,,,,,,
HAIRW-WAF-SEASOIR,UK ILGHair Wrap,0,0,0,0,210,309,557,402,63,63,63,63,46,,,,,,,120,120,300,,,2160,0,0,248,"-2,334",493,391,301,151,151,64,-80,-181,0,0,0,11,26,59,78,29,18,25,16,41,0,0,0,777,61,32,14,11,61,15,74,144
HAIRW-WAF-TIGPALM,UK ILGHair Wrap,0,450,750,300,393,268,0,0,0,0,0,0,0,,,,,,,,,,,,,"-1,272","-1,540",-178,-336,348,0,0,0,0,0,0,0,23,23,5,6,40,164,0,14,1,6,31,31,26,47,10,6,124,54,36,13,2,18,54,24
HAIRW-WAF-WTRSPRZ,UK ILGHair Wrap,0,0,0,0,210,309,557,402,63,63,63,63,46,,,,,,,120,60,420,,,2160,0,0,248,"-2,440",507,405,315,165,165,78,-66,-167,0,0,0,11,26,59,78,29,18,25,16,41,0,0,0,883,61,32,14,11,61,15,74,144
MAKUP-HOM-3PAK-FBA,,,,,,,,,,,,,,,,,,,,,,,,,,,,,,,,,,,,,,,0,0,0,0,0,0,0,0,0,0,0,0,,,,,,,,,,,,
MAKUP-STD-LTPNK,UK ILGMakeup Remover,0,0,0,0,0,0,0,0,0,0,0,0,0,,,,,,,,,,,,,,,,,,,,,,,,,0,0,0,0,0,0,0,0,0,0,0,0,0,0,0,0,0,0,0,0,0,0,0,0
MAKUP-STD-NAVY,UK ILGMakeup Remover,0,0,0,0,0,0,0,0,0,0,0,0,0,,,,,,,,,,,,,,,,,,,,,,,,,0,0,0,0,0,0,0,0,0,0,0,0,0,0,0,0,0,0,0,0,0,0,0,0
PICNIC-CAB-LG-NAVY,UK ILGPicnic Blanket,5,50,53,82,14,4,34,28,5,3,17,37,37,,16,80,80,144,48,288,,128,,96,,55,31,22,69,52,27,-10,-88,-153,-212,-190,-333,45,51,41,5,2,2,3,8,20,16,41,64,44,18,68,25,18,18,18,4,2,4,16,44
PICNIC-CAB-XL-NAVY,UK ILGPicnic Blanket,2,115,236,164,42,14,24,16,3,7,14,53,150,,60,60,192,60,480,,420,,96,,72,-166,-199,-45,-6,5,-7,-50,-110,-247,-246,-538,-353,60,100,71,6,3,18,13,6,4,13,59,29,16,16,60,16,16,16,16,16,1,16,8,18
PICNIC-DES-LG-APPLTRT,UK ILGPicnic Blanket,1,88,52,12,4,0,0,0,0,2,19,76,27,,,,,,,,,,,,,-136,-136,-40,-8,1,24,24,-179,193,164,121,13,17,17,6,2,0,0,0,23,23,23,0,0,13,8,34,3,0,0,0,0,4,1,32,20
PICNIC-DES-LG-BANARAM,UK ILGPicnic Blanket,0,0,0,0,0,0,0,0,0,0,0,0,0,,,,,,,,,,,,,,,,,,,,,,,,,0,0,0,0,0,0,0,0,0,0,0,0,,,,,,,,,,,,
PICNIC-DES-LG-BRGTSIDE,UK ILGPicnic Blanket,0,88,52,12,4,0,0,0,0,0,49,169,75,,,,,,,,,,,,,-313,-157,-49,255,667,703,703,415,667,662,604,415,30,36,6,2,0,0,0,36,0,0,0,0,38,8,34,3,0,0,0,0,5,9,20,4
PICNIC-DES-LG-CANDSTR,UK ILGPicnic Blanket,6,110,206,3,18,6,6,4,3,5,13,55,73,,,,,,,,,,,,,40,48,31,14,87,80,63,46,36,21,0,0,20,40,2,2,1,11,13,3,5,8,32,27,23,45,60,2,0,0,0,4,5,4,32,28
PICNIC-DES-LG-GRCSHR,UK ILGPicnic Blanket,0,62,36,8,3,0,0,0,0,0,0,0,0,,,,,,,,,,,,,-303,-104,19,51,179,179,179,179,179,179,179,163,13,13,5,1,0,0,0,0,0,0,0,0,126,7,29,2,0,0,0,0,0,0,16,4
PICNIC-DES-LG-MARGMAD,UK ILGPicnic Blanket,0,0,0,0,0,0,0,0,0,0,0,0,0,,,,,,,,,,,,,,,,,,,,,,,,,0,0,0,0,0,0,0,0,0,0,0,0,,,,,,,,,,,,
PICNIC-DES-LG-SORBET,UK ILGPicnic Blanket,2,88,52,12,4,0,0,0,0,0,0,0,0,,,,,,,,,,,,,-56,-53,43,75,155,155,155,155,155,155,127,127,17,17,6,2,0,0,0,0,0,0,0,0,13,8,34,3,0,0,0,0,0,28,0,64
PICNIC-DES-LG-SPRCLUB,UK ILGPicnic Blanket,0,62,36,8,3,0,0,0,0,0,11,44,12,,,,,,,,,,,,,-211,-120,3,35,99,99,99,99,99,99,78,10,13,13,5,17,0,0,0,0,0,0,0,0,16,7,29,2,0,0,0,0,0,10,24,31
PICNIC-DES-LG-STRIPLIFE,UK ILGPicnic Blanket,10,209,42,6,6,4,12,17,3,4,15,65,128,,,,,,,,,,,,,178,155,134,140,193,185,173,140,133,129,107,0,20,38,2,15,15,9,10,2,4,14,31,30,79,6,60,25,4,0,16,4,0,0,16,52
PICNIC-DES-XL-APPLTRT,UK ILGPicnic Blanket,1,130,78,18,6,0,0,0,0,0,35,101,96,,,,,,,,,,,,,-131,-131,1,49,59,85,85,-139,203,177,138,5,24,24,9,3,0,0,0,26,26,3,32,42,20,12,51,4,0,0,0,0,0,1,0,0
PICNIC-DES-XL-BANARAM,UK ILGPicnic Blanket,0,0,0,0,0,0,0,0,0,0,0,0,0,,,,,,,,,,,,,,,,,,,,,,,,,0,0,0,0,0,0,0,0,0,0,0,0,,,,,,,,,,,,
PICNIC-DES-XL-BRGTSIDE,UK ILGPicnic Blanket,0,260,78,18,6,0,0,0,0,1,76,4,0,,,,,,,,,,,,,-660,-205,-79,772,"1,191","1,216","1,216","1,101","1,191","1,190","1,105","1,101",24,24,9,3,0,0,0,25,0,0,0,0,170,12,51,4,0,0,0,0,0,9,0,75
PICNIC-DES-XL-CANDSTR,UK ILGPicnic Blanket,10,296,39,10,10,16,25,20,3,3,21,68,214,,,,,,,,,,,,,226,209,179,178,239,223,198,178,175,171,147,21,38,16,3,10,1,13,10,5,2,13,54,56,60,60,162,3,0,0,0,0,1,2,4,40
PICNIC-DES-XL-GRCSHR,UK ILGPicnic Blanket,0,91,55,13,4,0,0,0,0,1,22,65,0,,,,,,,,,,,,,-404,-186,-47,1,97,97,97,97,97,96,70,5,19,19,7,32,0,0,0,0,0,0,0,0,107,10,43,3,0,0,0,0,0,4,0,0
PICNIC-DES-XL-MARGMAD,UK ILGPicnic Blanket,0,0,0,0,0,0,0,0,0,0,0,0,0,,,,,,,,,,,,,,,,,,,,,,,,,0,0,0,0,0,0,0,0,0,0,0,0,,,,,,,,,,,,
PICNIC-DES-XL-SORBET,UK ILGPicnic Blanket,12,130,78,18,6,0,0,0,0,0,0,0,0,,,,,,,,,,,,,55,55,187,235,271,271,271,271,271,270,264,256,24,24,9,3,0,0,0,0,0,0,0,0,20,12,51,4,0,0,0,0,1,6,8,0
PICNIC-DES-XL-SPRCLUB,UK ILGPicnic Blanket,0,91,55,13,4,0,0,0,0,1,26,38,0,,,,,,,,,,,,,-301,-175,-35,13,85,85,85,85,85,84,54,12,19,19,7,21,0,0,0,0,0,0,0,0,17,10,43,3,0,0,0,0,0,4,4,0
PICNIC-DES-XL-STRIPLIFE,UK ILGPicnic Blanket,1,215,150,100,0,0,0,0,0,0,0,0,0,,,,,,,,,,,,,-503,-518,-385,-4,0,0,0,0,0,0,0,0,32,2,6,7,15,12,15,2,1,7,30,49,10,9,241,4,0,0,0,0,0,0,8,0
PICNIC-GIN-LG-BLUE,UK ILGPicnic Blanket,0,0,0,0,0,0,0,0,0,0,0,0,0,,,,,,,,,,,,,,,,,,,,,,,,,0,0,0,0,0,0,0,0,0,0,0,0,,,,,,,,,,,,
PICNIC-SGW-LG-GETWAV,UK ILGPicnic Blanket,0,0,0,0,0,0,0,0,0,0,0,0,0,,,,,,,,,,,,,,,,,,,,,,,,,0,0,0,0,0,0,0,0,0,0,0,0,0,0,0,0,0,0,0,0,0,0,0,0
PICNIC-SUM-LG-SANDSEA,UK ILGPicnic Blanket,0,0,0,0,0,0,0,0,0,0,0,0,0,,,,,,,,,,,,,,,,,,,,,,,,,0,0,0,0,0,2,0,0,0,0,0,0,,,,,,,,,,,,
PICNIC-SUM-LG-UNICN,UK ILGPicnic Blanket,12,27,26,6,2,0,0,0,0,0,0,0,0,,,,,,,,,,,,,743,705,672,634,630,629,591,553,630,629,591,553,24,30,4,1,0,0,0,0,0,0,0,0,60,60,8,38,38,38,38,4,1,38,38,38
PICNIC-SUM-XL-SANDSEA,UK ILGPicnic Blanket,0,0,0,0,0,0,0,0,0,0,0,0,0,,,,,,,,,,,,,,,,,,,,,,,,,0,0,0,0,0,0,0,0,0,0,0,0,,,,,,,,,,,,
PICNIC-SUM-XL-UNICN,UK ILGPicnic Blanket,0,85,117,100,25,25,25,37,37,3,7,44,88,,,,,,,,,,,,,-587,-577,-267,-287,-115,-161,-211,-82,101,55,5,0,60,30,43,24,24,2,24,24,0,0,0,0,60,60,43,43,43,43,43,43,43,43,43,43
PONCHA-CAB-LG-BLUE-NS,UK ILGPoncho - Adults,12,21,21,21,5,0,0,0,0,0,0,0,0,,,,,,,20,,20,,,20,125,121,117,153,149,148,144,140,131,75,24,-15,19,23,8,1,0,0,0,0,0,0,0,0,16,7,10,4,4,4,4,4,1,4,4,9
PONCHA-CAB-LG-BLUE-R,UK ILGPoncho - Adults,0,0,0,0,0,0,0,0,0,0,0,0,0,,,,,,,,,,,,,,,,,,,,,,,,,0,0,0,0,0,0,0,0,0,0,0,0,0,0,0,0,0,0,0,0,0,0,0,0
PONCHA-CAB-LG-LTPNK,UK ILGPoncho - Adults,12,20,27,28,8,6,91,56,33,5,10,26,1,,,,,,,,,,,,,,,,,,,,,,,,,20,22,18,11,6,23,6,14,4,6,14,23,2,3,3,3,3,3,6,3,1,3,2,3
PONCHA-CAB-LG-LTPNK-NS,UK ILGPoncho - Adults,3,21,8,4,3,1,3,5,5,1,3,9,15,,,,,,,,,,,,,8,1,6,37,167,160,151,136,167,160,151,136,19,23,8,2,2,2,2,2,2,2,2,2,109,3,10,4,4,4,4,4,4,4,4,4
PONCHA-CAB-LG-NAVY-NS,UK ILGPoncho - Adults,8,20,42,42,10,0,0,0,0,0,0,0,0,,,,,,,,,,,,,98,82,81,105,189,157,221,205,189,157,147,135,29,35,12,2,0,0,0,0,0,0,0,0,29,11,10,16,16,6,16,16,32,10,12,17
PONCHA-CAB-MD-BLUE-NS,UK ILGPoncho - Adults,12,4,15,8,7,7,7,7,7,7,1,9,14,,,,,,20,,40,,40,,20,148,133,118,123,108,93,84,67,45,22,-15,-16,13,16,6,2,2,2,2,2,2,2,2,2,6,6,7,6,6,6,6,6,6,6,6,6
PONCHA-CAB-MD-BLUE-R,UK ILGPoncho - Adults,12,7,31,41,12,3,70,40,29,6,5,1,11,,,,,,,,,,,,,,,,,,,,,,,,,7,19,7,2,6,10,2,6,6,2,3,4,,,,,,,,,,,,
PONCHA-CAB-MD-LTPNK,UK ILGPoncho - Adults,12,17,0,0,0,0,0,0,0,0,0,0,0,,,,,,,,,,,,,,,,,,,,,,,,,23,0,0,0,0,0,0,0,0,0,0,0,,,,,,,,,,,,
PONCHA-CAB-MD-LTPNK-NS,UK ILGPoncho - Adults,11,15,6,13,4,1,9,9,1,9,3,11,30,,,,,,,,,,,,,82,85,73,81,77,65,60,47,77,65,60,47,13,16,6,2,2,2,2,2,2,1,1,3,11,1,7,1,1,1,1,1,1,1,1,1
PONCHA-CAB-MD-NAVY,UK ILGPoncho - Adults,12,18,27,32,11,9,53,25,3,5,7,5,5,,,,,,,,,,,,,,,,,,,,,,,,,8,6,8,1,6,13,3,2,1,4,6,16,,,,,,,,,,,,
PONCHA-CAB-MD-NAVY-NS,UK ILGPoncho - Adults,8,30,30,2,6,5,5,5,5,5,1,4,14,,,,,,,,,,,,,92,74,163,145,127,109,163,145,127,109,72,58,20,24,9,2,0,0,0,0,0,0,0,0,10,13,10,13,13,6,13,13,13,36,10,8
PONCHA-CAB-SM-BLUE-R,UK ILGPoncho - Adults,12,13,28,16,6,3,26,10,15,2,2,12,12,,,,,,,,,,,,,,,,,,,,,,,,,3,6,6,2,4,7,2,1,4,4,1,9,0,0,0,0,0,0,0,0,0,0,0,0
PONCHA-CAB-SM-LTPNK,UK ILGPoncho - Adults,12,15,0,0,0,0,0,0,0,0,0,0,0,,,,,,,,,,,,,,,,,,,,,,,,,11,0,0,0,0,0,0,0,0,0,0,0,,,,,,,,,,,,
PONCHA-CAB-SM-NAVY,UK ILGPoncho - Adults,12,7,0,0,0,0,0,0,0,0,0,0,0,,,,,,,,,,,,,,,,,,,,,,,,,5,0,0,0,0,0,0,0,0,0,0,0,,,,,,,,,,,,
PONCHA-CAB-XL-LTPNK,UK ILGPoncho - Adults,11,50,50,30,1,14,11,7,14,3,12,7,17,,,,,,,,,,,,,93,78,66,78,83,79,66,58,83,79,66,58,0,0,0,0,0,0,0,0,0,0,0,0,36,1,1,1,1,1,1,1,1,1,1,1
PONCHA-CAB-XL-NAVY,UK ILGPoncho - Adults,2,70,50,50,24,24,5,24,24,12,17,38,53,,100,,100,,140,,80,,40,,40,-55,-83,-12,-40,-68,-81,-94,-33,-95,-69,-123,-37,0,0,0,0,0,0,0,0,0,0,0,0,4,4,4,4,4,4,4,4,4,5,1,9
PONCHA-CLA-LG-NAVY-NS,UK ILGPoncho - Adults,3,63,93,66,45,27,28,45,45,1,0,0,0,,,,,,,,,,,,,-46,-81,-20,-53,-86,-91,20,0,0,0,0,0,19,23,8,7,7,7,7,7,3,2,8,15,1,7,10,1,1,1,1,1,1,1,1,1
PONCHA-CLA-MD-BLACK,UK ILGPoncho - Adults,0,0,0,0,0,0,0,0,0,0,0,0,0,,,,,,,,,,,,,,,,,,,,,,,,,0,0,0,0,0,0,0,0,0,0,0,0,0,0,0,0,0,0,0,0,0,0,0,0
PONCHA-CLA-MD-NAVY,UK ILGPoncho - Adults,0,4,0,0,0,0,0,0,0,0,0,0,0,,,,,,,,,,,,,,,,,,,,,,,,,0,0,0,0,0,0,0,0,0,0,0,0,,,,,,,,,,,,
PONCHA-CLA-MD-NAVY-NS,UK ILGPoncho - Adults,7,16,18,24,12,4,13,14,14,14,14,5,13,,,,,,,,,,,,,57,50,49,33,16,-1,49,33,16,0,0,0,13,4,6,3,3,3,3,3,3,3,3,4,11,5,7,0,0,0,0,0,0,0,0,0
PONCHA-CLA-SM-BLACK,UK ILGPoncho - Adults,12,12,0,0,0,0,0,0,0,0,0,0,0,,,,,,,,,,,,,,,,,,,,,,,,,4,0,0,0,0,0,0,0,0,0,0,0,,,,,,,,,,,,
PONCHA-CLA-SM-NAVY,UK ILGPoncho - Adults,0,14,0,0,0,0,0,0,0,0,0,0,0,,,,,,,,,,,,,,,,,,,,,,,,,7,10,4,5,1,2,4,1,0,0,0,0,,,,,,,,,,,,
PONCHA-DES-LG-CHECKMT,UK ILGPoncho - Adults,0,0,0,0,0,0,0,0,0,0,0,0,0,,,,,,,,,,,,,,,,,,,,,,,,,0,0,0,0,0,0,0,0,0,0,0,0,,,,,,,,,,,,
PONCHA-DES-LG-FRUTLPS,UK ILGPoncho - Adults,0,0,0,0,0,0,0,0,0,0,0,0,0,,,,,,,,,,,,,,,,,,,,,,,,,0,0,0,1,0,0,0,0,0,0,0,0,,,,,,,,,,,,
PONCHA-DES-LG-GROOVCH,UK ILGPoncho - Adults,0,0,0,0,0,0,0,0,0,0,0,0,0,,,,,,,,,,,,,,,,,,,,,,,,,0,0,0,0,0,0,0,0,0,0,0,0,,,,,,,,,,,,
PONCHA-DES-LG-IBZAGLW,UK ILGPoncho - Adults,12,42,42,42,10,0,0,0,0,5,14,17,28,,,,,,,,,,,,,136,136,139,197,195,188,199,197,195,188,161,143,29,35,12,2,0,2,2,2,2,1,1,5,21,9,13,0,0,0,0,0,0,12,0,0
PONCHA-DES-LG-PALMBCH,UK ILGPoncho - Adults,0,0,0,0,0,0,0,0,0,0,0,0,0,,,,,,,,,,,,,,,,,,,,,,,,,0,0,0,0,0,0,0,0,0,0,0,0,0,0,0,0,0,0,0,0,0,0,0,0
PONCHA-DES-LG-WAVYBBY,UK ILGPoncho - Adults,9,42,42,42,10,0,0,0,0,7,28,32,43,,,,,,,,,,,,,82,82,79,91,123,108,139,131,123,108,75,37,29,35,12,2,0,8,8,8,8,5,4,14,21,9,13,0,0,0,0,0,0,0,2,0
PONCHA-DES-LG-WTRSUG,UK ILGPoncho - Adults,12,29,29,29,7,0,0,0,0,2,8,18,18,,,,,,,,,,,,,128,129,140,140,140,138,140,140,140,138,130,111,23,28,10,1,0,2,2,2,2,2,2,3,18,8,11,0,0,0,0,0,0,0,1,0
PONCHA-DES-MD-CHECKMT,UK ILGPoncho - Adults,0,0,0,0,0,0,0,0,0,0,0,0,0,,,,,,,,,,,,,,,,,,,,,,,,,0,0,0,0,0,0,0,0,0,0,0,0,,,,,,,,,,,,
PONCHA-DES-MD-FRUTLPS,UK ILGPoncho - Adults,0,0,0,0,0,0,0,0,0,0,0,0,0,,,,,,,,,,,,,,,,,,,,,,,,,0,0,0,0,0,0,0,0,0,0,0,0,,,,,,,,,,,,
PONCHA-DES-MD-GROOVCH,UK ILGPoncho - Adults,0,0,0,0,0,0,0,0,0,0,0,0,0,,,,,,,,,,,,,,,,,,,,,,,,,0,0,0,0,0,0,0,0,0,0,0,0,,,,,,,,,,,,
PONCHA-DES-MD-IBZAGLW,UK ILGPoncho - Adults,3,30,30,30,6,0,0,0,0,1,12,21,33,,,,,,,,,,,,,11,11,22,61,58,56,62,61,58,56,31,7,20,24,9,2,0,3,3,3,1,1,3,8,14,7,9,0,0,0,0,0,0,12,0,0
PONCHA-DES-MD-PALMBCH,UK ILGPoncho - Adults,0,0,0,0,0,0,0,0,0,0,0,0,0,,,,,,,,,,,,,,,,,,,,,,,,,0,0,0,0,0,0,0,0,0,0,0,0,,,,,,,,,,,,
PONCHA-DES-MD-WAVYBBY,UK ILGPoncho - Adults,8,30,30,30,6,0,0,0,0,8,19,28,43,,,,,,,,,,,,,18,18,29,68,65,56,69,68,65,56,36,0,20,24,9,2,0,3,3,3,1,1,4,4,14,7,9,0,0,0,0,0,0,0,7,0
PONCHA-DES-MD-WTRSUG,UK ILGPoncho - Adults,9,21,21,21,4,0,0,0,0,1,13,18,23,,,,,,,,,,,,,17,18,17,15,13,11,17,15,13,11,0,0,16,19,7,1,0,2,2,2,1,3,1,4,12,6,8,0,0,0,0,0,0,0,1,6
PONCHA-FST-SM-GRY-R,UK ILGPoncho - Adults,7,17,22,16,8,0,16,17,46,0,0,0,0,,,,,,,,,,,,,,,,,,,,,,,,,,,,,,,,,,,,,,,,,,,,,,,,
PONCHA-MAR-LG-PINK,UK ILGPoncho - Adults,0,0,0,0,0,0,0,0,0,0,0,0,0,,,,,,,,,,,,,,,,,,,,,,,,,0,0,0,0,0,0,0,0,0,0,0,0,,,,,,,,,,,,
PONCHA-MAR-MD-PINK,UK ILGPoncho - Adults,0,0,0,0,0,0,0,0,0,0,0,0,0,,,,,,,,,,,,,,,,,,,,,,,,,0,0,0,0,0,0,0,0,0,0,0,0,,,,,,,,,,,,
PONCHA-SUM-LG-CSTCANDY,UK ILGPoncho - Adults,12,89,100,29,25,14,25,22,9,17,25,16,41,,,,,80,100,60,60,20,80,,80,341,318,283,278,269,251,201,173,103,-72,-176,-144,71,64,26,4,3,10,17,6,8,12,10,20,15,20,13,0,6,0,0,0,1,19,2,9
PONCHA-SUM-LG-LAZRIV,UK ILGPoncho - Adults,12,27,43,28,13,10,29,24,7,10,20,12,24,,,,,,,,,,,,,224,205,166,165,158,147,189,165,158,147,109,94,42,64,14,4,9,10,11,7,1,5,3,10,1,11,6,0,0,0,0,0,1,18,3,0
PONCHA-SUM-LG-PCHSUN,UK ILGPoncho - Adults,0,0,0,0,0,0,0,0,0,0,0,0,0,,,,,,,,,,,,,,,,,,,,,,,,,0,0,0,0,0,0,0,0,0,0,0,0,,,,,,,,,,,,
PONCHA-SUM-LG-UNICN,UK ILGPoncho - Adults,0,3,0,0,0,0,0,0,0,0,0,0,0,,,,,,,,,,,,,,,,,,,,,,,,,0,0,0,2,0,0,0,1,0,0,0,0,4,0,0,0,0,0,0,0,0,0,0,0
PONCHA-SUM-LG-UNICN-NS,UK ILGPoncho - Adults,12,21,21,2,1,6,10,13,6,1,3,7,12,,,,,,,,,,,,,201,188,171,151,138,135,171,151,138,135,124,110,19,23,1,1,1,1,1,1,1,2,1,1,16,7,10,6,6,6,6,6,1,6,6,6
PONCHA-SUM-MD-CSTCANDY,UK ILGPoncho - Adults,5,85,100,34,25,18,33,21,6,12,25,22,43,,120,,100,20,280,,100,,80,,60,57,25,-29,-42,-16,-39,-102,-13,-84,-118,-289,-63,34,71,8,2,8,15,24,8,10,12,5,10,15,20,12,0,6,6,0,0,1,26,4,18
PONCHA-SUM-MD-LAZRIV,UK ILGPoncho - Adults,1,19,36,14,13,5,12,14,5,10,5,7,18,,,,,,,,,,,,,-36,-49,-32,-41,-31,-42,0,0,0,0,0,0,28,56,10,1,3,6,6,3,5,6,6,5,3,1,6,5,5,5,5,5,1,12,3,6
PONCHA-SUM-MD-UNICN,UK ILGPoncho - Adults,12,16,0,0,0,0,0,0,0,0,0,0,0,,,,,,,,,,,,,,,,,,,,,,,,,19,0,0,0,0,0,0,0,0,0,0,0,,,,,,,,,,,,
PONCHA-SUM-MD-UNICN-NS,UK ILGPoncho - Adults,10,15,13,4,2,1,3,7,7,7,5,10,15,,,,,,,,,,,,,146,131,114,113,92,71,134,113,92,71,52,29,13,16,6,2,2,2,2,2,2,2,1,2,10,6,21,12,12,12,12,12,12,12,12,12
PONCHA-SUM-SM-UNICN,UK ILGPoncho - Adults,12,14,15,14,4,4,28,10,10,2,2,9,1,,,,,,,,,,,,,,,,,,,,,,,,,5,12,10,4,3,14,8,6,3,5,5,8,4,12,8,8,8,8,8,8,8,8,8,8
PONCHA-SUM-XL-UNICN,UK ILGPoncho - Adults,12,70,50,50,0,0,0,0,0,0,0,0,0,,,,,,,,,,,,,111,107,123,119,115,111,123,119,115,111,107,103,0,0,0,0,0,0,0,0,0,0,0,0,4,4,4,4,4,4,4,4,4,4,4,4
PONCHK-CAB-MD-BLUE-NS,UK ILGPoncho - Kids,4,65,164,164,59,11,377,77,4,22,21,19,39,,,30,,120,60,240,,150,240,,240,14,-7,72,18,67,44,15,-11,-27,-100,-171,-288,6,4,7,3,3,3,3,4,1,3,3,4,2,23,6,7,7,7,7,7,1,7,4,3
PONCHK-CAB-MD-LTPNK-NS,UK ILGPoncho - Kids,9,3,27,16,2,0,0,0,0,0,0,0,0,,,,,,,,,,,,,54,45,306,327,318,317,305,285,318,317,305,285,2,4,7,1,0,0,0,0,0,0,0,0,3,10,9,9,9,9,9,9,1,12,20,6
PONCHK-CAB-MD-NAVY-NS,UK ILGPoncho - Kids,7,45,3,1,26,20,60,47,43,22,17,35,52,,,,,,,,,,,,,272,229,176,147,122,93,236,177,122,93,43,0,11,11,11,11,11,11,11,11,6,13,6,18,5,9,12,6,12,12,12,12,7,33,20,7
PONCHK-CAB-SM-BLUE-NS,UK ILGPoncho - Kids,12,23,28,32,11,5,92,45,11,2,7,16,17,,,,,,,,,,,,,524,513,475,484,467,464,451,431,412,369,316,249,13,9,16,1,0,0,0,0,0,0,0,0,7,16,19,6,6,6,6,6,1,6,4,2
PONCHK-CAB-SM-LTPNK-NS,UK ILGPoncho - Kids,12,19,61,36,4,0,0,0,0,0,0,0,0,,,,,,,,,,,,,421,412,403,454,445,444,433,407,445,444,433,407,13,9,16,1,0,0,0,0,0,0,0,0,33,7,6,6,9,9,9,9,1,11,26,9
PONCHK-CAB-SM-NAVY-NS,UK ILGPoncho - Kids,12,15,32,22,17,7,12,8,5,5,7,8,13,,,,,,,,,,,,,239,218,252,260,241,227,282,260,241,227,206,170,13,9,16,2,2,2,2,2,2,3,2,1,34,7,19,12,12,12,12,12,7,11,26,12
PONCHK-CAB-XS-LTPNK,UK ILGPoncho - Kids,0,32,52,71,24,8,127,53,0,0,0,0,0,,,,,,,,,,,,,-192,-189,-276,-247,-222,-212,-59,1,1,1,1,1,47,16,14,4,2,26,3,3,0,0,0,0,,,,,,,,,,,,
PONCHK-CAB-XS-NAVY,UK ILGPoncho - Kids,1,10,31,0,0,0,0,0,0,0,0,0,0,,,,,,,,,,,,,,,,,,,,,,,,,19,24,14,0,0,0,0,0,1,0,0,0,,,,,,,,,,,,
PONCHK-KID-MD-BUBDRM,UK ILGPoncho - Kids,0,0,0,0,0,0,0,0,0,0,0,0,0,,,,,,,,,,,,,,,,,,,,,,,,,1,0,0,0,0,0,2,0,1,0,0,0,,,,,,,,,,,,
PONCHK-KID-MD-CAMOCUBE,UK ILGPoncho - Kids,0,0,0,0,0,0,0,0,0,0,0,0,0,,,,,,,,,,,,,,,,,,,,,,,,,0,4,0,1,0,0,0,0,0,0,0,0,,,,,,,,,,,,
PONCHK-KID-MD-CHECKOUT,UK ILGPoncho - Kids,1,35,38,22,3,0,0,0,0,3,11,20,24,,,,,,,,,,,,,-68,-71,35,35,35,35,35,35,33,26,0,0,7,5,8,4,4,4,4,4,4,4,4,3,7,3,9,0,0,0,0,0,0,18,6,6
PONCHK-KID-MD-GVCLUB,UK ILGPoncho - Kids,1,50,54,32,4,0,0,0,0,5,21,24,42,,,,,,,,,,,,,-117,-124,19,42,93,86,79,72,65,53,0,0,9,6,11,7,7,7,7,7,7,7,0,0,8,4,10,0,0,0,0,0,0,26,0,0
PONCHK-KID-MD-INTOWILD,UK ILGPoncho - Kids,0,35,38,22,0,0,0,0,0,0,0,0,0,,,,,,,,,,,,,-135,-86,17,17,17,17,17,17,17,17,3,0,7,5,8,1,0,0,0,0,0,0,0,0,7,3,9,0,0,0,0,0,0,14,12,12
PONCHK-KID-MD-JELLY,UK ILGPoncho - Kids,0,35,38,22,3,0,0,0,0,0,0,0,0,,,,,,,,,,,,,-232,-134,30,60,120,120,120,120,120,120,105,93,7,5,8,1,0,0,0,0,0,0,0,0,57,48,9,0,0,0,0,0,0,15,12,0
PONCHK-KID-MD-KARMCHAM,UK ILGPoncho - Kids,0,0,0,0,0,0,0,0,0,0,0,0,0,,,,,,,,,,,,,,,,,,,,,,,,,3,0,1,0,0,0,0,0,0,0,0,0,,,,,,,,,,,,
PONCHK-KID-MD-SKATER,UK ILGPoncho - Kids,1,50,54,32,4,0,0,0,0,7,32,42,71,,,,,,,,,,,,,-80,-86,28,52,100,94,88,82,76,63,27,0,9,6,11,6,6,6,6,6,6,4,8,6,8,4,10,0,0,0,0,0,0,0,6,6
PONCHK-KID-MD-TURTROP,UK ILGPoncho - Kids,0,0,0,0,0,0,0,0,0,0,0,0,0,,,,,,,,,,,,,,,,,,,,,,,,,4,0,0,0,2,0,0,0,0,0,0,0,,,,,,,,,,,,
PONCHK-KID-SM-BUBDRM,UK ILGPoncho - Kids,12,17,61,36,4,0,0,0,0,0,0,0,0,,,,,,,,,,,,,,,,,,,,,,,,,2,9,16,1,0,0,0,0,0,0,0,0,,,,,,,,,,,,
PONCHK-KID-SM-CAMO-NS,UK ILGPoncho - Kids,12,20,61,36,4,0,0,0,0,0,0,0,0,,,,,,,,,,,,,,,,,,,,,,,,,13,9,16,1,0,0,0,0,0,0,0,0,,,,,,,,,,,,
PONCHK-KID-SM-CAMOCUBE,UK ILGPoncho - Kids,12,6,25,34,12,5,42,20,12,8,10,6,7,,,,,,,,,,,,,,,,,,,,,,,,,3,15,8,1,1,38,10,5,8,3,2,4,,,,,,,,,,,,
PONCHK-KID-SM-CHECKOUT,UK ILGPoncho - Kids,12,83,85,50,6,0,0,0,0,1,0,3,10,,,,,,,,,,,,,268,268,436,439,439,439,439,439,439,438,420,411,16,11,19,1,1,1,1,1,1,1,1,1,14,8,21,0,0,0,0,0,0,18,6,6
PONCHK-KID-SM-CROC,UK ILGPoncho - Kids,0,0,0,0,0,0,0,0,0,0,0,0,0,,,,,,,,,,,,,,,,,,,,,,,,,0,0,0,0,0,0,0,0,0,0,0,0,,,,,,,,,,,,
PONCHK-KID-SM-FIVEDAY,UK ILGPoncho - Kids,1,14,16,0,0,0,0,0,0,0,0,0,0,,,,,,,,,,,,,,,,,,,,,,,,,0,0,0,0,0,0,0,0,0,0,0,0,,,,,,,,,,,,
PONCHK-KID-SM-FLAM,UK ILGPoncho - Kids,0,0,0,0,0,0,0,0,0,0,0,0,0,,,,,,,,,,,,,,,,,,,,,,,,,0,0,0,0,0,0,0,0,0,0,0,0,,,,,,,,,,,,
PONCHK-KID-SM-GVCLUB,UK ILGPoncho - Kids,12,118,122,72,8,0,0,0,0,2,10,7,7,,,,,,,,,,,,,383,381,619,649,649,649,649,649,649,647,618,611,20,14,24,2,2,2,2,2,1,1,1,3,17,9,25,0,0,0,0,0,0,19,0,0
PONCHK-KID-SM-INTOWILD,UK ILGPoncho - Kids,12,83,85,50,6,0,0,0,0,2,6,10,13,,,,,,,,,,,,,261,260,427,433,433,433,433,433,433,431,418,390,16,11,19,2,2,2,2,2,2,1,2,2,14,8,21,0,0,0,0,0,0,7,18,0
PONCHK-KID-SM-JELLY,UK ILGPoncho - Kids,12,83,85,50,6,0,0,0,0,0,0,0,0,,,,,,,,,,,,,118,118,288,318,318,318,318,318,318,318,312,288,16,11,19,1,0,0,0,0,0,0,0,0,49,8,21,0,0,0,0,0,0,6,24,6
PONCHK-KID-SM-KARMCHAM,UK ILGPoncho - Kids,0,0,0,0,0,0,0,0,0,0,0,0,0,,,,,,,,,,,,,,,,,,,,,,,,,4,0,0,0,0,0,0,0,0,0,0,0,,,,,,,,,,,,
PONCHK-KID-SM-POWER-NS,UK ILGPoncho - Kids,0,6,0,0,0,0,0,0,0,0,0,0,0,,,,,,,,,,,,,,,,,,,,,,,,,0,0,0,1,0,0,0,0,0,0,0,0,,,,,,,,,,,,
PONCHK-KID-SM-SKATER,UK ILGPoncho - Kids,12,118,122,72,8,0,0,0,0,0,0,0,0,,,,,,,,,,,,,314,314,550,580,580,580,580,580,580,580,580,574,20,14,24,2,0,0,0,0,0,0,0,0,17,9,25,0,0,0,0,0,0,0,6,0
PONCHK-KID-SM-TURTROP,UK ILGPoncho - Kids,0,0,0,0,0,0,0,0,0,0,0,0,0,,,,,,,,,,,,,,,,,,,,,,,,,0,0,0,1,0,0,0,0,0,0,0,0,,,,,,,,,,,,
PONCHK-KID-XS-LEOP,UK ILGPoncho - Kids,1,9,3,0,0,0,0,0,0,0,0,0,0,,,,,,,,,,,,,,,,,,,,,,,,,1,1,1,1,1,1,1,1,1,1,1,1,,,,,,,,,,,,
PONCHK-KID-XS-POWER,UK ILGPoncho - Kids,0,0,0,0,0,0,0,0,0,0,0,0,0,,,,,,,,,,,,,,,,,,,,,,,,,3,4,2,1,2,2,2,2,2,2,2,1,,,,,,,,,,,,
PONCHK-SUM-MD-CSTCANDY,UK ILGPoncho - Kids,3,70,70,80,50,30,80,0,0,12,19,31,60,,60,,120,30,210,,270,,120,,30,-18,-51,-55,-35,-35,-53,-39,-28,-111,-129,-232,-208,60,60,40,3,3,14,4,5,12,11,21,18,8,3,66,0,0,0,0,0,6,2,18,12
PONCHK-SUM-MD-UNICN,UK ILGPoncho - Kids,0,0,0,0,0,0,0,0,0,0,0,0,0,,,,,,,,,,,,,,,,,,,,,,,,,1,0,0,0,0,0,0,0,0,0,0,0,,,,,,,,,,,,
PONCHK-SUM-MD-UNICN-NS,UK ILGPoncho - Kids,12,72,27,16,2,0,0,0,0,0,0,0,0,,,,,,,,,,,,,402,386,430,414,518,497,469,449,443,358,313,281,0,0,0,0,0,0,0,0,0,0,0,0,13,18,16,6,16,16,16,16,21,28,20,6
PONCHK-SUM-SM-CSTCANDY,UK ILGPoncho - Kids,10,100,100,60,11,9,13,10,3,4,10,11,17,,,,,90,90,90,30,60,,60,,166,152,171,169,166,149,137,120,97,-86,-165,-180,60,60,26,2,5,1,5,3,1,6,3,8,83,12,19,0,0,0,0,0,13,2,6,6
PONCHK-SUM-SM-UNICN-NS,UK ILGPoncho - Kids,12,37,61,36,4,0,0,0,0,0,0,0,0,,,,,,60,,60,,60,,30,273,252,231,210,189,173,145,119,98,48,-33,-30,0,0,0,0,0,0,0,0,0,0,0,0,13,20,21,21,21,21,21,21,16,28,26,21
PONCHK-SUM-XS-UNICN,UK ILGPoncho - Kids,0,0,0,0,0,0,0,0,0,0,0,0,0,,,,,,,,,,,,,,,,,,,,,,,,,24,31,25,7,0,0,2,0,0,0,0,0,,,,,,,,,,,,
POS-DIS-LG-FULL-TOWLB-EN-24,UK ILGWholesale,12,0,0,0,0,0,0,0,0,0,0,0,0,,,,,,,,,,,,,59,58,58,58,58,57,57,57,57,48,48,47,,,,,,,,,,,,,0,1,0,0,0,1,0,0,0,6,3,0
POS-DIS-SM-DOGTWL-EN-24,UK ILGWholesale,12,0,0,0,0,0,0,0,0,0,0,0,0,,,,,,,,,,,,,60,60,60,60,59,59,59,59,56,56,56,56,,,,,,,,,,,,,2,0,0,0,1,0,0,0,3,0,0,0
POS-DIS-SM-FULL-BAGF-EN-24,,,,,,,,,,,,,,,,,,,,,,,,,,,17,17,17,17,17,16,16,16,16,14,14,14,,,,,,,,,,,,,0,0,0,0,0,1,0,0,0,1,1,0
POS-DIS-SM-FULL-COOL-EN-24,,,,,,,,,,,,,,,,,,,,,,,,,,,18,18,18,18,18,18,18,18,18,18,18,18,,,,,,,,,,,,,0,0,0,0,0,0,0,0,0,0,0,0
POS-DIS-SM-FULL-HAIRW-EN-24,UK ILGWholesale,12,0,0,0,0,0,0,0,0,0,0,0,0,,,,,,,,,,,,,57,57,57,56,57,56,54,56,50,49,48,48,,,,,,,,,,,,,1,0,1,0,0,1,0,0,2,2,2,1
POS-DIS-SM-FULL-MAKUP-EN-24,UK ILGWholesale,0,0,0,0,0,0,0,0,0,0,0,0,0,,,,,,,,,,,,,0,0,0,0,0,0,0,0,0,0,0,0,,,,,,,,,,,,,0,0,0,0,0,0,0,0,0,0,0,0
POS-DIS-SM-FULL-PICNIC-EN-24,,,,,,,,,,,,,,,,,,,,,,,,,,,10,10,10,10,10,10,10,10,10,10,10,10,,,,,,,,,,,,,0,0,0,0,0,0,0,0,0,0,0,0
POS-DIS-SM-FULL-PONCHA-EN-24,,,,,,,,,,,,,,,,,,,,,2,,,,,,9,9,9,9,9,9,9,9,9,9,-2,0,,,,,,,,,,,,,10,0,0,0,0,0,0,0,0,0,1,0
POS-DIS-SM-FULL-PONCHK-EN-24,,,,,,,,,,,,,,,,,,,,,,,,,,,19,19,19,19,19,19,19,19,19,18,18,18,,,,,,,,,,,,,0,0,0,0,0,0,0,0,0,1,0,0
POS-DIS-SM-FULL-TOWLB-EN-24,UK ILGWholesale,12,0,0,0,0,0,0,0,0,0,0,0,0,,,,,,,10,,3,,2,,16,15,14,13,12,12,7,3,3,2,-10,0,,,,,,,,,,,,,12,0,3,1,1,1,1,0,5,2,2,1
POS-DIS-SM-FULL-TOWLB-KID-EN-24,,,,,,,,,,,,,,,,,,,,,,,,,,,18,18,18,18,18,18,18,18,18,16,16,16,,,,,,,,,,,,,0,0,0,0,0,0,0,0,0,1,0,1
PP-TEATWL-MD-3SET-SPRKSHNE,UK ILGTea Towel,3,0,0,0,50,50,100,50,0,0,0,0,0,,,,,,,,,,,,,16,16,216,-134,-134,-134,-50,0,0,0,0,0,,,,,,,,,,,,,0,0,0,50,50,0,0,0,0,0,0,0
PP-TEATWL-MD-3SET-STRAWFZ,UK ILGTea Towel,7,0,0,0,0,2,7,16,8,0,0,0,0,,,,,,,,,,,,,,,,,,,,,,,,,,,,,,,,,,,,,,,,,,,,,,,,
PP-TEATWL-MD-5SET-HOST,UK ILGTea Towel,5,0,0,0,0,3,14,0,0,0,0,0,0,,,,,,,,,,,,,,,,,,,,,,,,,,,,,,,,,,,,,,,,,,,,,,,,
PP-TEATWL-MD-5SET-PICKY,UK ILGTea Towel,12,0,0,0,0,3,8,16,19,6,5,9,3,,,,,,,,,,,,,,,,,,,,,,,,,,,,,,,,,,,,,,,,,,,,,,,,
PP-TEATWL-MD-6SET-AFTPTY,UK ILGTea Towel,11,0,0,0,0,9,16,7,18,11,11,14,7,,,,,,,,,,,,,,,,,,,,,,,,,,,,,,,,,,,,,,,,,,,,,,,,
PP-TEATWL-MD-6SET-FRTCTL,UK ILGTea Towel,12,0,0,0,0,3,9,1,16,9,4,5,6,,,,,,,,,,,,,,,,,,,,,,,,,,,,,,,,,,,,,,,,,,,,,,,,
PP-TOWLB-CAB-LG-4SET-BLUE,UK ILGTowel - Beach,2,21,31,20,0,0,0,0,0,0,0,0,0,,,,,,,,,,,,,,,,,,,,,,,,,,,,,,,,,,,,,,,,,,,,,,,,
PP-TOWLB-CAB-LG-4SET-PINK,UK ILGTowel - Beach,1,14,9,0,0,0,0,0,0,0,0,0,0,,,,,,,,,,,,,,,,,,,,,,,,,,,,,,,,,,,,,,,,,,,,,,,,
PP-TOWLB-CAB-LG-4SETA-R,UK ILGTowel - Beach,1,50,100,0,0,0,0,0,0,0,0,0,0,,,,,,,,,,,,,,,,,,,,,,,,,,,,,,,,,,,,,,,,,,,,,,,,
PP-TOWLB-CAB-LG-4SETE-R,UK ILGTowel - Beach,4,13,16,24,15,2,0,0,0,0,0,0,0,,,,,,,,,,,,,,,,,,,,,,,,,,,,,,,,,,,,,,,,,,,,,,,,
PP-TOWLB-CAB-LG-4SETF-R,UK ILGTowel - Beach,12,6,19,16,9,4,7,2,2,1,1,5,5,,,,,,,,,,,,,,,,,,,,,,,,,,,,,,,,,,,,,,,,,,,,,,,,
PP-TOWLB-CAB-LG-4SETH,UK ILGTowel - Beach,1,46,3,0,0,0,0,0,0,0,0,0,0,,,,,,,,,,,,,,,,,,,,,,,,,,,,,,,,,,,,,,,,,,,,,,,,
PP-TOWLB-CAB-LG-4SETK,UK ILGTowel - Beach,0,0,0,0,0,0,0,0,0,0,0,0,0,,,,,,,,,,,,,,,,,,,,,,,,,,,,,,,,,,,,,,,,,,,,,,,,
PP-TOWLB-CAB-LG-4SETL,UK ILGTowel - Beach,11,19,25,16,8,2,16,7,7,6,11,6,8,,,,,,,,,,,,,,,,,,,,,,,,,,,,,,,,,,,,,,,,,,,,,,,,
PP-TOWLB-CAB-LG-4SETM,UK ILGTowel - Beach,0,0,0,0,0,0,0,0,0,0,0,0,0,,,,,,,,,,,,,,,,,,,,,,,,,,,,,,,,,,,,,,,,,,,,,,,,
PP-TOWLB-CAB-LG-4SETN,UK ILGTowel - Beach,0,0,0,0,0,0,0,0,0,0,0,0,0,,,,,,,,,,,,,,,,,,,,,,,,,,,,,,,,,,,,,,,,,,,,,,,,
PP-TOWLB-CAB-LG-4SETO,UK ILGTowel - Beach,12,4,0,0,0,0,0,0,0,0,0,0,0,,,,,,,,,,,,,,,,,,,,,,,,,,,,,,,,,,,,,,,,,,,,,,,,
PP-TOWLB-CAB-LG-6SET-BLUE,UK ILGTowel - Beach,5,13,9,30,6,2,23,0,0,0,0,0,0,,,,,,,,,,,,,,,,,,,,,,,,,,,,,,,,,,,,,,,,,,,,,,,,
PP-TOWLB-CAB-LG-6SET-PINK,UK ILGTowel - Beach,12,1,2,11,4,4,7,7,4,4,3,1,4,,,,,,,,,,,,,,,,,,,,,,,,,,,,,,,,,,,,,,,,,,,,,,,,
PP-TOWLB-CAB-LG-6SET-R,UK ILGTowel - Beach,0,1,0,0,0,0,0,0,0,0,0,0,0,,,,,,,,,,,,,,,,,,,,,,,,,,,,,,,,,,,,,,,,,,,,,,,,
PP-TOWLB-CAB-LG-6SETI,UK ILGTowel - Beach,12,17,16,52,17,3,22,9,18,2,2,13,17,,,,,,,,,,,,,,,,,,,,,,,,,,,,,,,,,,,,,,,,,,,,,,,,
PP-TOWLB-CAB-LG-6SETJ,UK ILGTowel - Beach,2,16,31,2,0,0,0,0,0,0,0,0,0,,,,,,,,,,,,,,,,,,,,,,,,,,,,,,,,,,,,,,,,,,,,,,,,
PP-TOWLB-CAB-LG-6SETK,UK ILGTowel - Beach,0,0,0,0,0,0,0,0,0,0,0,0,0,,,,,,,,,,,,,,,,,,,,,,,,,,,,,,,,,,,,,,,,,,,,,,,,
PP-TOWLB-CAB-LG-6SETL,UK ILGTowel - Beach,0,0,0,0,0,0,0,0,0,0,0,0,0,,,,,,,,,,,,,,,,,,,,,,,,,,,,,,,,,,,,,,,,,,,,,,,,
PP-TOWLB-CAB-LG-6SETM,UK ILGTowel - Beach,12,2,4,13,2,4,7,2,1,4,1,2,4,,,,,,,,,,,,,,,,,,,,,,,,,,,,,,,,,,,,,,,,,,,,,,,,
PP-TOWLB-CAB-XL-4SET-BLUE,UK ILGTowel - Beach,0,0,0,0,0,0,0,0,0,0,0,0,0,,,,,,,,,,,,,,,,,,,,,,,,,,,,,,,,,,,,,,,,,,,,,,,,
PP-TOWLB-CAB-XL-4SET-ORANGE,UK ILGTowel - Beach,12,4,0,0,0,0,0,0,0,0,0,0,0,,,,,,,,,,,,,,,,,,,,,,,,,,,,,,,,,,,,,,,,,,,,,,,,
PP-TOWLB-CAB-XL-4SET-PINK,UK ILGTowel - Beach,0,0,0,0,0,0,0,0,0,0,0,0,0,,,,,,,,,,,,,,,,,,,,,,,,,,,,,,,,,,,,,,,,,,,,,,,,
PP-TOWLB-CAB-XL-4SETA-R,UK ILGTowel - Beach,0,17,0,0,0,0,0,0,0,0,0,0,0,,,,,,,,,,,,,,,,,,,,,,,,,,,,,,,,,,,,,,,,,,,,,,,,
PP-TOWLB-CAB-XL-4SETE-R,UK ILGTowel - Beach,12,8,0,0,0,0,0,0,0,0,0,0,0,,,,,,,,,,,,,,,,,,,,,,,,,,,,,,,,,,,,,,,,,,,,,,,,
PP-TOWLB-CAB-XL-4SETF-R,UK ILGTowel - Beach,10,8,16,13,3,2,13,6,6,9,3,9,0,,,,,,,,,,,,,,,,,,,,,,,,,,,,,,,,,,,,,,,,,,,,,,,,
PP-TOWLB-CAB-XL-4SETG,UK ILGTowel - Beach,0,10,0,0,0,0,0,0,0,0,0,0,0,,,,,,,,,,,,,,,,,,,,,,,,,,,,,,,,,,,,,,,,,,,,,,,,
PP-TOWLB-CAB-XL-4SETH,UK ILGTowel - Beach,0,1,0,0,0,0,0,0,0,0,0,0,0,,,,,,,,,,,,,,,,,,,,,,,,,,,,,,,,,,,,,,,,,,,,,,,,
PP-TOWLB-CAB-XL-4SETK,UK ILGTowel - Beach,0,7,0,0,0,0,0,0,0,0,0,0,0,,,,,,,,,,,,,,,,,,,,,,,,,,,,,,,,,,,,,,,,,,,,,,,,
PP-TOWLB-CAB-XL-4SETL,UK ILGTowel - Beach,0,0,0,0,0,0,0,0,0,0,0,0,0,,,,,,,,,,,,,,,,,,,,,,,,,,,,,,,,,,,,,,,,,,,,,,,,
PP-TOWLB-CAB-XL-4SETM,UK ILGTowel - Beach,0,0,0,0,0,0,0,0,0,0,0,0,0,,,,,,,,,,,,,,,,,,,,,,,,,,,,,,,,,,,,,,,,,,,,,,,,
PP-TOWLB-CAB-XL-4SETN,UK ILGTowel - Beach,1,12,12,0,0,0,0,0,0,0,0,0,0,,,,,,,,,,,,,,,,,,,,,,,,,,,,,,,,,,,,,,,,,,,,,,,,
PP-TOWLB-CAB-XL-4SETO,UK ILGTowel - Beach,7,5,12,13,4,2,9,3,3,0,0,0,0,,,,,,,,,,,,,,,,,,,,,,,,,,,,,,,,,,,,,,,,,,,,,,,,
PP-TOWLB-CAB-XL-6SET-BLUE,UK ILGTowel - Beach,0,0,0,0,0,0,0,0,0,0,0,0,0,,,,,,,,,,,,,,,,,,,,,,,,,,,,,,,,,,,,,,,,,,,,,,,,
PP-TOWLB-CAB-XL-6SET-PINK,UK ILGTowel - Beach,1,4,2,0,0,0,0,0,0,0,0,0,0,,,,,,,,,,,,,,,,,,,,,,,,,,,,,,,,,,,,,,,,,,,,,,,,
PP-TOWLB-CAB-XL-6SET-R,UK ILGTowel - Beach,5,20,57,70,20,8,36,0,0,0,0,0,0,,,,,,,,,,,,,,,,,,,,,,,,,,,,,,,,,,,,,,,,,,,,,,,,
PP-TOWLB-CAB-XL-6SETI,UK ILGTowel - Beach,12,8,0,0,0,0,0,0,0,0,0,0,0,,,,,,,,,,,,,,,,,,,,,,,,,,,,,,,,,,,,,,,,,,,,,,,,
PP-TOWLB-CAB-XL-6SETJ,UK ILGTowel - Beach,0,0,0,0,0,0,0,0,0,0,0,0,0,,,,,,,,,,,,,,,,,,,,,,,,,,,,,,,,,,,,,,,,,,,,,,,,
PP-TOWLB-CAB-XL-6SETK,UK ILGTowel - Beach,0,1,0,0,0,0,0,0,0,0,0,0,0,,,,,,,,,,,,,,,,,,,,,,,,,,,,,,,,,,,,,,,,,,,,,,,,
PP-TOWLB-CAB-XL-6SETL,UK ILGTowel - Beach,0,0,0,0,0,0,0,0,0,0,0,0,0,,,,,,,,,,,,,,,,,,,,,,,,,,,,,,,,,,,,,,,,,,,,,,,,
ROBE-CLA-MD-NAVY,UK ILGBath Robe,0,0,0,0,0,0,0,0,0,0,0,0,0,,,,,,,,,,,,,,,,,,,,,,,,,0,0,0,0,0,0,0,0,0,0,0,0,,,,,,,,,,,,
SHIPBAG-LAR,UK ILGShipping Bags - Paper,1,"12,000",12000,6000,4000,2000,13000,10000,5000,0,0,0,0,,,,,,,,,28400,,6000,7000,"-11,200","-15,200","-12,000","10,835","6,635","1,635","1,635","1,635","1,635","1,635","1,635","1,635",,,,,,,,,,,,,,,,,,,,,,,,
SHIPBAG-MED,UK ILGShipping Bags - Paper,1,"6,000",6000,4000,3000,1500,9000,7000,3000,0,0,0,0,,,,,,,,,16000,,4800,4000,"-6,000","-9,000","-8,500",3,"3,003",3,3,3,3,3,3,3,,,,,,,,,,,,,,,,,,,,,,,,
SHIPBAG-XLG,UK ILGShipping Bags - Paper,0,"4,000",4000,2000,1000,500,3500,3000,1000,0,0,0,0,,,,,,,,,7400,,1600,1800,"-10,000","-7,000","-3,500","4,652","3,652","2,652","2,652","2,652","2,652","2,652","2,652","2,652",,,,,,,,,,,,,,,,,,,,,,,,
SHORTS-BOT-LG-PALM,UK ILGShorts,0,0,0,0,0,0,0,0,0,0,0,0,0,,,,,,,,,,,,,,,,,,,,,,,,,,,,,,,,,,,,,,,,,,,,,,,,
TEATWL-MD-APPLTRT,UK ILGTea Towel,7,134,166,166,567,99,91,81,157,54,28,26,0,,,,,,,,,,,,,"1,003",368,248,166,388,273,166,77,0,0,0,0,20,20,20,20,5,13,23,23,18,21,16,12,20,13,13,48,16,16,8,8,2,31,18,30
TEATWL-MD-BAKEME,UK ILGTea Towel,3,0,0,0,140,101,168,84,95,31,90,94,111,,,,,,100,,200,,,,650,15,15,265,284,359,238,102,51,51,-88,-13,-169,0,0,0,16,43,43,43,13,31,24,35,28,0,0,0,72,13,13,7,7,7,26,18,25
TEATWL-MD-BERRYGD,UK ILGTea Towel,0,0,0,0,0,0,0,0,0,0,0,0,0,,,,,,,,,,,,,,,,,,,,,,,,,0,0,0,0,0,0,0,0,0,0,0,0,,,,,,,,,,,,
TEATWL-MD-BIGDILL,UK ILGTea Towel,3,0,0,0,200,144,240,120,136,44,128,134,158,,,,,,200,,250,,,,900,15,15,265,344,445,279,93,33,33,-160,10,-210,0,0,0,20,54,54,54,17,39,30,44,35,0,0,0,66,16,16,8,8,8,31,21,30
TEATWL-MD-CCOOL,UK ILGTea Towel,0,0,0,0,0,0,0,0,0,0,0,0,0,,,,,,,,,,,,,,,,,,,,,,,,,0,0,0,0,0,0,0,0,0,0,0,0,,,,,,,,,,,,
TEATWL-MD-CHECKPLS,UK ILGTea Towel,1,134,166,166,200,144,240,120,136,12,90,73,80,,,,,,,,,,,,,-251,-497,183,-91,327,166,107,-95,5,207,99,5,20,20,20,20,54,54,54,17,39,0,0,23,20,13,13,26,16,16,8,8,8,18,21,30
TEATWL-MD-CTCHDAY,UK ILGTea Towel,0,300,166,166,200,144,24,0,0,0,0,0,0,,,,,,,,,,,,,"-1,047",-900,-330,-45,152,0,0,0,0,0,0,0,20,20,20,20,0,0,0,0,0,0,0,0,180,163,13,132,18,11,6,6,2,18,21,112
TEATWL-MD-DINPRTY,UK ILGTea Towel,3,250,300,350,574,117,161,148,130,0,0,0,0,,,,,,,,,,,,,602,-2,206,146,452,323,146,0,0,0,0,0,20,20,20,4,13,27,27,43,30,10,20,15,20,13,13,26,12,16,8,8,8,31,12,6
TEATWL-MD-FEELVINE,UK ILGTea Towel,0,0,0,0,0,0,0,0,0,0,0,0,0,,,,,,,,,,,,,,,,,,,,,,,,,0,0,0,0,0,0,0,0,0,0,0,0,,,,,,,,,,,,
TEATWL-MD-GLDHOUR,UK ILGTea Towel,12,134,166,166,238,52,92,41,105,37,17,14,29,,,,,,,,,,,,,"1,517","1,263","1,195","1,237","1,413","1,345","1,237","1,188","1,075","1,036","1,013",993,20,20,20,8,8,20,21,17,11,6,10,10,170,13,13,16,16,16,8,8,2,6,6,46
TEATWL-MD-GRTFROM,UK ILGTea Towel,5,134,166,166,200,144,240,120,113,0,0,0,0,,,,,,,,,,,,,521,297,379,152,547,397,152,0,0,0,0,0,20,20,20,20,54,54,54,17,39,30,44,35,20,13,13,24,6,5,8,6,2,31,6,6
TEATWL-MD-HEADCHEF,UK ILGTea Towel,2,134,166,166,200,144,240,120,136,44,128,105,0,,,,,,,,,,,,,-79,-321,285,29,273,112,21,-328,22,371,177,22,20,20,20,20,54,54,54,17,39,30,44,35,20,13,13,26,16,16,8,8,8,36,6,30
TEATWL-MD-HOTSTF,UK ILGTea Towel,0,0,0,0,0,0,0,0,0,0,0,0,0,,,,,,,,,,,,,,,,,,,,,,,,,0,0,0,0,0,0,0,0,0,0,0,0,,,,,,,,,,,,
TEATWL-MD-KISSCOOK,UK ILGTea Towel,0,0,150,0,0,0,0,0,0,0,0,0,0,,,,,,,,,,,,,,,,,,,,,,,,,0,0,0,0,0,0,0,0,0,0,0,0,,,,,,,,,,,,
TEATWL-MD-KTCHDISC,UK ILGTea Towel,3,220,280,166,585,127,144,139,157,0,0,0,0,,,,,,,,,,,,,396,-235,12,92,435,296,142,0,0,0,0,0,20,20,20,20,14,51,38,47,39,38,46,30,20,13,13,26,12,5,8,6,2,12,12,30
TEATWL-MD-MOJMNT,UK ILGTea Towel,0,0,0,0,0,0,0,0,0,0,0,0,0,,,,,,,,,,,,,,,,,,,,,,,,,0,0,0,0,0,0,0,0,0,0,0,0,,,,,,,,,,,,
TEATWL-MD-MTCHCRSH,UK ILGTea Towel,3,0,0,0,200,144,240,120,136,44,128,134,158,,,,,,200,,250,,,,850,16,16,266,335,436,270,84,24,24,-169,1,-219,0,0,0,20,54,54,54,17,39,30,44,35,0,0,0,26,16,16,8,8,8,31,21,30
TEATWL-MD-PEAPOD,UK ILGTea Towel,2,134,166,166,200,144,240,120,136,44,65,67,72,,,,,,,,,,,,,-170,-414,22,540,460,299,208,3,3,208,107,3,20,20,20,20,54,54,54,17,39,6,25,10,20,13,13,26,16,16,8,8,8,30,12,30
TEATWL-MD-PNKGRAP,UK ILGTea Towel,1,150,153,33,0,0,0,0,0,0,0,0,0,,,,,,,,,,,,,,,,,,,,,,,,,33,18,18,10,54,44,62,48,30,0,0,0,,,,,,,,,,,,
TEATWL-MD-PNKLEM,UK ILGTea Towel,0,0,0,0,0,0,0,0,0,0,0,0,0,,,,,,,,,,,,,,,,,,,,,,,,,0,1,0,0,0,0,0,0,0,0,0,0,,,,,,,,,,,,
TEATWL-MD-RGRTTI,UK ILGTea Towel,0,94,116,116,140,101,168,84,95,29,94,78,0,,,,,,,,,,,,,-348,-464,7,-208,208,93,42,-148,2,192,86,2,16,16,16,16,43,43,43,13,15,0,0,0,17,11,11,22,13,13,7,7,7,12,6,25
TEATWL-MD-ROOTING,UK ILGTea Towel,3,0,0,0,140,101,168,84,95,31,90,94,111,,,,,,100,,200,,,,600,15,15,265,284,359,238,102,51,51,-88,-13,-169,0,0,0,16,43,43,43,13,31,24,35,28,0,0,0,22,13,13,7,7,7,26,18,25
TEATWL-MD-SAUCY,UK ILGTea Towel,0,0,0,0,0,0,0,0,0,0,0,0,0,,,,,,,,,,,,,,,,,,,,,,,,,0,0,0,0,0,0,0,0,0,0,0,0,,,,,,,,,,,,
TEATWL-MD-SHRIMP,UK ILGTea Towel,1,250,166,166,571,112,11,0,0,0,0,0,0,,,,,,,,,,,,,-362,"-1,029",-634,-284,0,0,0,0,0,0,0,0,20,20,20,4,25,37,63,42,52,27,0,0,20,13,13,92,18,18,6,8,14,6,12,30
TEATWL-MD-SOUSCHEF,UK ILGTea Towel,2,134,166,166,200,144,240,120,136,8,40,43,40,,,,,,,,,,,,,45,-181,359,103,423,262,207,63,63,207,132,63,20,20,20,20,54,54,54,17,39,4,5,1,20,13,13,26,16,16,8,8,8,31,21,30
TEATWL-MD-SPILTEA,UK ILGTea Towel,0,0,0,0,0,0,0,0,0,0,0,0,0,,,,,,,,,,,,,,,,,,,,,,,,,0,0,0,0,0,0,0,0,0,0,0,0,,,,,,,,,,,,
TEATWL-MD-SQCLEAN,UK ILGTea Towel,1,94,116,116,140,101,168,84,95,31,67,77,83,,,,,,,,,,,,,-138,-314,-71,389,355,240,171,-17,33,221,145,33,16,16,16,16,43,43,43,13,31,3,17,7,17,11,11,22,13,13,7,7,7,6,18,25
TEATWL-MD-STRAWFZ,UK ILGTea Towel,12,134,166,166,468,77,69,39,50,31,26,15,16,,,,,,,,,,,,,"1,280",784,683,610,788,695,610,563,505,465,418,364,20,20,20,4,8,22,19,19,15,15,18,4,20,13,13,24,16,16,8,8,2,6,21,30
TEATWL-MD-STRWPOP,UK ILGTea Towel,3,0,0,0,200,144,240,120,136,44,128,134,158,,,,,,200,,250,,,,850,15,15,265,334,435,269,83,23,23,-170,0,-220,0,0,0,20,54,54,54,17,39,30,44,35,0,0,0,26,16,16,8,8,8,31,21,30
TEATWL-MD-TRPPNCH,UK ILGTea Towel,2,94,116,116,140,101,168,84,95,14,30,66,59,,,,,,,,,,,,,-85,-263,148,-44,272,157,114,0,0,114,73,0,16,16,16,16,43,43,43,13,6,5,1,5,17,11,11,22,13,13,7,7,23,6,6,25
TEATWL-MD-VRYPEEL,UK ILGTea Towel,2,180,83,83,25,0,0,0,0,0,0,0,0,,,,,,,,,,,,,,,,,,,,,,,,,25,13,13,13,36,36,36,11,26,20,29,23,,,,,,,,,,,,
TEATWL-MD-WASHDRY,UK ILGTea Towel,0,0,0,0,0,0,0,0,0,0,0,0,0,,,,,,,,,,,,,,,,,,,,,,,,,0,0,0,0,0,0,0,0,0,0,0,0,,,,,,,,,,,,
TEATWL-MD-WINEDINE,UK ILGTea Towel,2,134,166,166,200,144,240,120,136,44,40,75,68,,,,,,,,,,,,,-13,-257,179,697,617,456,361,201,201,361,301,201,20,20,20,20,54,54,54,17,39,2,4,4,20,13,13,26,16,16,8,8,12,18,21,30
TEATWL-MD-XTRSAUC,UK ILGTea Towel,3,0,0,0,200,144,240,120,136,44,128,134,158,,,,,,200,,250,,,,900,13,14,264,333,434,268,82,22,22,-171,-1,-221,0,0,0,20,54,54,54,17,39,30,44,35,0,0,0,76,16,16,8,8,8,31,21,30
TOWLB-CAB-LG-AMALG-R,UK ILGTowel - Beach,0,0,0,0,0,0,0,0,0,32,39,68,0,,,,,,,,,,,,,0,0,0,-120,-69,"1,040","1,040",698,554,554,554,554,0,0,0,0,0,0,0,0,0,0,0,0,0,0,0,120,0,0,0,69,19,79,36,144
TOWLB-CAB-LG-BLACK-R,UK ILGTowel - Beach,0,190,253,206,40,37,111,82,25,51,215,253,337,,,,,,,,,,,,,,,,,,,,,,,,,256,43,52,9,17,50,48,35,31,45,63,95,,,,,,,,,,,,
TOWLB-CAB-LG-BLUE-R,UK ILGTowel - Beach,10,625,253,206,40,37,111,82,25,51,215,253,337,,,,,,,,,,,,,"2,332","2,056","2,005","2,000","2,940","6,072","5,950","4,030","4,030","3,361","2,541","2,181",472,43,52,9,17,50,48,35,31,45,63,95,195,107,48,227,75,254,138,43,71,254,1198,332
TOWLB-CAB-LG-BLUE-SS24,,,,,,,,,,,,,,,,,40,,40,40,80,120,200,,200,,-220,-248,0,0,0,0,-24,-23,-23,-62,-81,-184,59,183,233,28,59,5,29,18,25,15,24,79,,,,,,,,,,,,
TOWLB-CAB-LG-GREEN-R,UK ILGTowel - Beach,1,318,464,595,225,84,222,107,89,52,64,77,135,,320,,520,,480,320,1320,120,1680,,680,"-1,168","-1,643",-530,-811,-38,-281,-70,-498,22,-455,-794,"-1,630",235,598,408,69,35,114,74,16,19,28,30,55,266,94,105,181,10,105,86,138,38,158,71,287
TOWLB-CAB-LG-KHAKI-R,UK ILGTowel - Beach,3,348,231,518,161,85,262,213,120,69,119,89,168,,,,,,,,,,,,,,,,,,,,,,,,,255,693,281,126,47,228,137,71,81,85,76,108,335,33,105,354,78,105,16,120,18,13,24,22
TOWLB-CAB-LG-LTBGE-R,UK ILGTowel - Beach,3,217,250,271,114,36,100,63,49,29,47,55,121,,160,,360,,240,200,360,160,400,,440,39,-151,-68,-162,-28,-129,-21,-357,3,-216,-408,-545,201,86,53,74,55,70,41,34,21,26,45,92,14,1,6,2,8,16,2,18,2,44,119,6
TOWLB-CAB-LG-LTBLU-R,UK ILGTowel - Beach,2,394,428,547,182,59,174,102,34,42,68,42,93,,,,,,,,,640,,360,,-631,-879,-113,-260,305,"1,845","1,780","1,580","1,580","1,346",734,81,146,130,152,54,37,85,42,14,15,30,28,38,72,95,8,12,8,8,11,12,8,24,8,103
TOWLB-CAB-LG-LTGRY-R,UK ILGTowel - Beach,12,78,110,400,169,28,83,51,27,30,40,23,51,,,,,,,,,,,,,,,,,,,,,,,,,118,153,193,51,35,60,20,13,7,17,8,25,,,,,,,,,,,,
TOWLB-CAB-LG-LTPNK-R,UK ILGTowel - Beach,1,413,548,718,194,98,351,221,142,130,148,134,294,,,,,,,,,,,,,"-1,397","-1,939",407,-301,"1,938","1,653","1,505",999,"1,653","1,505","1,199",999,932,1177,598,230,116,345,236,131,0,0,0,0,55,51,47,118,23,12,24,12,18,158,66,36
TOWLB-CAB-LG-LTPNK-SS24,,,,,,,,,,,,,,,,,,,,,,,,,,,-247,-229,-6,-56,136,101,101,101,101,101,101,101,120,120,100,9,17,50,48,35,0,0,0,0,,,,,,,,,,,,
TOWLB-CAB-LG-LTPPL-R,UK ILGTowel - Beach,1,399,458,486,122,67,212,127,49,47,59,59,125,,,,,,280,560,960,520,680,40,800,-729,-961,596,193,448,351,268,6,6,-260,-827,"-1,483",181,718,404,96,89,144,90,42,34,61,53,119,267,40,48,14,47,47,8,6,2,16,14,22
TOWLB-CAB-LG-NAVY-R,UK ILGTowel - Beach,3,"1,222",1245,1574,489,229,768,504,274,274,346,320,585,,1360,,1280,,3200,,5680,,1400,,2280,695,312,-998,"-1,268",-835,"-1,335",-655,"-1,262",-801,"-3,193","-2,837","-5,680",842,1463,1098,181,66,371,297,169,153,165,165,147,328,136,171,322,88,171,171,324,73,169,122,87
TOWLB-CAB-LG-NAVY-SS24,,,,,,,,,,,,,,,,,,120,,200,,320,,,80,,-131,-134,0,0,0,0,0,-84,36,-199,-135,-282,136,147,35,3,72,15,59,40,22,42,60,235,,,,,,,,,,,,
TOWLB-CAB-LG-ORANG-R,UK ILGTowel - Beach,1,268,313,422,140,111,137,76,51,29,51,42,83,,,,,,40,440,520,800,,880,,"-1,182","-1,352",160,-1,105,783,235,109,109,-31,-454,-947,146,577,396,24,17,16,12,5,4,9,9,24,49,43,36,6,66,8,6,66,515,5,10,33
TOWLB-CAB-LG-PALP-R,UK ILGTowel - Beach,0,0,0,0,0,0,0,0,0,74,67,147,0,,,,,,,,,,,,,0,0,0,-120,-6,"1,040","1,040",625,607,607,607,607,0,0,0,0,0,0,0,0,0,0,0,0,0,0,0,120,0,0,0,6,9,79,33,18
TOWLB-CAB-LG-PINK-R,UK ILGTowel - Beach,4,616,656,920,292,127,343,170,161,99,150,181,325,,,,,,,,,1480,,720,,"1,193",688,752,224,"1,006","3,875","3,704","3,183","3,183","2,777","1,516",94,283,665,551,71,30,93,82,38,38,37,34,36,362,101,92,142,42,92,6,132,34,79,40,45
TOWLB-CAB-LG-POSPIN,UK ILGTowel - Beach,0,0,0,0,0,0,0,0,0,74,67,147,0,,,,,,,,,,,,,0,0,0,-120,-6,"1,040","1,040",625,607,607,607,607,0,0,0,0,0,0,0,0,0,0,0,0,0,0,0,120,0,0,0,6,9,79,33,18
TOWLB-CAB-LG-RED-R,UK ILGTowel - Beach,1,276,293,438,177,42,106,88,38,24,59,36,85,,,,,,,,,,,,,,,,,,,,,,,,,104,245,159,37,31,50,14,11,12,19,17,23,44,17,54,3,39,23,6,18,76,213,6,287
TOWLB-CAB-LG-RIO-R,UK ILGTowel - Beach,0,0,0,0,0,0,0,0,0,71,43,102,0,,,,80,280,,80,,120,,,,0,0,0,-120,-22,520,520,-72,-336,-56,-56,24,0,0,0,0,0,0,0,0,0,0,0,0,0,0,0,120,0,0,0,22,91,256,7,344
TOWLB-CAB-LG-TEAL-R,UK ILGTowel - Beach,0,0,0,0,0,0,0,0,0,60,45,84,0,,,,,,,,,,,,,0,0,0,-120,-60,"1,040","1,040",763,752,752,752,752,0,0,0,0,0,0,0,0,0,0,0,0,0,0,0,120,0,0,0,60,9,7,12,11
TOWLB-CAB-LG-TURQ-R,UK ILGTowel - Beach,0,0,0,0,0,0,0,0,0,60,45,84,0,,,,,,,,,,,,,0,0,0,-120,-60,"1,040","1,040",763,752,752,752,752,0,0,0,0,0,0,0,0,0,0,0,0,0,0,0,120,0,0,0,60,9,7,12,11
TOWLB-CAB-LG-YELL-R,UK ILGTowel - Beach,2,188,213,275,133,26,71,61,35,24,54,36,61,,,,,,,40,400,120,480,,320,-252,-440,-9,-15,-31,716,678,527,527,402,-4,-406,140,188,202,47,27,47,39,12,6,13,23,51,78,41,30,8,8,8,36,6,8,19,6,13
TOWLB-CAB-MD-AMALG,UK ILGKids Towel - Beach,0,0,0,0,0,0,0,0,0,0,0,0,0,,,,,,,,,,,,,0,0,0,-100,-6,200,200,183,177,177,177,177,0,0,0,0,0,0,0,0,0,0,0,0,0,0,0,100,0,0,0,6,1,5,5,6
TOWLB-CAB-MD-LTBLU,UK ILGKids Towel - Beach,12,109,12,100,50,0,0,0,0,0,0,0,0,,,,,,,,,,,,,"1,091","1,036","1,031","1,126","1,320","1,314","1,313","1,303","1,303","1,297","1,184","1,158",48,0,0,0,0,0,0,0,0,0,0,0,4,14,13,5,5,5,6,6,1,5,5,6
TOWLB-CAB-MD-LTPNK,UK ILGKids Towel - Beach,4,232,97,100,50,40,179,229,18,61,74,28,44,,,,,,,,,,,,,289,217,355,154,553,513,451,249,513,451,325,249,66,62,16,27,2,46,42,42,20,18,18,32,25,22,22,22,22,22,22,22,1,52,42,2
TOWLB-CAB-MD-LTPNK-SS24,,,,,,,,,,,,,,,,,,,,,,,,,,,-214,-238,0,0,5,-64,36,36,36,36,36,36,126,100,69,69,69,69,69,69,0,0,0,0,,,,,,,,,,,,
TOWLB-CAB-MD-NAVY,UK ILGKids Towel - Beach,12,200,200,9,0,0,0,0,0,0,0,0,0,,,,,,,,,,,,,548,532,628,612,"1,396","1,380","1,379","1,303","1,303","1,301","1,083",853,60,0,0,0,0,0,0,0,0,0,0,0,18,30,16,16,4,16,16,16,1,46,30,2
TOWLB-CAB-MD-NAVY-SS24,,,,,,,,,,,,,,,,,,,,,,,,,,,-136,-100,0,0,0,0,0,0,0,0,0,0,86,100,0,0,0,0,0,0,0,0,0,0,,,,,,,,,,,,
TOWLB-CAB-MD-PALP,UK ILGKids Towel - Beach,0,0,0,0,0,0,0,0,0,74,28,44,0,,,,100,,,,,100,,,,0,0,0,-100,-22,200,200,-63,35,35,35,35,0,0,0,0,0,0,0,0,0,0,0,0,0,0,0,100,0,0,0,22,1,52,42,2
TOWLB-CAB-X2-LTPNK,UK ILGTowel - Beach,12,36,9,33,19,11,32,18,22,4,4,9,8,,,,,,,,,,,,,,,,,,,,,,,,,13,15,17,6,1,14,6,14,5,2,7,4,,,,,,,,,,,,
TOWLB-CAB-X2-NAVY,UK ILGTowel - Beach,0,65,60,111,50,23,0,0,0,0,0,0,0,,,,,,,,,,,,,,,,,,,,,,,,,24,59,41,2,4,17,0,0,0,0,0,0,,,,,,,,,,,,
TOWLB-CAB-XL-AMALG-R,UK ILGTowel - Beach,0,0,0,0,0,0,0,0,0,27,35,109,0,,,,,,,,,,,,,0,0,0,-120,-3,"1,020","1,020",823,802,802,802,802,0,0,0,0,0,0,0,0,0,0,0,0,0,0,0,120,0,0,0,3,10,9,4,21
TOWLB-CAB-XL-BLACK-R,UK ILGTowel - Beach,0,169,201,119,92,47,90,50,24,38,62,63,114,,,,,,,,,,,,,,,,,,,,,,,,,243,319,183,98,39,91,39,0,0,0,0,0,,,,,,,,,,,,
TOWLB-CAB-XL-BLUE-R,UK ILGTowel - Beach,12,412,169,138,27,25,74,55,17,34,144,169,225,,,,,,,,,,,,,"4,666","4,618","4,541","4,985","5,058","6,189","6,142","5,769","5,769","5,485","4,781","4,501",281,29,35,6,11,33,32,23,21,30,42,64,149,82,91,21,52,52,52,52,13,55,5,59
TOWLB-CAB-XL-BLUE-SS24,,,,,,,,,,,,,,,,,,,,,,,,,,,-17,-23,1,91,271,271,271,271,271,231,181,152,50,29,35,6,11,33,32,23,21,30,42,64,,,,,,,,,,,,
TOWLB-CAB-XL-GREEN-R,UK ILGTowel - Beach,1,197,267,315,79,40,145,65,16,27,53,69,217,,150,,240,,330,300,870,120,900,,450,-177,-315,201,3,-100,-138,-50,-234,6,-317,-624,"-1,157",140,494,352,32,22,51,26,16,15,24,13,64,300,72,36,27,8,53,12,6,20,17,8,42
TOWLB-CAB-XL-KHAKI-R,UK ILGTowel - Beach,1,273,350,365,131,65,174,122,45,68,93,135,297,,,,,,,,,,,,,,,,,,,,,,,,,237,555,212,86,46,108,71,0,0,0,0,0,63,55,216,56,8,68,24,6,44,42,24,84
TOWLB-CAB-XL-LTBGE-R,UK ILGTowel - Beach,1,157,220,227,122,29,67,29,19,16,42,55,146,,,,,,60,240,240,390,60,420,,-641,-831,-150,-243,563,505,460,176,176,-45,-283,-469,131,153,145,46,59,4,13,17,27,33,48,63,10,53,25,22,22,22,22,22,2,26,80,12
TOWLB-CAB-XL-LTBLU-R,UK ILGTowel - Beach,11,205,169,138,27,25,74,55,17,34,144,169,225,,,,,,,,,,,,150,"1,111","1,066","1,007","1,117","1,097","1,651","1,594","1,171","1,171",858,540,295,60,29,35,6,11,33,32,23,21,30,42,64,53,47,18,12,23,23,23,6,2,30,8,24
TOWLB-CAB-XL-LTGRY-R,UK ILGTowel - Beach,2,76,99,311,155,34,81,3,0,0,0,0,0,,,,,,,,,,,,,,,,,,,,,,,,,77,105,102,17,14,25,14,18,4,17,12,24,,,,,,,,,,,,
TOWLB-CAB-XL-LTPNK-R,UK ILGTowel - Beach,11,215,261,363,110,69,170,103,40,59,89,139,363,,,,,,,,,,,,,"1,748","1,571","1,441","1,156","2,566","2,489","2,384","1,924","2,489","2,384","2,199","1,924",276,501,247,55,33,87,49,25,24,74,56,139,18,54,13,12,28,28,28,12,22,22,80,64
TOWLB-CAB-XL-LTPNK-SS24,,,,,,,,,,,,,,,,,,,,,,,,,,,-201,-221,0,0,0,0,0,0,0,0,0,0,67,163,152,20,31,28,12,45,0,0,0,0,,,,,,,,,,,,
TOWLB-CAB-XL-LTPPL-R,UK ILGTowel - Beach,1,189,234,41,82,40,122,68,29,20,63,89,135,,90,,300,,210,390,360,210,270,60,450,-146,-268,-353,-453,22,-80,-31,-275,25,-199,-572,-737,171,281,73,34,43,77,36,22,17,27,34,67,223,40,51,6,51,51,51,51,4,30,1,22
TOWLB-CAB-XL-NAVY-R,UK ILGTowel - Beach,2,934,1093,1003,356,202,571,328,137,144,302,467,881,,1110,,1860,,2580,,4290,,870,,1260,"-1,138","-1,433","-2,209","-1,348",-794,"-1,082",-610,"-1,850","-1,219","-2,569","-2,235","-4,274",397,916,751,131,37,175,153,100,81,157,120,282,19,237,285,85,56,30,8,19,63,179,653,66
TOWLB-CAB-XL-NAVY-SS24,,,,,,,,,,,,,,,,60,,90,,90,30,240,,180,,150,-375,-352,0,0,-43,-44,13,-64,26,-72,-97,-263,115,196,153,3,67,67,67,1,3,15,62,98,,,,,,,,,,,,
TOWLB-CAB-XL-ORANG-R,UK ILGTowel - Beach,9,167,169,138,27,25,74,55,17,34,144,169,225,,,,,,,,,120,,120,,673,622,589,687,746,"1,312","1,275",954,954,681,348,139,143,29,35,6,11,33,32,23,21,30,42,64,23,11,84,24,8,8,6,17,3,1,7,11
TOWLB-CAB-XL-PALP-R,UK ILGTowel - Beach,0,0,0,0,0,0,0,0,0,45,70,182,0,,,,,,,,,,,,,0,0,0,-120,-6,"1,020","1,020",655,623,623,623,623,0,0,0,0,0,0,0,0,0,0,0,0,0,0,0,120,0,0,0,6,11,11,40,32
TOWLB-CAB-XL-PINK-R,UK ILGTowel - Beach,4,341,169,138,27,25,74,55,17,34,144,169,225,,,,,,,,,,,,,301,268,187,855,"2,214","3,391","3,339","2,888","2,888","2,586","1,632","1,378",167,29,35,6,11,33,32,23,21,30,42,64,446,56,85,6,56,8,56,6,18,98,11,13
TOWLB-CAB-XL-POSPIN,UK ILGTowel - Beach,0,0,0,0,0,0,0,0,0,45,70,182,0,,,,,,,,,,,,,0,0,0,-120,-6,"1,020","1,020",655,623,623,623,623,0,0,0,0,0,0,0,0,0,0,0,0,0,0,0,120,0,0,0,6,11,11,40,32
TOWLB-CAB-XL-RED-R,UK ILGTowel - Beach,1,167,193,319,103,20,49,25,13,17,39,123,189,,,,,,,,,,,,,,,,,,,,,,,,,76,234,155,19,9,42,21,0,0,0,0,0,65,70,60,15,34,34,12,34,2,13,80,17
TOWLB-CAB-XL-RIO-R,UK ILGTowel - Beach,0,0,0,0,0,0,0,0,0,47,148,227,0,,,,90,,,,,120,,,,0,0,0,-120,-41,510,510,-67,3,3,3,3,0,0,0,0,0,0,0,0,0,0,0,0,0,0,0,120,0,0,0,41,2,16,96,20
TOWLB-CAB-XL-TEAL-R,UK ILGTowel - Beach,0,0,0,0,0,0,0,0,0,47,68,149,0,,,,,,,,,,,,,0,0,0,-120,-3,"1,020","1,020",698,656,656,656,656,0,0,0,0,0,0,0,0,0,0,0,0,0,0,0,120,0,0,0,3,22,21,12,42
TOWLB-CAB-XL-TURQ-R,UK ILGTowel - Beach,0,0,0,0,0,0,0,0,0,47,68,149,0,,,,,,,,,,,,,0,0,0,-120,-3,"1,020","1,020",698,656,656,656,656,0,0,0,0,0,0,0,0,0,0,0,0,0,0,0,120,0,0,0,3,22,21,12,42
TOWLB-CAB-XL-YELL-R,UK ILGTowel - Beach,7,95,169,138,27,25,74,55,17,34,144,169,225,,,,,,,90,120,180,,210,,527,497,455,364,322,888,827,424,424,134,-66,-181,89,29,35,6,11,33,32,23,21,30,42,64,16,7,54,3,17,17,17,17,27,7,80,1
TOWLB-COLLAB-LG-UNO,UK ILGTowel - Beach,9,500,550,600,100,100,350,82,25,51,215,253,337,,,,,,,,,,,,,"1,069",946,875,799,"1,311","1,205",839,750,694,607,323,0,30,50,30,5,5,18,48,35,31,45,63,95,16,47,37,20,6,16,7,10,5,24,7,6
TOWLB-COLLAB-XL-UNO,UK ILGTowel - Beach,5,450,450,500,75,75,200,63,18,23,15,30,55,,,,,,,,,,,,,409,322,498,475,836,746,535,429,394,362,322,202,25,35,25,4,4,10,55,10,4,5,10,21,11,32,25,10,15,11,5,7,5,20,80,192
TOWLB-DES-LG-ALOHGLW,UK ILGTowel - Beach,0,0,0,0,0,0,0,0,0,0,0,0,0,,,,,,,,,,,,,,,,,,,,,,,,,0,0,0,0,0,0,0,0,0,0,0,0,,,,,,,,,,,,
TOWLB-DES-LG-BLUSKY,UK ILGTowel - Beach,0,817,737,655,211,211,655,655,50,102,430,506,674,,,240,1160,,1320,,1880,,1280,,1040,"-2,877","-2,212","-1,103",129,138,22,-226,"-1,365",-205,"-1,299",-937,"-1,855",90,120,60,14,26,75,72,53,47,68,95,143,51,61,288,66,51,33,9,13,99,125,155,277
TOWLB-DES-LG-BLUSPRIT,UK ILGTowel - Beach,0,0,0,0,0,0,0,0,0,0,0,0,0,,,,,,,,,,,,,,,,,,,,,,,,,0,0,0,0,0,0,0,0,0,0,0,0,,,,,,,,,,,,
TOWLB-DES-LG-CHECKMT,UK ILGTowel - Beach,0,0,0,0,0,0,0,0,0,0,0,0,0,,,,,,,,,,,,,,,,,,,,,,,,,0,0,0,0,0,0,0,0,0,0,0,0,,,,,,,,,,,,
TOWLB-DES-LG-FRUTLPS,UK ILGTowel - Beach,0,0,0,0,0,0,0,0,0,0,0,0,0,,,,,,,,,,,,,,,,,,,,,,,,,0,0,0,0,0,0,0,0,0,0,0,0,,,,,,,,,,,,
TOWLB-DES-LG-GRECSHR,UK ILGTowel - Beach,3,500,500,500,40,37,111,82,25,51,215,253,337,,,,,,,,,,,,,110,33,"1,311","1,208","1,642","1,577","1,448","1,361","1,312","1,241",969,621,200,200,52,9,17,50,48,35,31,45,63,95,75,90,123,28,28,18,5,24,20,50,32,31
TOWLB-DES-LG-GROOVCH,UK ILGTowel - Beach,0,0,0,0,0,0,0,0,0,0,0,0,0,,,,,,,,,,,,,,,,,,,,,,,,,0,0,0,0,0,0,0,0,0,0,0,0,,,,,,,,,,,,
TOWLB-DES-LG-HOTTROP,UK ILGTowel - Beach,0,500,500,500,80,74,222,164,50,23,93,90,137,,,,,,,,,,,,,"-1,470","-1,382",4,-26,969,853,818,412,853,818,657,412,92,65,78,14,26,75,72,53,0,0,0,0,21,65,48,63,29,21,9,13,12,68,155,93
TOWLB-DES-LG-IBZAGLW,UK ILGTowel - Beach,2,420,506,412,80,74,222,164,50,7,41,59,69,,,,,,,,,,,,,-1,-118,992,"1,149","1,270","1,154","1,469","1,270","1,154","1,094","1,025",947,92,65,78,14,26,75,72,53,47,8,13,33,21,61,48,24,29,21,9,13,6,20,6,6
TOWLB-DES-LG-KARMA,UK ILGTowel - Beach,4,210,253,206,40,37,111,82,25,6,20,28,21,,,,,,,,,,,,,253,139,759,872,869,799,992,869,799,756,723,675,61,43,52,9,17,50,48,35,31,7,17,21,16,47,37,65,22,16,7,10,6,6,3,6
TOWLB-DES-LG-LEMWAV,UK ILGTowel - Beach,0,0,224,77,12,3,195,6,25,51,87,0,0,,,,,,,,,,,,,,,,,,,,,,,,,0,0,0,0,0,0,0,0,0,0,0,0,,,,,,,,,,,,
TOWLB-DES-LG-MARINDRM,UK ILGTowel - Beach,0,0,0,0,0,0,0,0,0,0,0,0,0,,,,,,,,,,,,,,,,,,,,,,,,,0,0,0,0,0,0,0,0,0,0,0,0,,,,,,,,,,,,
TOWLB-DES-LG-MELLOW,UK ILGTowel - Beach,0,700,600,400,211,211,400,400,33,18,89,116,135,,40,,480,,440,440,720,240,760,,960,"-1,989","-1,468",-934,168,39,-13,-7,-442,38,-437,-860,"-1,146",92,65,78,8,12,60,76,39,19,51,26,39,71,61,48,31,33,21,9,19,16,75,155,301
TOWLB-DES-LG-OCETRES,UK ILGTowel - Beach,0,500,500,500,80,74,222,164,50,103,206,120,475,,,,,,,,,,,,,"-2,717","-2,072",890,"2,832","2,769","2,563","3,005","2,832","2,769","2,563","2,322","2,125",-1,-1,78,14,26,75,0,0,0,0,0,0,271,190,568,18,29,21,9,13,103,35,77,171
TOWLB-DES-LG-PNKPARA,UK ILGTowel - Beach,0,500,500,500,80,74,222,164,50,102,370,0,0,,,,,,,,,,,,,"-1,794","-1,432",-476,961,788,725,961,788,725,598,91,41,-1,-1,78,14,26,75,0,0,0,0,0,0,21,70,168,24,29,21,9,13,25,137,50,52
TOWLB-DES-LG-PSTPIER,UK ILGTowel - Beach,0,817,737,655,211,211,655,655,47,63,98,72,160,,120,40,560,,480,440,920,320,880,,1400,"-2,533","-1,949","-1,232",-225,-9,-106,-128,-583,-23,-447,-917,"-1,351",92,65,78,12,24,106,84,69,47,49,19,54,41,72,48,71,80,18,9,12,32,102,155,210
TOWLB-DES-LG-RSPROAD,UK ILGTowel - Beach,0,817,737,655,211,211,655,655,70,92,59,132,154,,160,,600,,400,680,600,840,80,1080,,"-2,823","-1,950","-1,278",-18,24,-133,-117,-565,35,-367,"-1,067","-1,250",92,65,78,23,51,121,116,81,34,43,35,48,191,61,48,72,81,33,9,6,18,24,155,200
TOWLB-DES-LG-SEAFOAM,UK ILGTowel - Beach,0,0,0,0,0,0,0,0,0,0,0,0,0,,,,,,,,,,,,,,,,,,,,,,,,,0,0,0,0,0,0,0,0,0,0,0,0,,,,,,,,,,,,
TOWLB-DES-LG-SUGPALM,UK ILGTowel - Beach,0,0,0,0,0,0,0,0,0,0,0,0,0,,,,,,,,,,,,,,,,,,,,,,,,,0,0,0,0,0,0,0,0,0,0,0,0,,,,,,,,,,,,
TOWLB-DES-LG-SUNSPL,UK ILGTowel - Beach,0,0,0,0,0,0,0,0,0,0,0,0,0,,,,,,,,,,,,,,,,,,,,,,,,,0,0,0,0,0,0,0,0,0,0,0,0,,,,,,,,,,,,
TOWLB-DES-LG-SWTESC,UK ILGTowel - Beach,2,420,506,412,80,74,222,164,50,6,49,63,90,,,,,,,,,,,,,-56,-168,956,"1,113","1,380","1,264","1,593","1,380","1,264","1,244","1,136","1,027",92,65,78,14,26,75,72,53,1,4,9,24,21,72,48,18,29,21,9,13,13,55,37,373
TOWLB-DES-LG-TANTIDE,UK ILGTowel - Beach,1,294,354,288,56,52,155,115,35,19,109,117,227,,,,,,,,,,,,,-568,-656,261,368,592,504,768,592,504,465,290,130,73,52,62,11,20,60,58,42,1,11,19,34,18,52,41,21,24,18,8,11,19,55,24,18
TOWLB-DES-LG-TROPTRT,UK ILGTowel - Beach,0,0,0,0,0,0,0,0,0,0,0,0,0,,,,,,,,,,,,,,,,,,,,,,,,,0,0,0,0,0,0,0,0,0,0,0,0,,,,,,,,,,,,
TOWLB-DES-LG-VITSEA,UK ILGTowel - Beach,0,0,0,0,0,0,0,0,0,0,0,0,0,,,,,,,,,,,,,,,,,,,,,,,,,0,0,0,0,0,0,0,0,0,0,0,0,,,,,,,,,,,,
TOWLB-DES-LG-WTRSUG,UK ILGTowel - Beach,2,294,354,288,56,52,155,115,35,25,52,73,90,,,,,,,,,,,,,-150,-272,685,512,389,343,512,389,343,306,228,143,73,52,62,11,20,60,58,42,7,12,12,45,18,52,41,56,24,18,8,11,12,26,12,6
TOWLB-DES-LG-WYWH,UK ILGTowel - Beach,1,420,506,412,80,74,222,164,50,5,46,64,90,,,,,,,,,,,,,-530,-672,486,643,796,680,"1,003",796,680,529,396,168,92,65,78,14,26,75,72,53,47,3,9,30,21,70,48,48,29,21,9,13,99,84,155,144
TOWLB-DES-XL-ALOHGLW,UK ILGTowel - Beach,0,0,0,0,0,0,0,0,0,0,0,0,0,,,,,,,,,,,,,,,,,,,,,,,,,0,0,0,0,0,0,0,0,0,0,0,0,,,,,,,,,,,,
TOWLB-DES-XL-BLUSKY,UK ILGTowel - Beach,0,817,737,655,211,211,655,655,62,54,96,234,235,,150,,780,,480,510,780,780,270,810,210,"-2,836","-2,144","-1,394",-502,-21,-132,-148,-755,25,-471,-969,"-1,282",62,44,53,21,54,92,85,40,73,8,28,25,99,42,333,48,20,18,9,9,39,137,104,236
TOWLB-DES-XL-BLUSPRIT,UK ILGTowel - Beach,0,0,0,0,0,0,0,0,0,0,0,0,0,,,,,,,,,,,,,,,,,,,,,,,,,0,0,0,0,0,0,0,0,0,0,0,0,,,,,,,,,,,,
TOWLB-DES-XL-CHECKMT,UK ILGTowel - Beach,0,0,0,0,0,0,0,0,0,0,0,0,0,,,,,,,,,,,,,,,,,,,,,,,,,0,0,0,0,0,0,0,0,0,0,0,0,,,,,,,,,,,,
TOWLB-DES-XL-FRUTLPS,UK ILGTowel - Beach,0,0,0,0,0,0,0,0,0,0,0,0,0,,,,,,,,,,,,,,,,,,,,,,,,,0,0,0,0,0,0,0,0,0,0,0,0,,,,,,,,,,,,
TOWLB-DES-XL-GRECSHR,UK ILGTowel - Beach,1,400,400,500,284,56,148,78,52,70,113,196,130,,,,,,,,,,,,,"-1,257","-1,631",-359,-489,0,0,0,0,0,0,0,0,200,200,222,58,37,57,50,43,40,0,0,0,147,13,114,32,15,3,6,9,44,37,38,59
TOWLB-DES-XL-GROOVCH,UK ILGTowel - Beach,0,0,0,0,0,0,0,0,0,0,0,0,0,,,,,,,,,,,,,,,,,,,,,,,,,0,0,0,0,0,0,0,0,0,0,0,0,,,,,,,,,,,,
TOWLB-DES-XL-HOTTROP,UK ILGTowel - Beach,0,400,400,400,54,50,148,110,34,31,110,61,96,,,,,,,,,,,,,"-1,203","-1,071",-300,-362,763,685,630,427,685,630,494,427,62,44,53,9,17,50,48,35,0,0,0,0,14,42,33,93,20,14,7,9,24,26,6,250
TOWLB-DES-XL-IBZAGLW,UK ILGTowel - Beach,1,280,338,276,54,50,148,110,34,12,51,77,92,,,,,,,,,,,,,-380,-456,549,625,610,532,775,610,532,482,411,301,62,44,53,9,17,50,48,35,32,6,21,37,14,42,33,13,20,14,7,9,6,14,12,6
TOWLB-DES-XL-KARMA,UK ILGTowel - Beach,1,140,169,138,27,25,74,55,17,12,30,54,69,,,,,,,,,,,,,-223,-346,225,266,444,396,536,444,396,347,293,212,41,29,35,6,11,33,32,24,24,12,21,40,11,32,25,90,15,11,5,7,13,12,6,6
TOWLB-DES-XL-LEMWAV,UK ILGTowel - Beach,0,0,0,0,0,0,0,0,0,0,0,0,0,,,,,,,,,,,,,,,,,,,,,,,,,0,0,0,0,0,0,0,0,0,0,0,0,,,,,,,,,,,,
TOWLB-DES-XL-MELLOW,UK ILGTowel - Beach,0,700,600,400,211,211,400,400,34,68,288,338,450,,60,60,840,,840,30,1500,,750,,690,"-2,035","-1,422",-894,-216,7,-52,-96,-886,-46,-821,-847,"-1,503",62,44,53,9,17,50,48,35,32,45,63,96,104,42,33,30,9,14,7,9,4,12,104,229
TOWLB-DES-XL-OCETRES,UK ILGTowel - Beach,0,400,400,400,54,50,148,110,1,1,218,176,525,,,,,,,,,,,,,"-2,366","-1,587",931,"1,580","1,570","1,522","1,697","1,580","1,570","1,522","1,213",941,-1,-1,53,9,17,50,0,0,0,0,0,0,464,542,33,13,20,14,7,9,47,91,96,42
TOWLB-DES-XL-PNKPARA,UK ILGTowel - Beach,0,400,400,400,54,50,148,110,34,41,121,12,0,,,,,,,,,,,,,"-1,541","-1,202",-497,140,233,190,350,233,190,100,0,0,-1,-1,53,9,17,50,0,0,0,0,0,0,14,42,233,13,20,14,7,9,49,29,15,32
TOWLB-DES-XL-PSTPIER,UK ILGTowel - Beach,0,817,737,655,211,211,655,655,34,68,288,338,450,,,,780,,690,240,1260,,1230,,990,"-2,469","-1,806","-1,142",27,254,190,82,-762,18,-676,-909,"-1,492",62,44,53,19,33,69,39,21,32,45,63,96,44,42,33,12,20,9,9,9,8,6,104,148
TOWLB-DES-XL-RSPROAD,UK ILGTowel - Beach,0,817,737,655,211,211,655,655,38,50,132,135,230,,,,420,,420,660,570,840,,1080,,"-2,748","-1,818","-1,252",47,263,174,48,-395,25,-413,"-1,066","-1,229",62,44,53,7,37,53,52,42,43,27,31,34,194,42,33,36,9,14,7,9,33,14,104,174
TOWLB-DES-XL-SUGPALM,UK ILGTowel - Beach,0,0,0,0,0,0,0,0,0,0,0,0,0,,,,,,,,,,,,,,,,,,,,,,,,,0,0,0,0,0,0,0,0,0,0,0,0,,,,,,,,,,,,
TOWLB-DES-XL-SUNSPL,UK ILGTowel - Beach,0,0,0,0,0,0,0,0,0,0,0,0,0,,,,,,,,,,,,,,,,,,,,,,,,,0,0,0,0,0,0,0,0,0,0,0,0,,,,,,,,,,,,
TOWLB-DES-XL-SWTESC,UK ILGTowel - Beach,1,280,338,276,54,50,148,110,34,68,288,338,71,,,,,,,,,,,,,-710,-786,133,161,506,428,671,506,428,321,0,0,62,44,53,9,17,50,48,35,32,45,0,0,14,42,33,13,20,14,7,9,7,5,9,6
TOWLB-DES-XL-TANTIDE,UK ILGTowel - Beach,0,196,237,193,38,35,104,77,24,12,91,101,9,,,,,,,,,,,,,-754,-692,104,110,229,169,350,229,169,113,15,0,49,35,42,7,13,40,38,28,0,0,0,0,12,185,28,11,17,12,6,8,44,7,9,211
TOWLB-DES-XL-TROPTRT,UK ILGTowel - Beach,0,0,0,0,0,0,0,0,0,0,0,0,0,,,,,,,,,,,,,,,,,,,,,,,,,0,0,0,0,0,0,0,0,0,0,0,0,,,,,,,,,,,,
TOWLB-DES-XL-VITSEA,UK ILGTowel - Beach,0,0,0,0,0,0,0,0,0,0,0,0,0,,,,,,,,,,,,,,,,,,,,,,,,,0,0,0,0,0,0,0,0,0,0,0,0,,,,,,,,,,,,
TOWLB-DES-XL-WTRSUG,UK ILGTowel - Beach,0,196,237,193,38,35,104,77,24,48,47,132,12,,,,,,,,,,,,,-582,-676,7,-109,48,16,131,48,16,0,0,0,49,35,42,7,13,40,38,0,1,6,14,0,12,35,28,61,17,12,6,8,56,20,6,7
TOWLB-DES-XL-WYWH,UK ILGTowel - Beach,0,280,338,276,54,50,148,110,34,10,65,91,88,,,,,,,,,,,,,-999,-801,329,347,590,547,707,590,547,531,442,247,62,44,53,9,17,50,0,35,0,0,0,0,14,42,33,58,20,14,7,9,6,24,104,12
TOWLB-DOB-LG-CALM,UK ILGTowel - Beach,2,420,506,412,80,74,222,164,50,19,57,62,126,,,,,,,,,,,,,-137,-245,656,653,999,896,653,480,417,389,290,203,92,65,78,32,32,75,72,53,47,13,13,70,21,61,48,24,29,21,9,13,6,29,12,6
TOWLB-DOB-LG-WILDTHG,UK ILGTowel - Beach,0,0,0,0,0,0,0,0,0,0,0,0,0,,,,,,,,,,,,,,,,,,,,,,,,,0,0,0,0,0,0,0,0,0,0,0,0,,,,,,,,,,,,
TOWLB-DOB-XL-CALM,UK ILGTowel - Beach,1,280,338,276,54,50,148,110,34,21,59,105,179,,,,,,,,,,,,,-629,-730,187,170,557,487,290,125,47,0,0,0,62,44,53,34,34,50,48,35,34,8,34,60,14,42,33,13,20,14,7,9,6,12,104,250
TOWLB-DOB-XL-WILDTHG,UK ILGTowel - Beach,0,0,0,0,0,0,0,0,0,0,0,0,0,,,,,,,,,,,,,,,,,,,,,,,,,0,0,0,0,0,0,0,0,0,0,0,0,,,,,,,,,,,,
TOWLB-KID-LG-BIKE,UK ILGKids Towel - Beach,0,0,0,0,0,0,0,0,0,0,0,0,0,,,,,,,,,,,,,,,,,,,,,,,,,3,9,6,0,0,0,0,0,0,0,0,0,0,0,0,0,0,0,0,0,0,0,0,0
TOWLB-KID-LG-BOAT,UK ILGKids Towel - Beach,0,0,0,0,0,0,0,0,0,0,0,0,0,,,,,,,,,,,,,,,,,,,,,,,,,8,9,6,0,0,0,0,0,0,0,0,0,0,0,0,0,0,0,0,0,0,0,0,0
TOWLB-KID-LG-BUILDBCH,UK ILGKids Towel - Beach,0,0,0,0,0,0,0,0,0,0,0,0,0,,,,,,,,,,,,,,,,,,,,,,,,,0,0,0,0,0,0,0,0,0,0,0,0,0,0,0,0,0,0,0,0,0,0,0,0
TOWLB-KID-LG-CAMO,UK ILGKids Towel - Beach,0,0,0,0,0,0,0,0,0,0,0,0,0,,,,,,,,,,,,,,,,,,,,,,,,,0,0,0,0,0,0,0,0,0,0,0,0,,,,,,,,,,,,
TOWLB-KID-LG-CHECKOUT,UK ILGKids Towel - Beach,12,8,6,4,0,0,0,0,0,6,10,8,13,,,,,,,,,,,,,,,,,,,,,,,,,6,11,7,0,0,0,0,0,0,0,0,0,2,1,4,0,0,0,0,0,1,2,6,42
TOWLB-KID-LG-GVCLUB,UK ILGKids Towel - Beach,12,12,8,6,0,0,0,0,0,8,14,12,18,,,,,,,,,,,,,,,,,,,,,,,,,8,14,9,0,0,0,0,0,0,0,0,0,3,1,5,0,0,0,0,0,1,8,6,2
TOWLB-KID-LG-INTOWILD,UK ILGKids Towel - Beach,12,8,6,4,0,0,0,0,0,6,10,8,13,,,,,,,,,,,,,,,,,,,,,,,,,6,11,7,0,0,0,0,0,0,0,0,0,2,1,4,0,0,0,0,0,6,14,12,8
TOWLB-KID-LG-JELLY,UK ILGKids Towel - Beach,12,8,6,4,0,0,0,0,0,5,27,34,39,,,,,,,,,,,,,,,,,,,,,,,,,6,11,7,0,0,0,0,0,0,0,0,0,2,1,4,0,0,0,0,0,1,14,12,6
TOWLB-KID-LG-KARMCHAM,UK ILGKids Towel - Beach,0,0,0,0,0,0,0,0,0,0,0,0,0,,,,,,,,,,,,,,,,,,,,,,,,,0,0,0,0,0,0,0,0,0,0,0,0,,,,,,,,,,,,
TOWLB-KID-LG-POWPOS,UK ILGKids Towel - Beach,0,0,0,0,0,0,0,0,0,0,0,0,0,,,,,,,,,,,,,,,,,,,,,,,,,0,0,0,0,0,0,0,0,0,0,0,0,,,,,,,,,,,,
TOWLB-KID-LG-RAINB,UK ILGKids Towel - Beach,0,0,0,0,0,0,0,0,0,0,0,0,0,,,,,,,,,,,,,,,,,,,,,,,,,0,0,0,3,1,0,0,0,0,0,0,0,0,0,0,0,0,0,0,0,0,0,0,0
TOWLB-KID-LG-SANDSTRT,UK ILGKids Towel - Beach,0,0,0,0,0,0,0,0,0,0,0,0,0,,,,,,,,,,,,,,,,,,,,,,,,,0,0,0,0,0,0,0,0,0,0,0,0,,,,,,,,,,,,
TOWLB-KID-LG-SKATER,UK ILGKids Towel - Beach,12,12,8,6,0,0,0,0,0,6,18,12,43,,,,,,,,,,,,,,,,,,,,,,,,,8,14,9,0,0,0,0,0,0,0,0,0,3,1,5,0,0,0,0,0,1,6,10,10
TOWLB-KID-LG-TURTROP,UK ILGKids Towel - Beach,0,0,0,0,0,0,0,0,0,0,0,0,0,,,,,,,,,,,,,,,,,,,,,,,,,0,0,0,0,0,0,0,0,0,0,0,0,,,,,,,,,,,,
TOWLB-KID-MD-BIKE,UK ILGKids Towel - Beach,0,0,0,0,0,0,0,0,0,0,0,0,0,,,,,,,,,,,,,,,,,,,,,,,,,5,25,0,0,0,0,1,0,0,0,0,0,,,,,,,,,,,,
TOWLB-KID-MD-BUILDBCH,UK ILGKids Towel - Beach,0,0,0,0,0,0,0,0,0,0,0,0,0,,,,,,,,,,,,,,,,,,,,,,,,,5,0,12,9,0,0,0,0,0,0,0,0,,,,,,,,,,,,
TOWLB-KID-MD-CAMO,UK ILGKids Towel - Beach,0,0,0,0,0,0,0,0,0,0,0,0,0,,,,,,,,,,,,,,,,,,,,,,,,,0,0,0,0,0,0,0,0,0,0,0,0,,,,,,,,,,,,
TOWLB-KID-MD-CHECKOUT,UK ILGKids Towel - Beach,12,27,17,13,0,0,0,0,0,5,15,13,8,,,,,,,,,,,,,,,,,,,,,,,,,0,0,0,0,0,0,0,0,0,0,0,0,6,4,14,0,0,0,0,0,0,22,6,3
TOWLB-KID-MD-GVCLUB,UK ILGKids Towel - Beach,12,38,24,18,0,0,0,0,0,10,14,11,12,,,,,,,,,,,,,,,,,,,,,,,,,0,0,0,0,0,0,0,0,0,0,0,0,7,5,17,0,0,0,0,0,0,28,12,8
TOWLB-KID-MD-INTOWILD,UK ILGKids Towel - Beach,12,27,17,13,0,0,0,0,0,0,13,12,15,,,,,,,,,,,,,,,,,,,,,,,,,0,0,0,0,0,0,0,0,0,0,0,0,6,4,14,0,0,0,0,0,0,22,12,8
TOWLB-KID-MD-JELLY,UK ILGKids Towel - Beach,12,27,17,13,0,0,0,0,0,0,0,0,0,,,,,,,,,,,,,,,,,,,,,,,,,0,0,0,0,0,0,0,0,0,0,0,0,6,4,14,0,0,0,0,0,0,26,6,0
TOWLB-KID-MD-KARMCHAM,UK ILGKids Towel - Beach,0,0,0,0,0,0,0,0,0,0,0,0,0,,,,,,,,,,,,,,,,,,,,,,,,,0,0,0,0,0,0,0,0,0,0,0,0,,,,,,,,,,,,
TOWLB-KID-MD-POWPOS,UK ILGKids Towel - Beach,0,0,0,0,0,0,0,0,0,0,0,0,0,,,,,,,,,,,,,,,,,,,,,,,,,0,0,0,0,0,0,0,0,0,0,0,0,,,,,,,,,,,,
TOWLB-KID-MD-RAINB,UK ILGKids Towel - Beach,0,0,0,0,0,0,0,0,0,0,0,0,0,,,,,,,,,,,,,,,,,,,,,,,,,0,0,0,0,0,3,0,0,0,0,0,0,0,0,0,0,0,0,0,0,0,0,0,0
TOWLB-KID-MD-SANDSTRT,UK ILGKids Towel - Beach,0,0,0,0,0,0,0,0,0,0,0,0,0,,,,,,,,,,,,,,,,,,,,,,,,,0,0,0,0,0,0,0,0,0,0,0,0,,,,,,,,,,,,
TOWLB-KID-MD-SKATER,UK ILGKids Towel - Beach,12,38,24,18,0,0,0,0,0,8,13,7,14,,,,,,,,,,,,,,,,,,,,,,,,,0,0,0,0,0,0,0,0,0,0,0,0,7,5,17,0,0,0,0,0,0,0,6,1
TOWLB-KID-MD-TURTROP,UK ILGKids Towel - Beach,0,0,0,0,0,0,0,0,0,0,0,0,0,,,,,,,,,,,,,,,,,,,,,,,,,0,0,0,0,0,0,0,0,0,0,0,0,,,,,,,,,,,,
TOWLB-SUM-LG-COLAGN,UK ILGTowel - Beach,2,534,1320,870,255,108,526,201,77,120,177,189,150,,,,,,,,,,,,,33,-283,-50,225,-14,-120,-162,186,80,0,0,0,178,204,95,43,29,37,51,10,9,12,10,38,62,79,90,18,70,31,23,19,33,41,103,60
TOWLB-SUM-LG-CSTCANDY,UK ILGTowel - Beach,2,878,253,206,40,37,111,82,25,51,215,253,337,,,,,,,,,,,,,-40,-145,"1,338","2,021","1,915","1,866","1,808","1,915","1,866","1,808","1,422","1,094",184,43,52,9,17,50,48,35,31,45,63,95,129,306,142,56,60,7,24,24,7,171,75,393
TOWLB-SUM-LG-MIAMI,UK ILGTowel - Beach,1,420,1015,744,196,104,388,156,75,90,174,211,371,,,,,,,,,,,,,"-1,986","-2,421","-1,425",-746,-462,-624,-95,178,16,0,0,0,226,348,107,29,45,106,89,38,43,27,36,70,194,157,243,210,55,7,200,87,21,115,75,209
TOWLB-SUM-LG-OCEAN,UK ILGTowel - Beach,0,400,500,500,80,74,222,164,50,17,128,162,260,,,,,,40,440,160,840,,360,,"-1,305","-1,195",508,277,883,812,760,272,272,-40,-477,-594,92,65,78,14,26,75,72,53,47,12,21,53,77,57,35,23,20,9,30,21,35,104,94,52
TOWLB-SUM-LG-RAINB-R,UK ILGTowel - Beach,2,124,117,238,119,9,216,74,12,21,30,34,30,,,,,,,200,40,440,,280,,101,-30,101,357,281,257,229,137,137,36,-162,-205,41,49,29,13,3,19,4,35,31,1,2,43,33,77,43,12,60,8,2,12,7,6,20,28
TOWLB-SUM-LG-SANDSEA,UK ILGTowel - Beach,0,0,0,0,0,0,0,0,0,0,0,0,0,,,,,,,,,,,,,,,,,,,,,,,,,0,0,0,4,8,0,0,0,5,5,0,0,,,,,,,,,,,,
TOWLB-SUM-LG-TUTFRU,UK ILGTowel - Beach,0,400,500,500,80,74,222,164,50,19,119,177,212,,,,,,240,240,520,280,360,,480,"-1,135","-1,223",444,213,619,548,485,93,93,-206,-443,-747,92,65,78,14,26,75,72,53,47,8,17,38,77,44,35,64,20,9,30,21,44,88,8,87
TOWLB-SUM-LG-UNICN-R,UK ILGTowel - Beach,6,476,600,517,194,50,440,192,50,48,81,65,108,,,,,,,600,400,920,,960,,"1,300",850,"1,126",649,774,648,545,360,360,239,-577,-994,105,163,101,28,3,141,31,13,5,6,3,6,235,254,101,228,31,16,12,63,50,14,16,7
TOWLB-SUM-MD-UNICN,UK ILGKids Towel - Beach,5,66,132,12,72,39,187,136,8,77,31,25,46,,,,50,,100,,300,,200,,300,374,247,289,58,407,342,218,-12,38,-72,-76,-272,20,24,50,49,17,36,59,51,46,38,50,46,18,40,18,6,18,18,6,6,1,46,40,18
TOWLB-SUM-X2-UNICN,UK ILGTowel - Beach,0,40,0,0,0,0,0,0,0,0,0,0,0,,,,,,,,,,,,,4,4,4,4,4,4,4,4,4,4,4,4,7,0,0,0,0,0,0,0,0,0,0,0,,,,,,,,,,,,
TOWLB-SUM-XL-COLAGN,UK ILGTowel - Beach,1,826,1159,816,238,120,334,109,79,99,219,97,0,,,,,,,,,,,,,"-1,708","-2,022","-1,249",-610,-454,-567,-133,116,3,0,0,0,266,318,164,64,59,88,80,23,27,33,51,97,76,62,21,12,8,5,15,11,10,25,16,24
TOWLB-SUM-XL-CSTCANDY,UK ILGTowel - Beach,1,543,793,432,191,65,175,73,52,59,73,87,246,,,,,,,,,,,,,-838,"-1,112",385,309,248,161,50,248,161,50,0,0,304,618,221,71,42,62,66,21,23,33,46,69,553,99,25,12,16,8,12,14,29,21,27,38
TOWLB-SUM-XL-MIAMI,UK ILGTowel - Beach,1,489,1019,692,237,95,279,129,80,100,157,234,429,,,,,,,,,,,,,"-1,414","-1,694",-774,-647,-257,-343,-119,103,17,0,0,0,196,372,98,25,25,42,28,14,22,30,23,34,828,87,48,18,10,8,15,6,22,44,17,68
TOWLB-SUM-XL-OCEAN,UK ILGTowel - Beach,0,400,500,500,54,50,148,110,34,18,150,187,344,,,,120,,420,90,900,,750,,300,"-1,397","-1,229",-171,-136,526,443,336,-109,11,-409,-502,-986,62,44,53,9,17,50,48,35,32,20,22,70,51,30,23,16,13,7,20,14,57,50,16,6
TOWLB-SUM-XL-PCHSUN,UK ILGTowel - Beach,0,0,0,0,0,0,0,0,0,0,0,0,0,,,,,,,,,,,,,,,,,,,,,,,,,0,0,0,0,0,0,0,0,0,0,0,0,,,,,,,,,,,,
TOWLB-SUM-XL-RAINB-R,UK ILGTowel - Beach,6,117,169,138,27,25,74,55,17,34,144,169,225,,,,120,,240,660,,600,,180,,523,484,350,508,344,321,246,-91,29,-213,-878,-428,18,29,35,6,11,33,32,23,21,30,42,64,788,41,12,12,109,8,109,6,41,18,6,17
TOWLB-SUM-XL-SANDSEA,UK ILGTowel - Beach,0,0,0,0,0,0,0,0,0,0,0,0,0,,,,,,,,,,,,,,,,,,,,,,,,,0,0,0,0,0,0,0,0,1,0,0,0,,,,,,,,,,,,
TOWLB-SUM-XL-TUTFRU,UK ILGTowel - Beach,0,400,500,500,54,50,148,110,34,24,139,198,362,,,,90,,450,60,960,,750,,300,"-1,319","-1,255",-194,-138,524,441,334,-81,9,-423,-486,"-1,000",62,44,53,9,17,50,48,35,32,11,19,58,51,30,23,66,13,7,20,14,51,32,16,12
TOWLB-SUM-XL-UNICN-R,UK ILGTowel - Beach,3,252,272,352,150,34,319,121,35,36,49,55,96,,,,,,,390,,840,,240,390,30,-153,-196,4,501,444,362,129,129,17,-389,-379,32,82,13,3,9,275,2,4,3,11,1,6,122,26,96,30,8,16,40,18,43,105,12,10
TOWLF-ESS-LG-BLUE-R,UK ILGTowel - Beach,10,53,38,61,39,7,49,13,11,14,16,15,22,,,,,,,,,,,,,447,392,359,308,285,264,308,285,264,245,222,73,13,28,29,10,4,10,21,1,2,4,15,8,10,21,37,6,22,16,10,10,5,6,119,6
TOWLF-ESS-LG-DKBLU,UK ILGTowel - Beach,0,119,93,90,44,22,136,102,7,31,53,30,59,,,,,,,,,,,,,-556,-541,-382,193,23,-16,-67,103,64,0,0,0,95,94,90,36,34,47,76,0,0,0,0,0,15,47,37,10,39,32,32,32,60,158,119,42
TOWLF-ESS-LG-GREEN-R,UK ILGTowel - Beach,2,10,30,17,17,1,31,9,9,12,7,8,14,,,,,,,,,,,,,26,-5,132,85,63,41,85,63,41,0,0,0,16,17,7,1,2,9,4,4,4,7,3,20,11,9,37,14,22,16,13,13,76,18,71,0
TOWLF-ESS-LG-GREY-R,UK ILGTowel - Beach,1,35,253,206,40,37,111,82,25,51,121,0,0,,,,,,,,,,,,,-460,-521,163,-14,-155,-191,186,45,9,0,0,0,23,43,52,9,17,50,48,0,0,0,0,0,10,47,37,12,22,16,11,11,10,158,119,287
TOWLF-ESS-LG-LTPPL,UK ILGTowel - Beach,3,22,22,15,11,3,29,12,10,4,7,8,10,,,,,,,,,,,,,24,-9,40,45,16,-9,-53,96,71,0,0,0,26,15,21,8,6,9,8,5,4,8,6,13,10,47,37,14,22,16,9,10,76,6,103,0
TOWLF-ESS-LG-PINK-R,UK ILGTowel - Beach,2,27,31,23,17,11,30,20,9,12,5,13,21,,,,,,,,,,,,,3,-28,33,107,75,60,107,75,60,0,0,0,12,18,22,5,5,11,14,5,6,7,8,13,16,47,37,14,8,16,12,6,76,18,119,15
TOWLF-ESS-XL-BLUE-R,UK ILGTowel - Beach,9,15,19,65,38,8,31,6,4,13,19,29,38,,,,,,,,,,,,,387,339,316,274,260,248,274,260,248,184,60,25,17,22,17,7,4,4,6,1,4,6,10,18,10,32,25,10,15,11,8,8,51,105,6,7
TOWLF-ESS-XL-DKBLU,UK ILGTowel - Beach,1,95,115,107,58,38,114,85,19,30,99,40,66,,,,,,,,,,,,,-357,-458,-188,107,-31,-61,-21,59,29,0,0,0,116,99,61,32,28,41,51,0,0,0,0,0,11,2,25,11,15,11,11,11,20,18,80,1
TOWLF-ESS-XL-GREEN-R,UK ILGTowel - Beach,9,19,23,22,17,7,18,6,2,7,13,17,28,,,,,,,,,,,,,275,247,225,196,179,166,196,179,166,108,0,0,6,14,11,5,1,3,7,3,1,2,2,15,14,32,25,11,15,11,11,11,51,105,6,118
TOWLF-ESS-XL-GREY-R,UK ILGTowel - Beach,8,26,35,24,21,14,30,13,7,5,10,16,23,,,,,,,,,,,,,263,227,198,153,125,97,153,125,97,39,8,0,24,23,15,4,11,7,6,6,2,3,6,29,10,32,25,15,15,15,15,15,51,18,80,126
TOWLF-ESS-XL-LTPPL,UK ILGTowel - Beach,2,29,169,138,27,25,74,55,17,34,144,107,0,,,,,,,,,,,,,-164,-207,252,184,93,44,-62,183,134,28,0,0,13,29,35,6,11,33,32,23,21,30,42,0,10,32,25,10,15,11,9,9,51,105,6,192
TOWLF-ESS-XL-PINK-R,UK ILGTowel - Beach,1,20,23,19,16,11,13,5,2,5,14,21,29,,,,,,,,,,,,,-60,-90,4,37,18,2,37,18,2,0,0,0,9,25,10,3,2,4,5,23,21,7,6,10,13,32,25,14,15,14,14,14,51,60,0,0
TOWLH-CBH-LG-CREAM,UK ILGTowel - Home,0,0,0,0,0,0,0,0,0,0,0,0,0,,,,,,,,,,,,,,,,,,,,,,,,,0,0,0,0,0,0,0,0,0,0,0,0,,,,,,,,,,,,
TOWLH-CBH-LG-FOAM,UK ILGTowel - Home,0,0,0,0,0,0,0,0,0,0,0,0,0,,,,,,,,,,,,,,,,,,,,,,,,,0,0,0,0,0,0,0,0,0,0,0,0,,,,,,,,,,,,
TOWLH-CBH-LG-NAVY,UK ILGTowel - Home,0,0,0,0,0,0,0,0,0,0,0,0,0,,,,,,,,,,,,,,,,,,,,,,,,,0,0,0,0,0,0,0,0,0,0,0,0,,,,,,,,,,,,
TOWLH-CBH-LG-PINK,UK ILGTowel - Home,0,0,0,0,0,0,0,0,0,0,0,0,0,,,,,,,,,,,,,,,,,,,,,,,,,0,0,0,0,0,0,0,0,0,0,0,0,,,,,,,,,,,,
TOWLH-CBH-SM-FOAM,UK ILGTowel - Home,1,9,18,0,0,0,0,0,0,0,0,0,0,,,,,,,,,,,,,,,,,,,,,,,,,,,,,,,,,,,,,,,,,,,,,,,,
TOWLH-CBH-SM-NAVY,UK ILGTowel - Home,0,0,0,0,0,0,0,0,0,0,0,0,0,,,,,,,,,,,,,,,,,,,,,,,,,,,,,,,,,,,,,,,,,,,,,,,,
TOWLH-CBH-SM-PINK,UK ILGTowel - Home,2,13,35,27,0,0,0,0,0,0,0,0,0,,,,,,,,,,,,,,,,,,,,,,,,,,,,,,,,,,,,,,,,,,,,,,,,
TOWLH-CBH-XL-CREAM,UK ILGTowel - Home,0,0,0,0,0,0,0,0,0,0,0,0,0,,,,,,,,,,,,,,,,,,,,,,,,,0,0,0,0,0,0,0,0,0,0,0,0,,,,,,,,,,,,
TOWLH-CBH-XL-FOAM,UK ILGTowel - Home,0,0,0,0,0,0,0,0,0,0,0,0,0,,,,,,,,,,,,,,,,,,,,,,,,,0,0,0,0,0,0,0,0,0,0,0,0,,,,,,,,,,,,
TOWLH-CBH-XL-NAVY,UK ILGTowel - Home,0,0,0,0,0,0,0,0,0,0,0,0,0,,,,,,,,,,,,,,,,,,,,,,,,,0,0,0,0,0,0,0,0,0,0,0,0,,,,,,,,,,,,
TOWLH-CBH-XL-PINK,UK ILGTowel - Home,0,0,0,0,0,0,0,0,0,0,0,0,0,,,,,,,,,,,,,,,,,,,,,,,,,0,0,0,0,0,0,0,0,0,0,0,0,,,,,,,,,,,,
TOWLH-CLA-LG-WHITE,UK ILGTowel - Home,0,0,0,0,0,0,0,0,0,0,0,0,0,,,,,,,,,,,,,,,,,,,,,,,,,0,0,0,0,0,0,0,0,0,0,0,0,,,,,,,,,,,,
TOWLH-CLA-SM-NAVY,UK ILGTowel - Home,0,0,0,0,0,0,0,0,0,0,0,0,0,,,,,,,,,,,,,,,,,,,,,,,,,0,0,0,0,0,0,0,0,0,0,0,0,,,,,,,,,,,,
TOWLH-CLA-SM-WHITE,UK ILGTowel - Home,0,0,0,0,0,0,0,0,0,0,0,0,0,,,,,,,,,,,,,,,,,,,,,,,,,1,3,2,2,3,5,4,2,1,1,1,2,,,,,,,,,,,,
TOWLH-CLA-XL-NAVY,UK ILGTowel - Home,0,0,0,0,0,0,0,0,0,0,0,0,0,,,,,,,,,,,,,,,,,,,,,,,,,0,0,0,0,0,0,0,0,0,0,0,0,,,,,,,,,,,,
TOWLH-CLA-XL-WHITE,UK ILGTowel - Home,0,0,0,0,0,0,0,0,0,0,0,0,0,,,,,,,,,,,,,,,,,,,,,,,,,0,0,0,0,0,0,0,0,0,0,0,0,,,,,,,,,,,,
TOWLH-CLB-LG-CHRYBMB,UK ILGTowel - Home,0,200,200,250,250,250,800,600,50,50,54,73,62,,20,40,120,,200,20,400,,560,,1140,-711,-756,-527,74,41,-13,-48,-154,-34,-187,-210,-413,23,23,15,15,8,60,53,1,5,5,7,23,0,0,0,3,12,24,0,3,0,6,1,68
TOWLH-CLB-LG-MIDNFIZ,UK ILGTowel - Home,0,0,0,0,66,48,206,206,45,25,20,25,32,,,,,,,,20,40,,,540,0,0,268,-396,187,162,130,127,127,87,77,-1,0,0,0,12,13,26,22,7,4,5,5,8,0,0,0,2,11,8,0,2,0,2,1,10
TOWLH-CLB-LG-PEPPNCH,UK ILGTowel - Home,0,56,112,112,94,77,355,236,134,62,47,66,80,,300,,220,,100,20,240,,260,,500,-401,-404,-90,73,-142,-294,-62,-208,12,-93,-102,-247,23,23,15,15,17,36,59,15,6,17,12,19,30,30,0,3,6,6,0,3,0,3,1,6
TOWLH-CLB-SM-CHRYBMB,UK ILGTowel - Home,0,12,24,24,100,100,150,100,50,50,50,14,32,,50,50,50,,100,,50,,100,,300,-72,-161,-217,-31,7,-49,-51,-70,-20,-61,22,-7,5,5,3,3,5,8,12,5,2,1,2,6,0,0,0,2,3,6,0,1,0,1,1,3
TOWLH-CLB-SM-MIDNFIZ,UK ILGTowel - Home,0,0,0,0,14,10,42,42,10,6,4,6,7,,,,,,,,,,,,100,0,0,258,118,109,104,96,94,94,85,83,67,0,0,0,2,4,6,5,2,1,1,1,2,0,0,0,1,2,2,0,1,0,1,1,2
TOWLH-CLB-SM-PEPPNCH,UK ILGTowel - Home,0,12,24,24,20,35,98,52,38,20,6,5,36,,50,,50,,50,,50,,50,,150,-72,-80,-25,20,12,-29,-3,-25,25,-20,13,-16,5,5,3,3,8,4,6,2,4,5,4,6,0,0,0,1,4,3,0,1,0,1,1,3
TOWLH-CLB-XL-CHRYBMB,UK ILGTowel - Home,0,46,90,200,200,500,500,234,50,50,22,30,38,,,,40,,80,40,200,40,380,180,740,-479,-575,-666,63,146,85,30,-36,4,-76,-115,-223,18,18,12,12,14,27,23,8,5,5,5,9,55,40,0,3,10,12,0,3,0,3,1,33
TOWLH-CLB-XL-MIDNFIZ,UK ILGTowel - Home,0,0,0,0,53,39,164,164,36,20,15,21,27,,,,,,,,,60,,,420,0,0,108,-426,163,144,117,114,114,80,71,8,0,0,0,10,11,22,18,6,4,4,4,7,0,0,0,2,9,7,0,2,0,2,1,9
TOWLH-CLB-XL-PEPPNCH,UK ILGTowel - Home,0,46,90,90,76,88,298,236,137,88,52,31,62,,300,,200,,80,20,280,,200,,460,-413,-401,-169,1,-123,-282,-80,-184,16,-71,-95,-283,18,18,12,12,14,52,48,19,10,6,8,15,40,100,0,3,4,8,0,3,0,6,1,10
TOWLH-DES-LG-BOHMDRM,UK ILGTowel - Home,0,0,0,0,94,68,294,294,64,36,28,36,46,,,,,,,,,100,240,200,120,0,-539,-609,-695,255,221,176,172,172,125,113,4,0,0,0,15,17,33,27,9,5,6,6,1,0,18,0,26,13,9,0,3,0,3,1,12
TOWLH-DES-LG-TIGPALM,UK ILGTowel - Home,0,39,78,78,66,48,173,0,0,0,0,0,0,,,,,,,,,,,,,-344,-308,-158,-109,184,82,0,0,0,0,0,0,18,18,12,12,0,0,0,0,0,0,0,0,80,50,0,3,54,18,0,12,0,6,1,10
TOWLH-DES-SM-BOHMDRM,UK ILGTowel - Home,0,0,0,0,20,14,60,60,14,8,6,8,10,,,,,,,,,,,,150,0,0,258,61,98,90,79,77,77,64,61,38,0,0,0,3,5,8,6,3,2,2,2,3,0,0,0,1,3,3,0,1,0,1,1,3
TOWLH-DES-SM-TIGPALM,UK ILGTowel - Home,0,8,17,17,14,24,44,26,0,0,0,0,0,,,,,,,,,,,,,,,,,,,,,,,,,4,4,2,3,0,0,0,0,0,0,0,0,0,0,0,3,36,2,0,1,0,1,1,2
TOWLH-DES-XL-BOHMDRM,UK ILGTowel - Home,0,0,0,0,76,56,234,234,52,28,22,30,38,,,,,,,,,,,,,,,,,,,,,,,,,0,0,0,12,14,27,23,8,5,5,5,9,0,0,0,31,10,8,0,3,0,3,1,10
TOWLH-DES-XL-TIGPALM,UK ILGTowel - Home,0,32,63,63,20,45,88,49,0,0,0,0,0,,,,,,,,,,,,,,,,,,,,,,,,,14,14,10,10,0,0,0,0,0,0,0,0,100,75,0,3,9,12,0,6,0,2,6,9
TOWLH-GEO-LG-PINK,UK ILGTowel - Home,0,0,0,0,0,0,0,0,0,0,0,0,0,,,,,,,,,,,,,,,,,,,,,,,,,0,0,0,0,0,0,0,0,0,0,0,0,,,,,,,,,,,,
TOWLH-GEO-XL-PARAD,UK ILGTowel - Home,0,0,0,0,0,0,0,0,0,0,0,0,0,,,,,,,,,,,,,,,,,,,,,,,,,0,0,0,0,0,0,0,0,0,0,0,0,,,,,,,,,,,,
TOWLH-GEO-XL-PINK,UK ILGTowel - Home,0,0,0,0,0,0,0,0,0,0,0,0,0,,,,,,,,,,,,,,,,,,,,,,,,,0,0,0,0,0,0,0,0,0,0,0,0,,,,,,,,,,,,
TOWLH-GEO-XL-SAGE,UK ILGTowel - Home,0,0,0,0,0,0,0,0,0,0,0,0,0,,,,,,,,,,,,,,,,,,,,,,,,,0,0,0,0,0,0,0,0,0,0,0,0,,,,,,,,,,,,
TOWLH-HID-LG-PINK,,,,,,,,,,,,,,,,,,,,,,,,,,,,,,,,,,,,,,,0,0,0,0,0,0,0,0,0,0,0,0,,,,,,,,,,,,
TOWLH-HID-XL-PINK,,,,,,,,,,,,,,,,,,,,,,,,,,,,,,,,,,,,,,,0,0,0,0,0,0,0,0,0,0,0,0,,,,,,,,,,,,
TOWLH-RET-LG-CONG,,,,,,,,,,,,,,,,,,,,,,,,,,,,,,,,,,,,,,,0,0,0,0,0,0,0,0,0,0,0,0,,,,,,,,,,,,
TOWLH-RET-SM-SAPO,UK ILGTowel - Home,0,0,0,0,0,0,0,0,0,0,0,0,0,,,,,,,,,,,,,,,,,,,,,,,,,,,,,,,,,,,,,,,,,,,,,,,,
TOWLH-RET-SM-SINH,UK ILGTowel - Home,2,8,8,20,0,0,0,0,0,0,0,0,0,,,,,,,,,,,,,,,,,,,,,,,,,,,,,,,,,,,,,,,,,,,,,,,,
WHOLESALE-BROCHURE-CA,,,,,,,,,,,,,,,,,,,,,,,,,,,,,,,,,,,,,,,,,,,,,,,,,,,0,0,0,0,0,0,0,0,0,0,0,0
WHOLESALE-BROCHURE-EU,,,,,,,,,,,,,,,,,,,,,,,,,,,,,,,,,,,,,,,,,,,,,,,,,,,0,0,0,0,0,0,0,0,0,0,0,0