EYEMASK-DES-FLIGHTS,60
TEATWL-MD-STRAWFZ,500
TEATWL-MD-VRYPEEL,200
TEATWL-MD-FEELVINE,200
TEATWL-MD-CCOOL,200
TEATWL-MD-GRTFROM,850
TEATWL-MD-GLDHOUR,100
DOGTWL-MD-PUPLAID,40
DOGTWL-DES-MD-DOGDIN,40
DOGTWL-MD-WHERWOOF,40
DOGTWL-DES-MD-DNBCLUB,80
DOGTWL-DES-MD-UNDWLK,80
DOGTWL-DES-LG-CHKMTT,90
DOGTWL-LG-WOOFWILD,30
DOGTWL-LG-BARKBLU,30
DOGTWL-DES-LG-GOLONG,90
DOGTWL-LG-SUNSPL,60
DOGTWL-DES-LG-DOGDIN,90
DOGTWL-DES-LG-DNBCLUB,150
DOGTWL-DES-LG-UNDWLK,90
DOGTWL-DES-LG-PNKPAWS,60
TOWLH-CBH-LG-NAVY,20
PONCHA-CAB-LG-NAVY,20
TOWLB-KID-MD-SQUIG,50
PONCHA-CAB-MD-NAVY-NS,40
PONCHA-CAB-MD-LTPNK-NS,20
PONCHA-DES-MD-CHECKMT,20
PONCHA-DES-MD-FRUTLPS,20
PONCHA-DES-MD-WTRSUG,20
PONCHA-DES-LG-GROOVCH,20
PONCHA-CAB-LG-LTPNK-NS,80
PONCHA-DES-LG-CHECKMT,20
PONCHA-SUM-LG-LAZRIV,20
PONCHA-SUM-LG-CSTCANDY,20
PONCHA-DES-LG-WTRSUG,80
PONCHA-CAB-XL-NAVY,20
PONCHK-SUM-SM-UNICN-NS,30
PONCHK-CAB-SM-BLUE-NS,150
PONCHK-CAB-SM-NAVY-NS,60
PONCHK-CAB-SM-LTPNK-NS,30
PONCHK-KID-SM-INTOWILD,30
PONCHK-KID-SM-TURTROP,210
PONCHK-KID-SM-BUBDRM,180
PONCHK-KID-SM-CAMOCUBE,120
PONCHK-KID-SM-KARMCHAM,150
PONCHK-CAB-MD-BLUE-NS,30
PONCHK-CAB-MD-NAVY-NS,60
PONCHK-CAB-MD-LTPNK-NS,30
PONCHK-KID-MD-TURTROP,300
PONCHK-KID-MD-BUBDRM,270
PONCHK-KID-MD-FLAM,30
PONCHK-KID-MD-CAMOCUBE,30
PONCHK-KID-MD-CAMO-NS,30
PONCHK-KID-MD-KARMCHAM,300
TOWLB-CAB-X2-NAVY,168
TOWLB-CAB-X2-LTPNK,70
TOWLB-KID-MD-SANDSTRT,300
TOWLB-KID-MD-TURTROP,300
TOWLB-KID-MD-BUILDBCH,550
TOWLB-KID-MD-POWPOS,50
TOWLB-KID-MD-KARMCHAM,350
TOWLB-KID-MD-DOODMOOD,100
TOWLB-KID-MD-POWER,100
TOWLB-KID-MD-FIVEDAY,50
TOWLB-KID-MD-INTOWILD,50
TOWLB-SUM-LG-ENDRVR,40
TOWLB-SUM-LG-SANDSEA,320
TOWLB-SUM-LG-RAINB-R,960
TOWLB-DES-LG-GROOVCH,80
TOWLB-DOB-LG-STONEWALL,40
TOWLB-DES-LG-CHECKMT,40
TOWLB-KID-LG-SANDSTRT,80
TOWLB-KID-LG-TURTROP,200
TOWLB-KID-LG-BUILDBCH,40
TOWLB-KID-LG-POWPOS,160
TOWLB-KID-LG-KARMCHAM,200
TOWLB-KID-LG-DOODMOOD,40
TOWLB-KID-LG-POWER,40
TOWLB-KID-LG-CAMO,40
TOWLB-KID-LG-CROC,80
TOWLB-KID-LG-FIVEDAY,40
TOWLB-KID-LG-INTOWILD,200
TOWLB-DES-LG-ALOHGLW,160
TOWLB-DES-LG-GTTLINES,40
TOWLB-DES-LG-TROPTRT,40
TOWLB-DES-LG-LEMWAV,80
TOWLB-DES-LG-VITSEA,160
TOWLB-DOB-LG-WILDTHG,40
TOWLB-DES-LG-PPVIBES,40
TOWLB-DES-LG-SUGPALM,120
TOWLB-DES-LG-SUNSPL,240
TOWLB-SUM-XL-SANDSEA,60
TOWLB-DES-XL-GROOVCH,240
TOWLB-DOB-XL-STONEWALL,60
TOWLB-DES-XL-CHECKMT,30
TOWLB-DES-XL-FRUTLPS,120
TOWLB-DES-XL-ALOHGLW,180
TOWLB-DES-XL-GTTLINES,30
TOWLB-DES-XL-LIFELEM,60
TOWLB-DES-XL-LEMWAV,30
TOWLB-DES-XL-VITSEA,60
TOWLB-DOB-XL-WILDTHG,30
TOWLB-DES-XL-PPVIBES,30
TOWLB-DES-XL-SUGPALM,30
TOWLB-DES-XL-SUNSPL,240
PICNIC-SUM-LG-UNICN,16
PICNIC-SUM-LG-SANDSEA,16
PICNIC-DES-XL-STRIPLIFE,12
HAIRW-SUE-OCETRES,120
HAIRW-SUM-UNICN-NB,360
HAIRW-CAB-LTBLU-NB,180
TOWLF-ESS-LG-PINK-R,40
TOWLF-ESS-LG-GREY-R,120
TOWLF-ESS-LG-BLUE-R,80
TOWLF-ESS-LG-GREEN-R,40
TOWLF-ESS-XL-PINK-R,30
TOWLF-ESS-XL-GREY-R,60
TOWLF-ESS-XL-BLUE-R,240
TOWLF-ESS-XL-LTPPL,90
TOWLB-SGW-LG-GETWAV,40
TOWLB-BOT-LG-BANA,40
TOWLB-BOT-LG-PARA,80