Preorder,Cin7_UPC,Master_UPC,Match,Master_maps_Cin7_UPC_to,Note
PREORDER-001,0080101176842,0080101176842,OK,"PREORDER-001",""
PREORDER-002,0080101176859,0080101176859,OK,"PREORDER-002",""
PREORDER-003,0080101176866,0080101176866,OK,"PREORDER-003",""
PREORDER-004,0080101176873,0080101176873,OK,"PREORDER-004",""
PREORDER-005,0080101176880,0080101176880,OK,"PREORDER-005",""
PREORDER-006,0080101176897,0080101176897,OK,"PREORDER-006",""
PREORDER-007,0080101176903,0080101176903,OK,"PREORDER-007",""
PREORDER-008,0080101176910,0080101176910,OK,"PREORDER-008",""
PREORDER-009,0080101176927,0080101176927,OK,"PREORDER-009",""
PREORDER-010,0080101176934,0080101176934,OK,"PREORDER-010",""
PREORDER-011,0080101176941,0080101176941,OK,"PREORDER-011",""
PREORDER-012,0080101176958,0080101176958,OK,"PREORDER-012",""
PREORDER-013,0080101177320,0080101177320,OK,"PREORDER-013",""
PREORDER-014,0080101177337,0080101177337,OK,"PREORDER-014",""
PREORDER-015,0080101177344,0080101177344,OK,"PREORDER-015",""
PREORDER-016,0080101177399,0080101177399,OK,"PREORDER-016",""
PREORDER-017,0080101177412,0080101177405,MISMATCH,"PREORDER-018","master gives PREORDER-017 a different UPC; your UPC is owned by PREORDER-018"
PREORDER-018,0080101177641,0080101177412,MISMATCH,"PREORDER-019","master gives PREORDER-018 a different UPC; your UPC is owned by PREORDER-019"
PREORDER-019,0080101177658,0080101177641,MISMATCH,"PREORDER-020","master gives PREORDER-019 a different UPC; your UPC is owned by PREORDER-020"
PREORDER-020,0080101177665,0080101177658,MISMATCH,"PREORDER-021","master gives PREORDER-020 a different UPC; your UPC is owned by PREORDER-021"
PREORDER-021,0080101177672,0080101177665,MISMATCH,"PREORDER-022","master gives PREORDER-021 a different UPC; your UPC is owned by PREORDER-022"
PREORDER-022,0080101177689,0080101177672,MISMATCH,"PREORDER-023","master gives PREORDER-022 a different UPC; your UPC is owned by PREORDER-023"
PREORDER-023,0080101177696,0080101177689,MISMATCH,"PREORDER-024","master gives PREORDER-023 a different UPC; your UPC is owned by PREORDER-024"
PREORDER-024,0080101177702,0080101177696,MISMATCH,"PREORDER-025","master gives PREORDER-024 a different UPC; your UPC is owned by PREORDER-025"
PREORDER-025,0080101177719,0080101177702,MISMATCH,"PREORDER-026","master gives PREORDER-025 a different UPC; your UPC is owned by PREORDER-026"
PREORDER-026,0080101177726,0080101177719,MISMATCH,"PREORDER-027","master gives PREORDER-026 a different UPC; your UPC is owned by PREORDER-027"
PREORDER-027,0080101177733,0080101177726,MISMATCH,"PREORDER-028","master gives PREORDER-027 a different UPC; your UPC is owned by PREORDER-028"
PREORDER-028,0080101177740,0080101177733,MISMATCH,"PREORDER-029","master gives PREORDER-028 a different UPC; your UPC is owned by PREORDER-029"
PREORDER-029,0080101177740,0080101177740,OK,"PREORDER-029",""
PREORDER-030,0080101177757,0080101177757,OK,"PREORDER-030",""
PREORDER-031,0080101177764,0080101177764,OK,"PREORDER-031",""
PREORDER-032,0080101177771,0080101177771,OK,"PREORDER-032",""
PREORDER-033,0080101177832,0080101177832,OK,"PREORDER-033",""
PREORDER-034,0080101177849,0080101177849,OK,"PREORDER-034",""
PREORDER-035,0080101177856,0080101177856,OK,"PREORDER-035",""
PREORDER-036,0080101177863,0080101177863,OK,"PREORDER-036",""
PREORDER-037,0080101177870,0080101177870,OK,"PREORDER-037",""
PREORDER-038,0080101177887,0080101177887,OK,"PREORDER-038",""
PREORDER-039,0080101177894,0080101177894,OK,"PREORDER-039",""
PREORDER-040,0080101177900,0080101177900,OK,"PREORDER-040",""
PREORDER-041,0080101177917,0080101177917,OK,"PREORDER-041",""
PREORDER-042,0080101177924,0080101177924,OK,"PREORDER-042",""
PREORDER-043,0080101177931,0080101177931,OK,"PREORDER-043",""
PREORDER-044,0080101177948,0080101177948,OK,"PREORDER-044",""
PREORDER-045,0080101177955,0080101177955,OK,"PREORDER-045",""
PREORDER-046,0080101177962,0080101177962,OK,"PREORDER-046",""
PREORDER-047,0080101177979,0080101177979,OK,"PREORDER-047",""
PREORDER-048,0080101177986,0080101177986,OK,"PREORDER-048",""
PREORDER-049,0080101177993,0080101177993,OK,"PREORDER-049",""
PREORDER-050,0080101178006,0080101178006,OK,"PREORDER-050",""
PREORDER-051,0080101178013,0080101178013,OK,"PREORDER-051",""
PREORDER-052,0080101178020,0080101178020,OK,"PREORDER-052",""
PREORDER-053,0080101178037,0080101178037,OK,"PREORDER-053",""
PREORDER-054,0080101178044,0080101178044,OK,"PREORDER-054",""
PREORDER-055,0080101178051,0080101178051,OK,"PREORDER-055",""
PREORDER-056,0080101178068,0080101178068,OK,"PREORDER-056",""
PREORDER-057,0080101178075,0080101178075,OK,"PREORDER-057",""
PREORDER-058,0080101178082,0080101178082,OK,"PREORDER-058",""
PREORDER-059,0080101178099,0080101178099,OK,"PREORDER-059",""
PREORDER-060,0080101178105,0080101178105,OK,"PREORDER-060",""
PREORDER-061,0080101178112,0080101178112,OK,"PREORDER-061",""
PREORDER-062,0080101178129,0080101178129,OK,"PREORDER-062",""
PREORDER-063,0080101178136,0080101178136,OK,"PREORDER-063",""
PREORDER-064,0080101178143,0080101178143,OK,"PREORDER-064",""
PREORDER-065,0080101178150,0080101178150,OK,"PREORDER-065",""
PREORDER-066,0080101178167,0080101178167,OK,"PREORDER-066",""
PREORDER-067,0080101178174,0080101178174,OK,"PREORDER-067",""
PREORDER-068,0080101178181,0080101178181,OK,"PREORDER-068",""
PREORDER-069,0080101178198,0080101178198,OK,"PREORDER-069",""
PREORDER-070,0080101178204,0080101178204,OK,"PREORDER-070",""
PREORDER-071,0080101178211,0080101178211,OK,"PREORDER-071",""
PREORDER-072,0080101178228,0080101178228,OK,"PREORDER-072",""
PREORDER-073,0080101178235,0080101178235,OK,"PREORDER-073",""
PREORDER-074,0080101178242,0080101178242,OK,"PREORDER-074",""
PREORDER-075,0080101178259,0080101178259,OK,"PREORDER-075",""
PREORDER-076,0080101178266,0080101178266,OK,"PREORDER-076",""
PREORDER-077,0080101178273,0080101178273,OK,"PREORDER-077",""
PREORDER-078,0080101178280,0080101178280,OK,"PREORDER-078",""
PREORDER-079,0080101178297,0080101178297,OK,"PREORDER-079",""
PREORDER-080,0080101178303,0080101178303,OK,"PREORDER-080",""
PREORDER-081,0080101178310,0080101178310,OK,"PREORDER-081",""
PREORDER-082,0080101178327,0080101178327,OK,"PREORDER-082",""
PREORDER-083,0080101178334,0080101178334,OK,"PREORDER-083",""
PREORDER-084,0080101178341,0080101178341,OK,"PREORDER-084",""
PREORDER-085,0080101178358,0080101178358,OK,"PREORDER-085",""
PREORDER-086,0080101178365,0080101178365,OK,"PREORDER-086",""
PREORDER-087,0080101178372,0080101178372,OK,"PREORDER-087",""
PREORDER-088,0080101178389,0080101178389,OK,"PREORDER-088",""
PREORDER-089,0080101178396,0080101178396,OK,"PREORDER-089",""
PREORDER-090,0080101178402,0080101178402,OK,"PREORDER-090",""
PREORDER-091,0080101178419,0080101178419,OK,"PREORDER-091",""
PREORDER-092,0080101178426,0080101178426,OK,"PREORDER-092",""
PREORDER-093,0080101178433,0080101178433,OK,"PREORDER-093",""
PREORDER-094,0080101178440,0080101178440,OK,"PREORDER-094",""
PREORDER-095,0080101178457,0080101178457,OK,"PREORDER-095",""
PREORDER-096,0080101178464,0080101178464,OK,"PREORDER-096",""
PREORDER-097,0080101178471,0080101178471,OK,"PREORDER-097",""
PREORDER-098,0080101178488,0080101178488,OK,"PREORDER-098",""
PREORDER-099,0080101178495,0080101178495,OK,"PREORDER-099",""
