Preorder,UPC
PREORDER-001,0080101176842
PREORDER-002,0080101176859
PREORDER-003,0080101176866
PREORDER-004,0080101176873
PREORDER-005,0080101176880
PREORDER-006,0080101176897
PREORDER-007,0080101176903
PREORDER-008,0080101176910
PREORDER-009,0080101176927
PREORDER-010,0080101176934
PREORDER-011,0080101176941
PREORDER-012,0080101176958
PREORDER-013,0080101177320
PREORDER-014,0080101177337
PREORDER-015,0080101177344
PREORDER-016,0080101177399
PREORDER-017,0080101177412
PREORDER-018,0080101177641
PREORDER-019,0080101177658
PREORDER-020,0080101177665
PREORDER-021,0080101177672
PREORDER-022,0080101177689
PREORDER-023,0080101177696
PREORDER-024,0080101177702
PREORDER-025,0080101177719
PREORDER-026,0080101177726
PREORDER-027,0080101177733
PREORDER-028,0080101177740
PREORDER-029,0080101177740
PREORDER-030,0080101177757
PREORDER-031,0080101177764
PREORDER-032,0080101177771
PREORDER-033,0080101177832
PREORDER-034,0080101177849
PREORDER-035,0080101177856
PREORDER-036,0080101177863
PREORDER-037,0080101177870
PREORDER-038,0080101177887
PREORDER-039,0080101177894
PREORDER-040,0080101177900
PREORDER-041,0080101177917
PREORDER-042,0080101177924
PREORDER-043,0080101177931
PREORDER-044,0080101177948
PREORDER-045,0080101177955
PREORDER-046,0080101177962
PREORDER-047,0080101177979
PREORDER-048,0080101177986
PREORDER-049,0080101177993
PREORDER-050,0080101178006
PREORDER-051,0080101178013
PREORDER-052,0080101178020
PREORDER-053,0080101178037
PREORDER-054,0080101178044
PREORDER-055,0080101178051
PREORDER-056,0080101178068
PREORDER-057,0080101178075
PREORDER-058,0080101178082
PREORDER-059,0080101178099
PREORDER-060,0080101178105
PREORDER-061,0080101178112
PREORDER-062,0080101178129
PREORDER-063,0080101178136
PREORDER-064,0080101178143
PREORDER-065,0080101178150
PREORDER-066,0080101178167
PREORDER-067,0080101178174
PREORDER-068,0080101178181
PREORDER-069,0080101178198
PREORDER-070,0080101178204
PREORDER-071,0080101178211
PREORDER-072,0080101178228
PREORDER-073,0080101178235
PREORDER-074,0080101178242
PREORDER-075,0080101178259
PREORDER-076,0080101178266
PREORDER-077,0080101178273
PREORDER-078,0080101178280
PREORDER-079,0080101178297
PREORDER-080,0080101178303
PREORDER-081,0080101178310
PREORDER-082,0080101178327
PREORDER-083,0080101178334
PREORDER-084,0080101178341
PREORDER-085,0080101178358
PREORDER-086,0080101178365
PREORDER-087,0080101178372
PREORDER-088,0080101178389
PREORDER-089,0080101178396
PREORDER-090,0080101178402
PREORDER-091,0080101178419
PREORDER-092,0080101178426
PREORDER-093,0080101178433
PREORDER-094,0080101178440
PREORDER-095,0080101178457
PREORDER-096,0080101178464
PREORDER-097,0080101178471
PREORDER-098,0080101178488
PREORDER-099,0080101178495
